序号,列名,dtype,含义,单位
1,日期,object,日期（合并单元格，需 ffill）,-
2,预报时刻,object,预报发布时刻,-
3,预报1小时,float64,发布时刻后第 1 个整点小时的预测出力,kW
4,预报2小时,float64,发布时刻后第 2 个整点小时的预测出力,kW
5,预报3小时,float64,发布时刻后第 3 个整点小时的预测出力,kW
6,预报4小时,float64,发布时刻后第 4 个整点小时的预测出力,kW
7,预报5小时,float64,发布时刻后第 5 个整点小时的预测出力,kW
8,预报6小时,float64,发布时刻后第 6 个整点小时的预测出力,kW
9,预报7小时,float64,发布时刻后第 7 个整点小时的预测出力,kW
10,预报8小时,float64,发布时刻后第 8 个整点小时的预测出力,kW
11,预报9小时,float64,发布时刻后第 9 个整点小时的预测出力,kW
12,预报10小时,float64,发布时刻后第 10 个整点小时的预测出力,kW
13,预报11小时,float64,发布时刻后第 11 个整点小时的预测出力,kW
14,预报12小时,float64,发布时刻后第 12 个整点小时的预测出力,kW
15,预报13小时,float64,发布时刻后第 13 个整点小时的预测出力,kW
16,预报14小时,float64,发布时刻后第 14 个整点小时的预测出力,kW
17,预报15小时,float64,发布时刻后第 15 个整点小时的预测出力,kW
18,预报16小时,float64,发布时刻后第 16 个整点小时的预测出力,kW
19,预报17小时,float64,发布时刻后第 17 个整点小时的预测出力,kW
20,预报18小时,float64,发布时刻后第 18 个整点小时的预测出力,kW
21,预报19小时,float64,发布时刻后第 19 个整点小时的预测出力,kW
22,预报20小时,float64,发布时刻后第 20 个整点小时的预测出力,kW
23,预报21小时,float64,发布时刻后第 21 个整点小时的预测出力,kW
24,预报22小时,float64,发布时刻后第 22 个整点小时的预测出力,kW
25,预报23小时,float64,发布时刻后第 23 个整点小时的预测出力,kW
26,预报24小时,float64,发布时刻后第 24 个整点小时的预测出力,kW
