日期,库存链序,时刻起,时刻止,库存_42,保留水平_42,库存_43,保留水平_43
2025-12-21,0,00:00,00:00,9887.131316,,9190.328813,
2025-12-21,1,00:10,00:10,10380.265245,,9893.862362,
2025-12-21,2,00:20,00:20,10402.123751,,10227.458535,
2025-12-21,3,00:30,00:30,10437.020596,,10272.598386,
2025-12-21,4,00:40,00:40,10488.316210,,10336.362637,
2025-12-21,5,00:50,00:50,10561.711253,,10426.837626,
2025-12-21,6,01:00,01:00,10618.701546,9630.000000,10516.167103,
2025-12-21,7,01:10,01:10,10617.256813,9810.000000,10540.739583,
2025-12-21,8,01:20,01:20,10613.521400,,10547.364297,
2025-12-21,9,01:30,01:30,10644.365828,,10586.870167,
2025-12-21,10,01:40,01:40,10653.608184,,10636.179895,
2025-12-21,11,01:50,01:50,10684.864626,,10684.572678,
2025-12-21,12,02:00,02:00,10772.429913,,10762.603623,
2025-12-21,13,02:10,02:10,10800.000000,,10800.000000,9492.000000
2025-12-21,14,02:20,02:20,10800.000000,,10785.532162,
2025-12-21,15,02:30,02:30,10800.000000,9918.000000,10788.672714,
2025-12-21,16,02:40,02:40,10786.416297,,10800.000000,
2025-12-21,17,02:50,02:50,10800.000000,,10800.000000,
2025-12-21,18,03:00,03:00,10800.000000,9606.000000,10800.000000,
2025-12-21,19,03:10,03:10,10797.608272,9666.000000,10800.000000,
2025-12-21,20,03:20,03:20,10763.333329,,10800.000000,
2025-12-21,21,03:30,03:30,10800.000000,9678.000000,10800.000000,9480.000000
2025-12-21,22,03:40,03:40,10776.624041,9792.000000,10774.589459,9516.000000
2025-12-21,23,03:50,03:50,10727.153347,,10708.978268,
2025-12-21,24,04:00,04:00,10732.302806,,10730.866289,
2025-12-21,25,04:10,04:10,10769.120788,,10772.337725,
2025-12-21,26,04:20,04:20,10788.151478,,10800.000000,
2025-12-21,27,04:30,04:30,10800.000000,,10800.000000,
2025-12-21,28,04:40,04:40,10800.000000,,10800.000000,
2025-12-21,29,04:50,04:50,10800.000000,,10800.000000,
2025-12-21,30,05:00,05:00,10800.000000,,10800.000000,
2025-12-21,31,05:10,05:10,10800.000000,,10800.000000,
2025-12-21,32,05:20,05:20,10800.000000,,10800.000000,
2025-12-21,33,05:30,05:30,10800.000000,,10800.000000,
2025-12-21,34,05:40,05:40,10800.000000,,10800.000000,
2025-12-21,35,05:50,05:50,10800.000000,8550.000000,10800.000000,6204.000000
2025-12-21,36,06:00,06:00,10757.940261,,10797.094493,8562.000000
2025-12-21,37,06:10,06:10,10770.324323,,10790.575219,8814.000000
2025-12-21,38,06:20,06:20,10793.552181,8574.000000,10773.336497,8808.000000
2025-12-21,39,06:30,06:30,10787.328698,,10742.092971,
2025-12-21,40,06:40,06:40,10800.000000,,10749.459054,
2025-12-21,41,06:50,06:50,10800.000000,,10761.989267,
2025-12-21,42,07:00,07:00,10800.000000,,10774.171582,8850.000000
2025-12-21,43,07:10,07:10,10800.000000,,10677.295829,8904.000000
2025-12-21,44,07:20,07:20,10800.000000,,10662.040847,
2025-12-21,45,07:30,07:30,10800.000000,,10665.185288,
2025-12-21,46,07:40,07:40,10800.000000,,10739.040030,
2025-12-21,47,07:50,07:50,10800.000000,3282.000000,10794.143869,1200.000000
2025-12-21,48,08:00,08:00,9988.034371,2076.000000,10057.452382,1200.000000
2025-12-21,49,08:10,08:10,9190.620159,2814.000000,9131.526456,1200.000000
2025-12-21,50,08:20,08:20,8423.365780,3030.000000,8216.475548,1200.000000
2025-12-21,51,08:30,08:30,7627.290783,3204.000000,7338.544622,1200.000000
2025-12-21,52,08:40,08:40,6874.761540,2856.000000,6539.914013,1200.000000
2025-12-21,53,08:50,08:50,6119.121392,2484.000000,5784.273865,1200.000000
2025-12-21,54,09:00,09:00,5394.295003,,5067.768438,1884.000000
2025-12-21,55,09:10,09:10,5428.123680,,4907.416773,2520.000000
2025-12-21,56,09:20,09:20,5464.977084,2604.000000,4816.531536,2628.000000
2025-12-21,57,09:30,09:30,5439.864795,,4692.070645,2664.000000
2025-12-21,58,09:40,09:40,5458.762808,2622.000000,4621.619711,2130.000000
2025-12-21,59,09:50,09:50,5416.629432,2154.000000,4617.699575,1200.000000
2025-12-21,60,10:00,10:00,5016.288228,1572.000000,4217.358372,1200.000000
2025-12-21,61,10:10,10:10,4648.295321,1572.000000,3849.365464,1200.000000
2025-12-21,62,10:20,10:20,4285.969284,1398.000000,3487.039427,1200.000000
2025-12-21,63,10:30,10:30,3917.319747,1200.000000,3118.389890,1200.000000
2025-12-21,64,10:40,10:40,3529.453636,1200.000000,2730.523779,
2025-12-21,65,10:50,10:50,3399.374347,,2784.874118,
2025-12-21,66,11:00,11:00,3995.356333,,2969.885770,
2025-12-21,67,11:10,11:10,4566.164128,,3109.309257,
2025-12-21,68,11:20,11:20,4694.287433,,3595.689655,
2025-12-21,69,11:30,11:30,5314.581417,,4162.460232,
2025-12-21,70,11:40,11:40,5982.882318,,4791.450564,
2025-12-21,71,11:50,11:50,6690.957601,,5446.295439,
2025-12-21,72,12:00,12:00,7365.830572,,6125.287691,
2025-12-21,73,12:10,12:10,8063.985456,,6875.287691,
2025-12-21,74,12:20,12:20,8794.602162,,7625.287691,
2025-12-21,75,12:30,12:30,9530.870984,,8375.287691,
2025-12-21,76,12:40,12:40,10265.472116,,9125.287691,
2025-12-21,77,12:50,12:50,10800.000000,8520.000000,9856.196174,8484.000000
2025-12-21,78,13:00,13:00,10703.474411,8490.000000,9787.095783,
2025-12-21,79,13:10,13:10,10610.036429,,9827.953153,
2025-12-21,80,13:20,13:20,10631.850009,,9906.529326,
2025-12-21,81,13:30,13:30,10705.353805,,9996.630442,
2025-12-21,82,13:40,13:40,10797.764508,,10101.975840,8472.000000
2025-12-21,83,13:50,13:50,10799.106303,8010.000000,10074.864260,4440.000000
2025-12-21,84,14:00,14:00,10463.680840,7326.000000,9739.438797,1200.000000
2025-12-21,85,14:10,14:10,10136.017970,7170.000000,9411.775927,3954.000000
2025-12-21,86,14:20,14:20,9783.000470,6660.000000,9058.758427,1776.000000
2025-12-21,87,14:30,14:30,9356.114822,5838.000000,8631.872778,1200.000000
2025-12-21,88,14:40,14:40,8877.910007,5784.000000,8153.667964,5676.000000
2025-12-21,89,14:50,14:50,8332.318063,,7608.076019,
2025-12-21,90,15:00,15:00,8998.318384,,8268.573953,
2025-12-21,91,15:10,15:10,9720.765880,,9018.573953,
2025-12-21,92,15:20,15:20,10409.614639,,9768.573953,
2025-12-21,93,15:30,15:30,10800.000000,,10486.137954,
2025-12-21,94,15:40,15:40,10800.000000,,10800.000000,9624.000000
2025-12-21,95,15:50,15:50,10800.000000,,10797.879123,9630.000000
2025-12-21,96,16:00,16:00,10800.000000,,10736.021146,
2025-12-21,97,16:10,16:10,10800.000000,,10800.000000,
2025-12-21,98,16:20,16:20,10800.000000,,10800.000000,
2025-12-21,99,16:30,16:30,10800.000000,,10800.000000,
2025-12-21,100,16:40,16:40,10800.000000,,10800.000000,9540.000000
2025-12-21,101,16:50,16:50,10800.000000,,10745.021001,9582.000000
2025-12-21,102,17:00,17:00,10800.000000,,10646.595711,
2025-12-21,103,17:10,17:10,10800.000000,,10681.436409,
2025-12-21,104,17:20,17:20,10800.000000,9888.000000,10697.759054,9582.000000
2025-12-21,105,17:30,17:30,10789.723458,,10687.397719,
2025-12-21,106,17:40,17:40,10800.000000,,10739.251493,
2025-12-21,107,17:50,17:50,10800.000000,9786.000000,10781.881384,9600.000000
2025-12-21,108,18:00,18:00,10796.305348,9726.000000,10779.160183,9972.000000
2025-12-21,109,18:10,18:10,10784.572196,9726.000000,10752.125346,9954.000000
2025-12-21,110,18:20,18:20,10779.975161,9786.000000,10719.959194,10026.000000
2025-12-21,111,18:30,18:30,10777.148688,9810.000000,10699.709559,10038.000000
2025-12-21,112,18:40,18:40,10766.245971,9738.000000,10679.662907,9738.000000
2025-12-21,113,18:50,18:50,10727.438917,8346.000000,10388.701066,1200.000000
2025-12-21,114,19:00,19:00,9895.816695,4236.000000,9557.078844,1200.000000
2025-12-21,115,19:10,19:10,9093.057547,6798.000000,8754.319696,1200.000000
2025-12-21,116,19:20,19:20,8286.206973,6504.000000,7947.469122,1200.000000
2025-12-21,117,19:30,19:30,7459.060676,5724.000000,7120.322825,1986.000000
2025-12-21,118,19:40,19:40,6662.473232,5016.000000,6323.735381,1200.000000
2025-12-21,119,19:50,19:50,5940.604332,3684.000000,5509.158159,1200.000000
2025-12-21,120,20:00,20:00,5073.639517,3504.000000,4642.193344,1200.000000
2025-12-21,121,20:10,20:10,4242.988517,2760.000000,3811.542344,1974.000000
2025-12-21,122,20:20,20:20,3473.191739,1980.000000,3041.745566,1200.000000
2025-12-21,123,20:30,20:30,2715.689887,1200.000000,2284.243714,1200.000000
2025-12-21,124,20:40,20:40,1915.277554,1200.000000,1483.831381,
2025-12-21,125,20:50,20:50,1899.565620,,1500.103777,
2025-12-21,126,21:00,21:00,1955.487281,,1584.941191,
2025-12-21,127,21:10,21:10,2011.052050,,1626.758042,
2025-12-21,128,21:20,21:20,2042.901622,,1636.656062,
2025-12-21,129,21:30,21:30,2049.331539,,1643.085979,1200.000000
2025-12-21,130,21:40,21:40,2052.460109,,1624.197902,
2025-12-21,131,21:50,21:50,2059.542571,,1628.855508,
2025-12-21,132,22:00,22:00,2771.390873,,2340.703810,
2025-12-21,133,22:10,22:10,3518.670122,,3087.983060,
2025-12-21,134,22:20,22:20,4266.469296,,3835.782233,
2025-12-21,135,22:30,22:30,4989.532965,,4558.845902,
2025-12-21,136,22:40,22:40,5739.532965,,5308.845902,
2025-12-21,137,22:50,22:50,6473.295561,,6042.608498,
2025-12-21,138,23:00,23:00,7171.615662,,6740.928600,
2025-12-21,139,23:10,23:10,7888.356198,,7457.669135,
2025-12-21,140,23:20,23:20,8636.422523,,8205.735461,
2025-12-21,141,23:30,23:30,9373.205806,,8942.518743,
2025-12-21,142,23:40,23:40,9419.592848,,8988.905785,
2025-12-21,143,23:50,23:50,9966.479237,,9529.074033,
2025-12-21,144,00:00,00:00,10505.788868,,10068.383665,
