日期,时段序,时刻起,时刻止,价格_实际,预测_0时,预测_6时,预测_12时,预测_18时
2025-03-20,1,00:00,00:10,0.448700,0.406310,,,
2025-03-20,2,00:10,00:20,0.437300,0.403706,,,
2025-03-20,3,00:20,00:30,0.431100,0.404287,,,
2025-03-20,4,00:30,00:40,0.434400,0.412993,,,
2025-03-20,5,00:40,00:50,0.423800,0.412039,,,
2025-03-20,6,00:50,01:00,0.429600,0.405242,,,
2025-03-20,7,01:00,01:10,0.498900,0.412655,,,
2025-03-20,8,01:10,01:20,0.508300,0.412101,,,
2025-03-20,9,01:20,01:30,0.446800,0.407193,,,
2025-03-20,10,01:30,01:40,0.428400,0.423654,,,
2025-03-20,11,01:40,01:50,0.443600,0.430746,,,
2025-03-20,12,01:50,02:00,0.454000,0.419708,,,
2025-03-20,13,02:00,02:10,0.440400,0.414278,,,
2025-03-20,14,02:10,02:20,0.440500,0.421933,,,
2025-03-20,15,02:20,02:30,0.454500,0.431517,,,
2025-03-20,16,02:30,02:40,0.438900,0.426739,,,
2025-03-20,17,02:40,02:50,0.386800,0.426790,,,
2025-03-20,18,02:50,03:00,0.363400,0.432858,,,
2025-03-20,19,03:00,03:10,0.441600,0.428126,,,
2025-03-20,20,03:10,03:20,0.483900,0.430016,,,
2025-03-20,21,03:20,03:30,0.457400,0.437147,,,
2025-03-20,22,03:30,03:40,0.457500,0.430173,,,
2025-03-20,23,03:40,03:50,0.462900,0.427681,,,
2025-03-20,24,03:50,04:00,0.442600,0.437562,,,
2025-03-20,25,04:00,04:10,0.402300,0.446906,,,
2025-03-20,26,04:10,04:20,0.407500,0.442408,,,
2025-03-20,27,04:20,04:30,0.452000,0.433613,,,
2025-03-20,28,04:30,04:40,0.464600,0.442499,,,
2025-03-20,29,04:40,04:50,0.456100,0.450428,,,
2025-03-20,30,04:50,05:00,0.437900,0.445294,,,
2025-03-20,31,05:00,05:10,0.417700,0.436648,,,
2025-03-20,32,05:10,05:20,0.464000,0.450303,,,
2025-03-20,33,05:20,05:30,0.480200,0.445127,,,
2025-03-20,34,05:30,05:40,0.352000,0.396522,,,
2025-03-20,35,05:40,05:50,0.579400,0.606289,,,
2025-03-20,36,05:50,06:00,1.018500,0.953520,,,
2025-03-20,37,06:00,06:10,0.995000,0.986173,1.040074,,
2025-03-20,38,06:10,06:20,0.893200,0.935822,0.980461,,
2025-03-20,39,06:20,06:30,0.928100,0.946141,0.983229,,
2025-03-20,40,06:30,06:40,0.923100,0.926037,0.956852,,
2025-03-20,41,06:40,06:50,0.902000,0.901387,0.927018,,
2025-03-20,42,06:50,07:00,0.870700,0.887662,0.909030,,
2025-03-20,43,07:00,07:10,0.799200,0.866530,0.884367,,
2025-03-20,44,07:10,07:20,0.795700,0.852094,0.867024,,
2025-03-20,45,07:20,07:30,0.804600,0.810375,0.822860,,
2025-03-20,46,07:30,07:40,0.700100,0.731231,0.741627,,
2025-03-20,47,07:40,07:50,0.846700,0.905303,0.914368,,
2025-03-20,48,07:50,08:00,1.178800,1.215616,1.223857,,
2025-03-20,49,08:00,08:10,1.235600,1.224974,1.232132,,
2025-03-20,50,08:10,08:20,1.187600,1.139284,1.145396,,
2025-03-20,51,08:20,08:30,1.156900,1.113925,1.119249,,
2025-03-20,52,08:30,08:40,1.086900,1.098635,1.103319,,
2025-03-20,53,08:40,08:50,1.052700,1.086925,1.091083,,
2025-03-20,54,08:50,09:00,1.068000,1.076988,1.080711,,
2025-03-20,55,09:00,09:10,1.067200,1.060171,1.063521,,
2025-03-20,56,09:10,09:20,1.056300,1.034367,1.037391,,
2025-03-20,57,09:20,09:30,1.034400,1.005635,1.008378,,
2025-03-20,58,09:30,09:40,0.993700,0.983856,0.986370,,
2025-03-20,59,09:40,09:50,0.997100,0.968177,0.970506,,
2025-03-20,60,09:50,10:00,1.013100,0.957407,0.959587,,
2025-03-20,61,10:00,10:10,0.948000,0.947952,0.950008,,
2025-03-20,62,10:10,10:20,0.905800,0.919405,0.921325,,
2025-03-20,63,10:20,10:30,0.927900,0.905873,0.907698,,
2025-03-20,64,10:30,10:40,0.927000,0.933900,0.935710,,
2025-03-20,65,10:40,10:50,0.762800,0.780582,0.782091,,
2025-03-20,66,10:50,11:00,0.544000,0.524899,0.525950,,
2025-03-20,67,11:00,11:10,0.534600,0.488644,0.489602,,
2025-03-20,68,11:10,11:20,0.587200,0.513734,0.514705,,
2025-03-20,69,11:20,11:30,0.577000,0.496839,0.497759,,
2025-03-20,70,11:30,11:40,0.524100,0.494088,0.494984,,
2025-03-20,71,11:40,11:50,0.511100,0.486417,0.487285,,
2025-03-20,72,11:50,12:00,0.515800,0.466458,0.467281,,
2025-03-20,73,12:00,12:10,0.451900,0.455953,0.456748,0.497312,
2025-03-20,74,12:10,12:20,0.443500,0.461677,0.462472,0.496592,
2025-03-20,75,12:20,12:30,0.491500,0.454479,0.455255,0.483967,
2025-03-20,76,12:30,12:40,0.497200,0.429018,0.429747,0.453847,
2025-03-20,77,12:40,12:50,0.660400,0.587249,0.588231,0.609941,
2025-03-20,78,12:50,13:00,0.900100,0.842706,0.844101,0.864826,
2025-03-20,79,13:00,13:10,0.912500,0.884989,0.886449,0.905036,
2025-03-20,80,13:10,13:20,0.919000,0.863250,0.864672,0.881049,
2025-03-20,81,13:20,13:30,0.981700,0.881250,0.882700,0.897538,
2025-03-20,82,13:30,13:40,0.936100,0.891586,0.893051,0.906585,
2025-03-20,83,13:40,13:50,0.882900,0.898561,0.900036,0.912483,
2025-03-20,84,13:50,14:00,0.892400,0.913009,0.914505,0.926124,
2025-03-20,85,14:00,14:10,0.935100,0.932676,0.934204,0.945202,
2025-03-20,86,14:10,14:20,0.981700,0.937583,0.939117,0.949514,
2025-03-20,87,14:20,14:30,1.026700,0.958378,0.959946,0.969979,
2025-03-20,88,14:30,14:40,1.054700,1.017804,1.019469,1.029535,
2025-03-20,89,14:40,14:50,0.926700,0.902134,0.903609,0.912405,
2025-03-20,90,14:50,15:00,0.713700,0.684338,0.685457,0.692240,
2025-03-20,91,15:00,15:10,0.652500,0.670436,0.671533,0.677962,
2025-03-20,92,15:10,15:20,0.679900,0.720227,0.721404,0.728025,
2025-03-20,93,15:20,15:30,0.730100,0.735804,0.737006,0.743584,
2025-03-20,94,15:30,15:40,0.805000,0.762686,0.763932,0.770586,
2025-03-20,95,15:40,15:50,0.878800,0.789484,0.790774,0.797526,
2025-03-20,96,15:50,16:00,0.908900,0.808726,0.810047,0.816858,
2025-03-20,97,16:00,16:10,0.876700,0.830623,0.831980,0.838886,
2025-03-20,98,16:10,16:20,0.888800,0.856461,0.857860,0.864907,
2025-03-20,99,16:20,16:30,0.944100,0.885257,0.886703,0.893925,
2025-03-20,100,16:30,16:40,0.946000,0.913606,0.915098,0.922500,
2025-03-20,101,16:40,16:50,0.967700,0.929068,0.930585,0.938074,
2025-03-20,102,16:50,17:00,1.013900,0.937660,0.939191,0.946719,
2025-03-20,103,17:00,17:10,1.015200,0.960553,0.962121,0.969805,
2025-03-20,104,17:10,17:20,1.048700,0.995694,0.997320,1.005261,
2025-03-20,105,17:20,17:30,1.087900,1.011320,1.012971,1.021019,
2025-03-20,106,17:30,17:40,1.039100,0.994676,0.996300,1.004203,
2025-03-20,107,17:40,17:50,1.093200,1.093114,1.094899,1.103567,
2025-03-20,108,17:50,18:00,1.248800,1.253518,1.255564,1.265488,
2025-03-20,109,18:00,18:10,1.299300,1.265909,1.267976,1.277990,1.266516
2025-03-20,110,18:10,18:20,1.276100,1.250338,1.252379,1.262264,1.254835
2025-03-20,111,18:20,18:30,1.256700,1.269727,1.271800,1.281832,1.278055
2025-03-20,112,18:30,18:40,1.277300,1.265754,1.267820,1.277817,1.276854
2025-03-20,113,18:40,18:50,1.281300,1.261997,1.264057,1.274021,1.275373
2025-03-20,114,18:50,19:00,1.269300,1.266578,1.268646,1.278643,1.281980
2025-03-20,115,19:00,19:10,1.289900,1.260101,1.262159,1.272102,1.276974
2025-03-20,116,19:10,19:20,1.266900,1.262523,1.264584,1.274544,1.280759
2025-03-20,117,19:20,19:30,1.232300,1.272135,1.274212,1.284247,1.291643
2025-03-20,118,19:30,19:40,1.290200,1.265200,1.267265,1.277244,1.285468
2025-03-20,119,19:40,19:50,1.282400,1.256336,1.258387,1.268294,1.277170
2025-03-20,120,19:50,20:00,1.223300,1.257936,1.259990,1.269909,1.279410
2025-03-20,121,20:00,20:10,1.278900,1.265506,1.267573,1.277551,1.287628
2025-03-20,122,20:10,20:20,1.277900,1.258455,1.260509,1.270431,1.280853
2025-03-20,123,20:20,20:30,1.238800,1.265189,1.267254,1.277229,1.288059
2025-03-20,124,20:30,20:40,1.322800,1.304448,1.306578,1.316861,1.328358
2025-03-20,125,20:40,20:50,1.176900,1.160234,1.162128,1.171275,1.181586
2025-03-20,126,20:50,21:00,0.886200,0.916388,0.917884,0.925108,0.933215
2025-03-20,127,21:00,21:10,0.917000,0.891266,0.892722,0.899748,0.907765
2025-03-20,128,21:10,21:20,0.999900,0.914846,0.916340,0.923552,0.931931
2025-03-20,129,21:20,21:30,0.996400,0.921527,0.923031,0.930295,0.938847
2025-03-20,130,21:30,21:40,1.000300,0.974989,0.976581,0.984266,0.993432
2025-03-20,131,21:40,21:50,0.770800,0.757743,0.758980,0.764953,0.772057
2025-03-20,132,21:50,22:00,0.419000,0.390147,0.390784,0.393860,0.397411
2025-03-20,133,22:00,22:10,0.348400,0.349080,0.349650,0.352401,0.355599
2025-03-20,134,22:10,22:20,0.383300,0.405431,0.406093,0.409289,0.413081
2025-03-20,135,22:20,22:30,0.390300,0.397708,0.398357,0.401492,0.405242
2025-03-20,136,22:30,22:40,0.412600,0.396532,0.397179,0.400305,0.404071
2025-03-20,137,22:40,22:50,0.434300,0.401579,0.402234,0.405400,0.409239
2025-03-20,138,22:50,23:00,0.442800,0.405006,0.405667,0.408860,0.412751
2025-03-20,139,23:00,23:10,0.439700,0.409123,0.409791,0.413016,0.416963
2025-03-20,140,23:10,23:20,0.404900,0.405498,0.406160,0.409356,0.413281
2025-03-20,141,23:20,23:30,0.381400,0.396257,0.396904,0.400028,0.403872
2025-03-20,142,23:30,23:40,0.424800,0.394380,0.395024,0.398132,0.401967
2025-03-20,143,23:40,23:50,0.379500,0.401877,0.402533,0.405701,0.409616
2025-03-20,144,23:50,00:00,0.279400,0.410977,0.411648,0.414887,0.418898
