实验,说明,合计_元,计划费_元,调整费_元,紧急费_元
main42,"4-2 主方案(净负荷回归, 4 次更新)",14240625.708156,13481688.529548,0.000000,758937.178608
vn42_0,4-2 仅 0 时更新,14326996.398702,13481788.221226,0.000000,845208.177476
method42_ar1,4-2 AR(1),14325229.965578,13482255.457279,0.000000,842974.508298
method42_arx,4-2 AR-X,14327134.614931,13481264.926397,0.000000,845869.688534
main43,"4-3 主方案(AR(1), 4 节点)",13929637.505149,13264942.556373,452561.154750,212133.794026
vn43_0,4-3 仅 0 时更新,14491332.840698,12718807.745708,1594436.596263,178088.498727
vn43_06,4-3 0+6 时更新,14491332.840698,12718807.745708,1594436.596263,178088.498727
vn43_0612,4-3 0+6+12 时更新,14491332.840698,12718807.745708,1594436.596263,178088.498727
method43_nlr,4-3 净负荷回归,14511282.323965,12725519.640706,1610036.553099,175726.130160
method43_arx,4-3 AR-X,14512418.242599,12611407.385721,1724544.320909,176466.535970
