日期,解析响应总费用_元,MPC总费用_元,DP总费用_元,DP较解析响应节省_元,DP紧急量_kWh,解析响应紧急量_kWh
2025-02-01,27688.718452,30835.627520,27688.718452,0.000000,0.000000,0.000000
2025-02-02,59037.199546,60947.847831,59037.199546,0.000000,0.000000,0.000000
2025-02-03,61556.487884,65019.195720,61556.487884,0.000000,0.000000,0.000000
2025-02-04,61627.066135,64809.725206,61627.066135,0.000000,0.000000,0.000000
2025-02-05,60000.771791,62401.014638,60000.771791,0.000000,0.000000,0.000000
2025-02-06,59230.478337,61364.164574,59230.478337,0.000000,0.000000,0.000000
2025-02-07,22377.769958,26567.443384,22377.769958,0.000000,0.000000,0.000000
2025-02-08,20573.874239,24071.570756,20573.874239,0.000000,0.000000,0.000000
2025-02-09,65150.112561,65606.894502,62351.824681,2798.287879,2081.275149,2081.275149
2025-02-10,54038.774695,55008.695540,54038.774695,0.000000,0.000000,0.000000
2025-02-11,54441.525812,54441.525812,54441.525812,0.000000,0.000000,0.000000
2025-02-12,51580.968382,51617.017700,51580.968382,0.000000,0.000000,0.000000
2025-02-13,50684.577244,50740.066621,50684.577244,0.000000,0.000000,0.000000
2025-02-14,19164.972670,21314.992473,19164.972670,0.000000,0.000000,0.000000
2025-02-15,18654.042338,20205.332325,18654.042338,0.000000,0.000000,0.000000
2025-02-16,59362.443978,59115.961313,57711.393618,1651.050360,1804.226211,1804.226211
2025-02-17,50671.949341,50671.949341,50671.949341,0.000000,0.000000,0.000000
2025-02-18,49204.899106,49546.816155,49204.899106,0.000000,0.000000,0.000000
2025-02-19,48895.353952,52115.191904,48895.353952,0.000000,10.026451,10.026451
2025-02-20,48731.286827,52219.266061,48731.286827,0.000000,0.000000,0.000000
2025-02-21,18255.211618,20740.814393,18255.211618,0.000000,0.000000,0.000000
2025-02-22,18030.369014,19657.272226,18030.369014,0.000000,0.000000,0.000000
2025-02-23,47617.043735,49667.202838,47617.043735,0.000000,0.000000,0.000000
2025-02-24,47887.435952,47965.280702,47887.435952,0.000000,0.000000,0.000000
2025-02-25,46959.889589,47019.073386,46959.889589,0.000000,0.000000,0.000000
2025-02-26,45459.762791,47244.694724,45459.762791,0.000000,0.000000,0.000000
2025-02-27,47564.997163,49850.829255,47564.997163,0.000000,534.087069,534.087069
2025-02-28,17548.902184,19773.232482,17548.902184,0.000000,0.000000,0.000000
2025-03-01,17497.672465,18760.295822,17497.672465,0.000000,0.000000,0.000000
2025-03-02,84218.298866,83243.810241,76105.940373,8112.358493,6251.496795,6251.496795
2025-03-03,54456.536076,57116.268422,52870.906719,1585.629357,1200.895196,1200.895196
2025-03-04,48409.529049,48409.529049,48409.529049,0.000000,0.000000,0.000000
2025-03-05,47789.558227,47942.296345,47789.558227,0.000000,0.000000,0.000000
2025-03-06,46101.719012,47358.150970,46101.719012,0.000000,0.000000,0.000000
2025-03-07,16749.824227,17644.063395,16749.824227,0.000000,0.000000,0.000000
2025-03-08,16837.409545,18041.744565,16830.444403,6.965142,189.586136,189.586136
2025-03-09,42537.412810,46499.147201,42537.412810,0.000000,0.000000,0.000000
2025-03-10,51231.252101,56468.792488,50070.400539,1160.851562,1133.037179,1133.037179
2025-03-11,43856.350458,45570.245423,43856.350458,0.000000,0.000000,0.000000
2025-03-12,42902.770884,43503.984642,42902.770884,0.000000,0.000000,0.000000
2025-03-13,50757.878380,58432.873408,49413.039275,1344.839105,1116.178419,1116.178419
2025-03-14,16818.779685,18479.697957,16818.779685,0.000000,0.000000,0.000000
2025-03-15,16719.545688,19092.531458,16719.545688,0.000000,284.861928,284.861928
2025-03-16,42472.918139,48017.555949,42472.918139,0.000000,1.640000,1.640000
2025-03-17,42594.002109,43124.725396,42594.002109,0.000000,0.000000,0.000000
2025-03-18,41228.623426,49135.855617,41228.623426,0.000000,0.000000,0.000000
2025-03-19,39834.331103,45008.907639,39834.331103,0.000000,0.000000,0.000000
2025-03-20,48179.221097,51872.114396,46211.281338,1967.939759,1300.136519,1300.136519
2025-03-21,15988.354046,18061.803856,15988.354046,0.000000,0.000000,0.000000
2025-03-22,15516.750428,17308.750939,15516.750428,0.000000,0.000000,0.000000
2025-03-23,39389.304721,44929.112565,39389.304721,0.000000,0.000000,0.000000
2025-03-24,39569.138915,41329.777018,39569.138915,0.000000,0.000000,0.000000
2025-03-25,39468.646211,45634.048792,39468.646211,0.000000,0.000000,0.000000
2025-03-26,39769.137343,41986.251539,39769.137343,0.000000,0.000000,0.000000
2025-03-27,38594.922238,42676.403823,38594.922238,0.000000,0.000000,0.000000
2025-03-28,15325.875574,18255.361537,15325.875574,0.000000,0.000000,0.000000
2025-03-29,14869.112796,17353.008041,14869.112796,0.000000,31.303855,31.303855
2025-03-30,37522.717396,40726.537053,37522.717396,0.000000,0.000000,0.000000
2025-03-31,38355.493537,47781.000878,37872.197937,483.295601,230.758338,225.434257
2025-04-01,56046.911199,59793.725851,54996.284673,1050.626526,2872.362789,2873.108676
2025-04-02,47447.127608,49960.603301,47450.421608,-3.294000,1837.798077,1837.798077
2025-04-03,38723.832401,42075.729486,38723.832401,0.000000,0.000000,0.000000
2025-04-04,14575.568042,16392.143348,14575.568042,0.000000,0.000000,0.000000
2025-04-05,14168.767074,15654.220960,14168.767074,0.000000,0.000000,0.000000
2025-04-06,37487.651569,39561.790252,37487.651569,0.000000,0.000000,0.000000
2025-04-07,35743.164497,36521.072410,35743.164497,0.000000,0.000000,0.000000
2025-04-08,38489.038733,43744.375268,38455.384497,33.654236,434.238809,434.238809
2025-04-09,53653.751646,59500.008379,52354.560964,1299.190682,2542.398046,2542.398046
2025-04-10,37004.508502,41322.761954,37004.508502,0.000000,0.000000,0.000000
2025-04-11,14283.734550,16160.204583,14283.734550,0.000000,0.000000,0.000000
2025-04-12,14071.988998,15612.395878,14071.988998,0.000000,0.000000,0.000000
2025-04-13,35323.108013,39486.170096,35323.108013,0.000000,0.000000,0.000000
2025-04-14,34914.159708,39292.931123,34914.159708,0.000000,0.000000,0.000000
2025-04-15,35366.571930,37344.426632,35366.571930,0.000000,0.000000,0.000000
2025-04-16,46491.467072,51967.810140,45125.549588,1365.917484,1808.664721,1808.664721
2025-04-17,35267.840417,37568.045638,35267.840417,0.000000,0.000000,0.000000
2025-04-18,13652.992748,15268.488336,13652.992748,0.000000,16.622131,16.622131
2025-04-19,13187.130798,16085.349070,13187.130798,0.000000,0.000000,0.000000
2025-04-20,34496.125408,37753.746234,34496.125408,0.000000,0.000000,0.000000
2025-04-21,33931.734376,34729.533128,33931.734376,0.000000,0.000000,0.000000
2025-04-22,33999.913502,39722.903825,33999.913502,0.000000,0.000000,0.000000
2025-04-23,33196.245314,37670.475399,33196.245314,0.000000,0.000000,0.000000
2025-04-24,32933.530265,33154.787757,32933.530265,0.000000,0.000000,0.000000
2025-04-25,12793.909758,14265.617503,12793.909758,0.000000,0.000000,0.000000
2025-04-26,13349.013564,17131.797357,13349.013564,0.000000,124.854927,124.854927
2025-04-27,36073.332276,40909.100815,35119.602006,953.730270,600.000699,600.000699
2025-04-28,75156.767502,77625.676020,72322.971730,2833.795772,6587.721361,6587.721361
2025-04-29,33946.211103,34583.965593,33946.211103,0.000000,0.000000,0.000000
2025-04-30,33727.516904,33713.862989,33727.516904,0.000000,0.000000,0.000000
2025-05-01,44611.040440,48555.469626,44293.540952,317.499488,1741.958346,1741.958346
2025-05-02,25276.766346,26572.786593,24433.019759,843.746587,1867.808260,1867.808260
2025-05-03,17500.178206,19216.621766,17487.089758,13.088448,487.237968,487.237968
2025-05-04,38222.592788,38222.592788,38222.592788,0.000000,0.000000,0.000000
2025-05-05,37274.002151,40428.158239,37274.002151,0.000000,0.000000,0.000000
2025-05-06,36852.530321,39510.374618,36852.530321,0.000000,132.628718,132.628718
2025-05-07,40398.255887,40229.618216,39738.142122,660.113765,644.689043,644.689043
2025-05-08,37352.213984,50929.546837,37761.410957,-409.196973,109.544298,4.971563
2025-05-09,16038.333120,17900.592970,15992.739407,45.593713,247.953069,247.953069
2025-05-10,15405.174356,17429.994517,15405.174356,0.000000,0.000000,0.000000
2025-05-11,38450.479459,38661.235382,38450.479459,0.000000,3.671963,3.671963
2025-05-12,37736.268517,37920.288288,37736.268517,0.000000,0.000000,0.000000
2025-05-13,36659.432849,36664.390029,36659.432849,0.000000,0.000000,0.000000
2025-05-14,35670.263554,36204.789781,35670.263554,0.000000,0.000000,0.000000
2025-05-15,35579.927325,39698.515697,35579.927325,0.000000,0.000000,0.000000
2025-05-16,14609.380105,17102.494661,14609.380105,0.000000,0.000000,0.000000
2025-05-17,15017.445762,18301.320909,15017.445762,0.000000,0.000000,0.000000
2025-05-18,36900.134316,38420.503034,36900.134316,0.000000,0.000000,0.000000
2025-05-19,35095.496926,35219.662860,35095.496926,0.000000,0.000000,0.000000
2025-05-20,39864.962879,46192.321223,38866.195931,998.766948,740.020683,740.020683
2025-05-21,35914.062859,37853.329210,35914.062859,0.000000,109.976592,109.976592
2025-05-22,35280.014398,35951.118087,35280.014398,0.000000,0.000000,0.000000
2025-05-23,15523.835580,17241.542245,15317.207610,206.627970,294.124670,294.124670
2025-05-24,14701.745239,16489.419588,14701.745239,0.000000,0.000000,0.000000
2025-05-25,34751.389903,34814.364534,34751.389903,0.000000,0.000000,0.000000
2025-05-26,50996.087378,56670.873792,50595.347200,400.740178,2475.627523,2475.627523
2025-05-27,34620.380721,34620.380721,34620.380721,0.000000,0.000000,0.000000
2025-05-28,34848.794829,36319.246304,34848.794829,0.000000,0.000000,0.000000
2025-05-29,38997.276059,42871.140196,38583.852541,413.423519,555.950683,555.950683
2025-05-30,14873.473824,19907.087924,14873.473824,0.000000,0.000000,0.000000
2025-05-31,14768.133107,17562.802561,14768.133107,0.000000,0.000000,0.000000
2025-06-01,116289.731758,111287.443407,110428.923308,5860.808451,13158.559084,13158.559084
2025-06-02,55562.997060,59376.553203,53498.092557,2064.904504,1636.613064,1636.613064
2025-06-03,46732.522885,52071.883702,46732.522885,0.000000,33.846331,33.846331
2025-06-04,47687.588789,52260.522706,47687.588789,0.000000,0.000000,0.000000
2025-06-05,47176.493188,55677.570538,47176.493188,0.000000,0.000000,0.000000
2025-06-06,40677.062763,36566.305843,36580.606762,4096.456001,3643.396846,3530.554046
2025-06-07,21957.264981,25347.610070,21926.880024,30.384956,235.860728,235.860728
2025-06-08,56331.322532,56622.701602,56331.322532,0.000000,0.000000,0.000000
2025-06-09,49460.663633,52497.326241,49460.663633,0.000000,0.000000,0.000000
2025-06-10,48542.497118,55565.319121,48542.497118,0.000000,0.000000,0.000000
2025-06-11,74522.754152,75606.596545,72034.000533,2488.753620,4757.878613,4757.878613
2025-06-12,51507.643956,53400.947345,51507.643956,0.000000,0.000000,0.000000
2025-06-13,20159.388955,24029.540708,20159.388955,0.000000,206.901072,206.901072
2025-06-14,21703.445411,23564.103669,21703.445411,0.000000,0.000000,0.000000
2025-06-15,53987.994088,55416.500665,53987.994088,0.000000,0.000000,0.000000
2025-06-16,49524.746293,53737.429442,49524.746293,0.000000,0.000000,0.000000
2025-06-17,50763.231151,60465.917551,50697.541295,65.689855,229.618589,229.618589
2025-06-18,50663.100846,52166.281553,50663.100846,0.000000,0.000000,0.000000
2025-06-19,49872.772936,50806.235549,49872.772936,0.000000,0.000000,0.000000
2025-06-20,19496.064636,21137.546873,19496.064636,0.000000,0.000000,0.000000
2025-06-21,20929.582216,22815.421405,20911.885230,17.696987,167.521223,167.521223
2025-06-22,47473.542309,58591.238033,47473.542309,0.000000,0.000000,0.000000
2025-06-23,45486.168298,48064.541730,45486.168298,0.000000,0.000000,0.000000
2025-06-24,83249.514291,85022.255870,78621.385737,4628.128555,6290.220913,6290.220913
2025-06-25,49856.787430,55708.298080,49856.787430,0.000000,0.000000,0.000000
2025-06-26,48815.729301,50353.030323,48815.729301,0.000000,0.000000,0.000000
2025-06-27,19544.676230,21442.534211,19544.676230,0.000000,0.000000,0.000000
2025-06-28,18566.378949,22594.766813,18566.378949,0.000000,0.000000,0.000000
2025-06-29,46600.079498,55538.557965,46753.975072,-153.895574,54.169509,0.000000
2025-06-30,47051.782825,55808.522708,47023.393990,28.388835,0.000000,0.000000
2025-07-01,81885.167558,75871.832893,74304.247434,7580.920124,5834.245699,5834.245699
2025-07-02,58770.070413,59322.326455,58770.070413,0.000000,0.000000,0.000000
2025-07-03,54408.504784,62316.368408,54408.504784,0.000000,0.000000,0.000000
2025-07-04,33306.827743,32911.927494,31361.495051,1945.332692,2106.442316,2106.442316
2025-07-05,26140.439135,30853.716482,26140.439135,0.000000,0.000000,0.000000
2025-07-06,58940.998706,62602.026046,58940.998706,0.000000,0.000000,0.000000
2025-07-07,51914.223541,53855.717987,51914.223541,0.000000,0.000000,0.000000
2025-07-08,52032.569279,55321.537105,52032.569279,0.000000,0.000000,0.000000
2025-07-09,52437.178059,54137.190640,52437.178059,0.000000,0.000000,0.000000
2025-07-10,50529.022300,53092.470359,50529.022300,0.000000,0.000000,0.000000
2025-07-11,31223.094457,32142.315761,29969.593200,1253.501257,1790.091667,1790.091667
2025-07-12,25725.123351,29257.599998,25725.123351,0.000000,0.000000,0.000000
2025-07-13,57884.294481,57755.838609,57884.294481,0.000000,0.000000,0.000000
2025-07-14,49960.765172,50565.315809,49960.765172,0.000000,0.000000,0.000000
2025-07-15,50349.261657,53815.226374,50349.261657,0.000000,0.000000,0.000000
2025-07-16,48275.490738,53085.931786,48275.490738,0.000000,0.000000,0.000000
2025-07-17,49697.717792,55567.219203,49697.717792,0.000000,0.000000,0.000000
2025-07-18,26589.079994,29313.217477,26417.096916,171.983079,672.197101,672.197101
2025-07-19,25206.800707,27686.456502,25206.800707,0.000000,0.000000,0.000000
2025-07-20,54240.461516,54281.431481,54240.461516,0.000000,0.000000,0.000000
2025-07-21,49673.374540,53297.658985,49673.374540,0.000000,0.000000,0.000000
2025-07-22,49693.208018,57469.342169,49693.208018,0.000000,0.000000,0.000000
2025-07-23,50927.414008,52835.725459,50927.414008,0.000000,0.000000,0.000000
2025-07-24,51055.564991,54157.022976,51055.564991,0.000000,0.000000,0.000000
2025-07-25,24715.670870,26562.254896,24715.670870,0.000000,0.000000,0.000000
2025-07-26,24473.306010,28057.637773,24473.306010,0.000000,0.000000,0.000000
2025-07-27,53332.801316,54965.046243,53332.801316,0.000000,664.521533,664.521533
2025-07-28,68381.360727,69739.717666,65071.502301,3309.858425,2786.195643,2786.195643
2025-07-29,51977.023333,59223.555901,51977.023333,0.000000,19.655416,19.655416
2025-07-30,51971.193531,52492.495454,51971.193531,0.000000,0.000000,0.000000
2025-07-31,51735.454839,51909.321783,51735.454839,0.000000,0.000000,0.000000
2025-08-01,24651.367463,27794.438505,24651.367463,0.000000,0.000000,0.000000
2025-08-02,24325.809205,25952.194957,24325.809205,0.000000,0.000000,0.000000
2025-08-03,46024.895175,46024.895175,46024.895175,0.000000,0.000000,0.000000
2025-08-04,45864.131561,46860.963809,45864.131561,0.000000,0.000000,0.000000
2025-08-05,45305.588571,46651.200929,45305.588571,0.000000,0.000000,0.000000
2025-08-06,64287.009667,65289.674117,58168.355711,6118.653956,3056.296626,3056.296626
2025-08-07,45610.363924,46986.118944,45610.363924,0.000000,0.000000,0.000000
2025-08-08,24063.599926,26852.519399,24063.599926,0.000000,0.000000,0.000000
2025-08-09,23240.893156,25743.844445,23240.893156,0.000000,0.000000,0.000000
2025-08-10,57988.912745,63678.865555,55989.849798,1999.062947,2286.543127,2286.543127
2025-08-11,44672.182152,49139.008855,44672.182152,0.000000,0.000000,0.000000
2025-08-12,53504.136434,63005.695645,51255.093514,2249.042920,1277.736209,1277.736209
2025-08-13,46113.958397,47729.543548,46113.958397,0.000000,0.000000,0.000000
2025-08-14,45354.601790,49465.773990,45354.601790,0.000000,0.000000,0.000000
2025-08-15,24075.538458,28858.891872,24075.538458,0.000000,0.000000,0.000000
2025-08-16,23211.778432,26249.034505,23211.778432,0.000000,0.000000,0.000000
2025-08-17,44219.831237,44554.598518,44219.831237,0.000000,9.917518,9.917518
2025-08-18,46072.140025,50852.801083,45494.633455,577.506569,310.556204,310.556204
2025-08-19,44910.470384,48369.698848,44910.470384,0.000000,43.402387,43.402387
2025-08-20,75601.526581,77141.958487,73943.517220,1658.009362,4741.445254,4741.445254
2025-08-21,45954.613954,50406.484406,45954.613954,0.000000,0.000000,0.000000
2025-08-22,26180.140671,28218.148536,26052.447714,127.692957,385.283834,385.283834
2025-08-23,24452.242599,25538.008429,24452.242599,0.000000,0.000000,0.000000
2025-08-24,45986.635051,48312.662002,45986.635051,0.000000,0.000000,0.000000
2025-08-25,64824.208506,69409.950034,62524.007913,2300.200594,2736.946022,2736.946022
2025-08-26,47128.284655,47916.941945,47128.284655,0.000000,0.000000,0.000000
2025-08-27,46464.646631,53845.250312,46464.646631,0.000000,0.000000,0.000000
2025-08-28,57154.158464,59765.236580,55947.341125,1206.817339,1475.204787,1475.204787
2025-08-29,24668.038573,28751.736491,24668.038573,0.000000,0.000000,0.000000
2025-08-30,24027.987180,26123.448329,24027.987180,0.000000,0.000000,0.000000
2025-08-31,47339.316665,50597.437752,47339.316665,0.000000,0.000000,0.000000
2025-09-01,46032.517362,46339.941671,46032.517362,0.000000,0.000000,0.000000
2025-09-02,40364.585120,46173.014498,40364.585120,0.000000,840.047924,840.047924
2025-09-03,37817.261015,46097.961852,37724.005468,93.255547,104.523372,104.523372
2025-09-04,40724.100167,42318.581226,40605.613179,118.486988,438.656025,438.656025
2025-09-05,20445.172120,21728.320494,20445.172120,0.000000,0.000000,0.000000
2025-09-06,17769.131255,21335.224774,17769.131255,0.000000,169.665274,169.665274
2025-09-07,56913.076309,55999.196728,54785.501991,2127.574319,3784.982670,3784.982670
2025-09-08,56672.950706,63762.181584,51351.697027,5321.253679,2800.385792,2800.385792
2025-09-09,40064.541844,40490.123599,40064.541844,0.000000,0.000000,0.000000
2025-09-10,57844.058721,63975.250407,56848.313085,995.745636,2762.824338,2762.824338
2025-09-11,41093.829583,43132.820557,41093.829583,0.000000,0.259499,0.259499
2025-09-12,19837.994361,21644.814825,19837.994361,0.000000,0.000000,0.000000
2025-09-13,16999.679912,19894.900335,16999.679912,0.000000,0.000000,0.000000
2025-09-14,75786.980541,74191.439428,72808.636921,2978.343620,6413.416200,6413.416200
2025-09-15,41569.517836,45386.574246,41569.517836,0.000000,0.000000,0.000000
2025-09-16,40492.263418,50388.790234,40492.263418,0.000000,0.000000,0.000000
2025-09-17,42110.213518,47134.000439,42110.213518,0.000000,0.014305,0.014305
2025-09-18,41268.608273,45382.837705,41268.608273,0.000000,0.000000,0.000000
2025-09-19,19580.040482,21066.309255,19580.040482,0.000000,0.000000,0.000000
2025-09-20,17511.260105,20775.714315,17511.260105,0.000000,3.525863,3.525863
2025-09-21,41551.775976,46140.786274,41551.775976,0.000000,129.887231,129.887231
2025-09-22,43125.943290,44018.378444,43125.943290,0.000000,0.000000,0.000000
2025-09-23,42713.749453,52138.797604,42713.749453,0.000000,0.000000,0.000000
2025-09-24,43048.886023,48961.820767,43048.886023,0.000000,0.000000,0.000000
2025-09-25,42881.359296,42881.359296,42881.359296,0.000000,15.371667,15.371667
2025-09-26,18636.957028,20615.111246,18636.957028,0.000000,0.000000,0.000000
2025-09-27,18837.915034,22492.237123,18828.478366,9.436668,120.360787,120.360787
2025-09-28,45078.455321,46964.551387,45078.455321,0.000000,5.868333,5.868333
2025-09-29,43788.026141,44144.174842,43788.026141,0.000000,0.765988,0.765988
2025-09-30,46807.006829,52949.310435,46707.310960,99.695869,373.693106,373.693106
2025-10-01,45181.821235,45162.209655,45181.821235,0.000000,0.000000,0.000000
2025-10-02,39421.657659,39790.724640,39421.657659,0.000000,0.000000,0.000000
2025-10-03,17382.655521,19714.487958,17382.655521,0.000000,0.000000,0.000000
2025-10-04,18141.463471,20511.691392,18142.111471,-0.648000,603.694915,603.694915
2025-10-05,37205.417770,39725.968883,37205.417770,0.000000,0.000000,0.000000
2025-10-06,38499.496137,46024.813410,38499.496137,0.000000,0.000000,0.000000
2025-10-07,39643.104420,43970.530340,39643.104420,0.000000,0.000000,0.000000
2025-10-08,38692.253811,42233.277435,38692.253811,0.000000,0.000000,0.000000
2025-10-09,39018.906907,41812.604005,39018.906907,0.000000,0.000000,0.000000
2025-10-10,16857.666706,19252.432232,16857.666706,0.000000,0.000000,0.000000
2025-10-11,16039.788631,18050.237722,16039.788631,0.000000,0.000000,0.000000
2025-10-12,44258.828148,53326.073940,43855.700518,403.127629,898.979524,898.979524
2025-10-13,40333.378589,41348.325284,40333.378589,0.000000,0.000000,0.000000
2025-10-14,40246.149925,45429.754244,40246.149925,0.000000,0.000000,0.000000
2025-10-15,45369.473983,52812.570737,44717.418683,652.055299,678.258727,678.258727
2025-10-16,50078.644564,53682.602748,48062.140077,2016.504487,1334.395770,1334.395770
2025-10-17,17269.358124,18107.964528,17269.358124,0.000000,0.000000,0.000000
2025-10-18,16858.856946,18751.365282,16858.856946,0.000000,0.000000,0.000000
2025-10-19,46416.751988,51591.898628,46146.941454,269.810534,698.834396,698.834396
2025-10-20,44965.839711,51456.060336,44965.839711,0.000000,276.114629,276.114629
2025-10-21,43973.297619,52055.778975,44874.204027,-900.906409,190.263865,0.000000
2025-10-22,44926.516723,50676.539227,44827.408264,99.108459,0.000000,0.000000
2025-10-23,44977.182740,45608.112662,44977.182740,0.000000,0.000000,0.000000
2025-10-24,17140.796149,21316.465988,17140.796149,0.000000,22.985686,22.985686
2025-10-25,17560.576557,19224.391015,17560.576557,0.000000,0.000000,0.000000
2025-10-26,44197.804621,45276.466026,44197.804621,0.000000,0.000000,0.000000
2025-10-27,44367.188435,48383.845039,44367.188435,0.000000,0.000000,0.000000
2025-10-28,44521.011125,48735.179479,44521.011125,0.000000,0.000000,0.000000
2025-10-29,56410.207972,60512.404476,54693.397748,1716.810224,1823.371951,1823.371951
2025-10-30,46057.916709,48515.647795,46057.916709,0.000000,0.000000,0.000000
2025-10-31,17561.734043,20205.187697,17561.734043,0.000000,0.000000,0.000000
2025-11-01,18278.356300,20595.565724,18278.356300,0.000000,0.000000,0.000000
2025-11-02,46653.523951,51180.745475,46653.523951,0.000000,0.000000,0.000000
2025-11-03,48386.015695,50865.489658,48386.015695,0.000000,0.000000,0.000000
2025-11-04,47359.937698,50017.074601,47359.937698,0.000000,3.367105,3.367105
2025-11-05,47159.624924,52218.402314,47159.624924,0.000000,0.000000,0.000000
2025-11-06,48457.743322,56234.946417,48457.743322,0.000000,210.243242,210.243242
2025-11-07,19401.212205,22240.902552,19401.212205,0.000000,185.726442,185.726442
2025-11-08,18378.579641,19402.657378,18378.579641,0.000000,0.000000,0.000000
2025-11-09,50498.552214,56164.656912,50274.915754,223.636459,365.443605,365.443605
2025-11-10,54419.640662,62739.731698,53598.306733,821.333929,832.650606,832.650606
2025-11-11,50070.762886,52352.353411,50070.762886,0.000000,0.000000,0.000000
2025-11-12,49925.386162,52760.029919,49925.386162,0.000000,0.000000,0.000000
2025-11-13,49597.159478,55554.555607,49597.159478,0.000000,0.000000,0.000000
2025-11-14,18755.089775,20585.739705,18755.089775,0.000000,0.000000,0.000000
2025-11-15,19038.380547,21494.616486,19038.380547,0.000000,66.926231,66.926231
2025-11-16,50688.106799,55614.250960,50688.106799,0.000000,0.000000,0.000000
2025-11-17,50992.070889,52499.963008,50992.070889,0.000000,0.000000,0.000000
2025-11-18,50002.863947,59880.019817,50002.863947,0.000000,0.000000,0.000000
2025-11-19,50616.206911,55491.935483,50616.206911,0.000000,0.000000,0.000000
2025-11-20,51147.463470,55771.080695,51147.463470,0.000000,0.000000,0.000000
2025-11-21,19087.274775,22319.140230,19087.274775,0.000000,0.000000,0.000000
2025-11-22,19091.869742,21886.062503,19091.869742,0.000000,0.000000,0.000000
2025-11-23,52229.489423,58076.177259,52229.489423,0.000000,108.185754,108.185754
2025-11-24,51339.622569,52833.315873,51339.622569,0.000000,15.647379,15.647379
2025-11-25,51473.996431,56368.406910,51473.996431,0.000000,0.000000,0.000000
2025-11-26,53673.497554,61107.752837,53261.983023,411.514531,356.903841,352.343808
2025-11-27,51630.871834,57134.953016,51628.689887,2.181947,0.000000,0.000000
2025-11-28,19405.352405,22087.877674,19405.352405,0.000000,0.000000,0.000000
2025-11-29,26534.193853,31372.945706,25417.874181,1116.319673,1060.621360,1060.621360
2025-11-30,57352.754078,62628.592053,56824.315466,528.438613,571.601416,571.601416
2025-12-01,82280.991298,78616.901766,76258.232975,6022.758324,5181.805124,5181.805124
2025-12-02,64730.014799,68611.970978,64484.716339,245.298459,818.199955,818.199955
2025-12-03,60535.804026,63486.486100,60535.804026,0.000000,0.000000,0.000000
2025-12-04,60452.546673,65766.445281,60452.546673,0.000000,120.099867,120.099867
2025-12-05,29340.786685,32813.239712,28815.442055,525.344630,1146.233135,1042.318372
2025-12-06,29558.041821,35600.931469,28967.358380,590.683441,682.575094,674.786619
2025-12-07,64658.099182,64574.277063,64658.099182,0.000000,0.000000,0.000000
2025-12-08,60690.393067,62925.980501,60690.393067,0.000000,0.000000,0.000000
2025-12-09,60718.533164,62174.351754,60718.533164,0.000000,27.766629,27.766629
2025-12-10,60704.614444,64807.824120,60704.614444,0.000000,0.000000,0.000000
2025-12-11,60445.271407,61137.271934,60445.271407,0.000000,0.000000,0.000000
2025-12-12,41831.218538,43939.278653,40417.639392,1413.579146,2933.922123,2933.922123
2025-12-13,25282.183838,30214.288241,25282.183838,0.000000,0.000000,0.000000
2025-12-14,64343.976526,65465.185800,64343.976526,0.000000,0.000000,0.000000
2025-12-15,61511.339324,63265.884487,61511.339324,0.000000,0.000000,0.000000
2025-12-16,61600.691640,62867.935967,61600.691640,0.000000,0.000000,0.000000
2025-12-17,61812.754280,62160.835049,61812.754280,0.000000,0.000000,0.000000
2025-12-18,61300.008818,62385.746754,61300.008818,0.000000,0.000000,0.000000
2025-12-19,27099.469044,32606.003570,27097.804158,1.664886,565.826831,565.826831
2025-12-20,25642.154287,29144.785717,25642.154287,0.000000,0.000000,0.000000
2025-12-21,62681.724283,64630.513290,62681.724283,0.000000,0.000000,0.000000
2025-12-22,61237.048051,62403.233369,61237.048051,0.000000,0.000000,0.000000
2025-12-23,61778.901650,61810.213157,61778.901650,0.000000,0.000000,0.000000
2025-12-24,60783.285720,63222.725545,60783.285720,0.000000,0.000000,0.000000
2025-12-25,60687.181151,62367.011937,60687.181151,0.000000,0.000000,0.000000
2025-12-26,24900.577194,29150.786411,24900.577194,0.000000,0.000000,0.000000
2025-12-27,25247.077174,29204.409355,25247.077174,0.000000,0.000000,0.000000
2025-12-28,61253.742565,61401.147616,61253.742565,0.000000,6.265629,6.265629
2025-12-29,60628.207250,61602.675278,60628.207250,0.000000,0.000000,0.000000
2025-12-30,60418.327530,60520.940190,60418.327530,0.000000,0.000000,0.000000
2025-12-31,64336.913941,66459.805345,63702.502500,634.411441,721.981021,721.981021
