日期,日初计划库存_kWh,前一日实际末库存_kWh,连续残差_kWh
2025-02-01,6000.000000,6000.000000,0.000e+00
2025-02-02,5706.928687,5706.928687,0.000e+00
2025-02-03,4888.528113,4888.528113,0.000e+00
2025-02-04,5842.428884,5842.428884,0.000e+00
2025-02-05,6349.031916,6349.031916,0.000e+00
2025-02-06,5937.894879,5937.894879,0.000e+00
2025-02-07,6070.114841,6070.114841,0.000e+00
2025-02-08,5257.744961,5257.744961,0.000e+00
2025-02-09,4858.616131,4858.616131,0.000e+00
2025-02-10,4679.791457,4679.791457,0.000e+00
2025-02-11,6057.206637,6057.206637,0.000e+00
2025-02-12,10208.475430,10208.475430,0.000e+00
2025-02-13,10048.677787,10048.677787,0.000e+00
2025-02-14,10488.942132,10488.942132,0.000e+00
2025-02-15,10304.554732,10304.554732,0.000e+00
2025-02-16,9541.902068,9541.902068,0.000e+00
2025-02-17,9512.294713,9512.294713,0.000e+00
2025-02-18,10075.235414,10075.235414,0.000e+00
2025-02-19,10276.230260,10276.230260,0.000e+00
2025-02-20,9897.814887,9897.814887,0.000e+00
2025-02-21,10614.218303,10614.218303,0.000e+00
2025-02-22,10403.233998,10403.233998,0.000e+00
2025-02-23,9737.724184,9737.724184,0.000e+00
2025-02-24,10022.728838,10022.728838,0.000e+00
2025-02-25,10100.233181,10100.233181,0.000e+00
2025-02-26,10067.307383,10067.307383,0.000e+00
2025-02-27,9809.947595,9809.947595,0.000e+00
2025-02-28,10374.319106,10374.319106,0.000e+00
2025-03-01,10267.707539,10267.707539,0.000e+00
2025-03-02,9760.046276,9760.046276,0.000e+00
2025-03-03,9295.240946,9295.240946,0.000e+00
2025-03-04,9373.345220,9373.345220,0.000e+00
2025-03-05,10225.419323,10225.419323,0.000e+00
2025-03-06,10348.480266,10348.480266,0.000e+00
2025-03-07,10257.571357,10257.571357,0.000e+00
2025-03-08,9988.783501,9988.783501,0.000e+00
2025-03-09,9714.977981,9714.977981,0.000e+00
2025-03-10,9680.213379,9680.213379,0.000e+00
2025-03-11,9513.075794,9513.075794,0.000e+00
2025-03-12,10053.335648,10053.335648,0.000e+00
2025-03-13,9659.342712,9659.342712,0.000e+00
2025-03-14,9851.867509,9851.867509,0.000e+00
2025-03-15,10692.991956,10692.991956,0.000e+00
2025-03-16,9578.260252,9578.260252,0.000e+00
2025-03-17,9764.882635,9764.882635,0.000e+00
2025-03-18,10301.803078,10301.803078,0.000e+00
2025-03-19,10197.528249,10197.528249,0.000e+00
2025-03-20,10111.206422,10111.206422,0.000e+00
2025-03-21,9835.779750,9835.779750,0.000e+00
2025-03-22,10282.096668,10282.096668,0.000e+00
2025-03-23,10133.121575,10133.121575,0.000e+00
2025-03-24,9693.483388,9693.483388,0.000e+00
2025-03-25,9918.404813,9918.404813,0.000e+00
2025-03-26,9699.121675,9699.121675,0.000e+00
2025-03-27,10250.761197,10250.761197,0.000e+00
2025-03-28,9972.177859,9972.177859,0.000e+00
2025-03-29,10472.266305,10472.266305,0.000e+00
2025-03-30,9576.774498,9576.774498,0.000e+00
2025-03-31,10163.971657,10163.971657,0.000e+00
2025-04-01,9893.246506,9893.246506,0.000e+00
2025-04-02,9702.038198,9702.038198,0.000e+00
2025-04-03,10040.393929,10040.393929,0.000e+00
2025-04-04,10192.436406,10192.436406,0.000e+00
2025-04-05,10455.844476,10455.844476,0.000e+00
2025-04-06,9493.691454,9493.691454,0.000e+00
2025-04-07,10392.268376,10392.268376,0.000e+00
2025-04-08,10172.145700,10172.145700,0.000e+00
2025-04-09,9539.267449,9539.267449,0.000e+00
2025-04-10,9694.511429,9694.511429,0.000e+00
2025-04-11,10202.097713,10202.097713,0.000e+00
2025-04-12,10248.932381,10248.932381,0.000e+00
2025-04-13,9945.793469,9945.793469,0.000e+00
2025-04-14,10095.554173,10095.554173,0.000e+00
2025-04-15,10000.800283,10000.800283,0.000e+00
2025-04-16,10128.738874,10128.738874,0.000e+00
2025-04-17,9430.140515,9430.140515,0.000e+00
2025-04-18,10218.355585,10218.355585,0.000e+00
2025-04-19,10636.936355,10636.936355,0.000e+00
2025-04-20,10087.858715,10087.858715,0.000e+00
2025-04-21,10287.281368,10287.281368,0.000e+00
2025-04-22,9759.837896,9759.837896,0.000e+00
2025-04-23,9994.206606,9994.206606,0.000e+00
2025-04-24,10126.193999,10126.193999,0.000e+00
2025-04-25,10093.333718,10093.333718,0.000e+00
2025-04-26,9980.126254,9980.126254,0.000e+00
2025-04-27,9394.310794,9394.310794,0.000e+00
2025-04-28,9715.518397,9715.518397,0.000e+00
2025-04-29,9566.478111,9566.478111,0.000e+00
2025-04-30,10325.634867,10325.634867,0.000e+00
2025-05-01,10190.198332,10190.198332,0.000e+00
2025-05-02,9105.772687,9105.772687,0.000e+00
2025-05-03,9360.341381,9360.341381,0.000e+00
2025-05-04,9481.592642,9481.592642,0.000e+00
2025-05-05,9752.594173,9752.594173,0.000e+00
2025-05-06,10061.039799,10061.039799,0.000e+00
2025-05-07,10302.227523,10302.227523,0.000e+00
2025-05-08,9461.739650,9461.739650,0.000e+00
2025-05-09,9901.763962,9901.763962,0.000e+00
2025-05-10,10014.364986,10014.364986,0.000e+00
2025-05-11,9852.154295,9852.154295,0.000e+00
2025-05-12,10380.779201,10380.779201,0.000e+00
2025-05-13,10759.906353,10759.906353,0.000e+00
2025-05-14,10623.567500,10623.567500,0.000e+00
2025-05-15,10169.953576,10169.953576,0.000e+00
2025-05-16,10233.967166,10233.967166,0.000e+00
2025-05-17,10167.881325,10167.881325,0.000e+00
2025-05-18,9589.234027,9589.234027,0.000e+00
2025-05-19,10766.233049,10766.233049,0.000e+00
2025-05-20,10396.906167,10396.906167,0.000e+00
2025-05-21,9314.670776,9314.670776,0.000e+00
2025-05-22,9239.392387,9239.392387,0.000e+00
2025-05-23,10800.000000,10800.000000,0.000e+00
2025-05-24,10581.881067,10581.881067,0.000e+00
2025-05-25,10414.538422,10414.538422,0.000e+00
2025-05-26,10323.298196,10323.298196,0.000e+00
2025-05-27,9353.790667,9353.790667,0.000e+00
2025-05-28,9855.540682,9855.540682,0.000e+00
2025-05-29,9984.449019,9984.449019,0.000e+00
2025-05-30,9584.795940,9584.795940,0.000e+00
2025-05-31,10053.850030,10053.850030,0.000e+00
2025-06-01,10220.810684,10220.810684,0.000e+00
2025-06-02,8266.539674,8266.539674,0.000e+00
2025-06-03,8736.902819,8736.902819,0.000e+00
2025-06-04,9489.754127,9489.754127,0.000e+00
2025-06-05,10392.206360,10392.206360,0.000e+00
2025-06-06,9652.775565,9652.775565,0.000e+00
2025-06-07,8846.107332,8846.107332,0.000e+00
2025-06-08,9030.710682,9030.710682,0.000e+00
2025-06-09,10800.000000,10800.000000,0.000e+00
2025-06-10,9304.557599,9304.557599,0.000e+00
2025-06-11,9758.526678,9758.526678,0.000e+00
2025-06-12,8556.992976,8556.992976,0.000e+00
2025-06-13,10166.547101,10166.547101,0.000e+00
2025-06-14,8274.601334,8274.601334,0.000e+00
2025-06-15,9278.661973,9278.661973,0.000e+00
2025-06-16,10800.000000,10800.000000,0.000e+00
2025-06-17,9775.472909,9775.472909,0.000e+00
2025-06-18,8361.696302,8361.696302,0.000e+00
2025-06-19,9806.659223,9806.659223,0.000e+00
2025-06-20,9878.035755,9878.035755,0.000e+00
2025-06-21,9151.454234,9151.454234,0.000e+00
2025-06-22,9900.083321,9900.083321,0.000e+00
2025-06-23,10332.131485,10332.131485,0.000e+00
2025-06-24,9364.849311,9364.849311,0.000e+00
2025-06-25,8420.975269,8420.975269,0.000e+00
2025-06-26,9858.042780,9858.042780,0.000e+00
2025-06-27,9758.861099,9758.861099,0.000e+00
2025-06-28,9833.110661,9833.110661,0.000e+00
2025-06-29,8828.985552,8828.985552,0.000e+00
2025-06-30,9102.506966,9102.506966,0.000e+00
2025-07-01,9056.477096,9056.477096,0.000e+00
2025-07-02,7097.610896,7097.610896,0.000e+00
2025-07-03,9419.111094,9419.111094,0.000e+00
2025-07-04,9346.399141,9346.399141,0.000e+00
2025-07-05,7990.730347,7990.730347,0.000e+00
2025-07-06,9140.935486,9140.935486,0.000e+00
2025-07-07,10800.000000,10800.000000,0.000e+00
2025-07-08,9270.252537,9270.252537,0.000e+00
2025-07-09,8925.473016,8925.473016,0.000e+00
2025-07-10,9345.077089,9345.077089,0.000e+00
2025-07-11,9246.114097,9246.114097,0.000e+00
2025-07-12,8029.559106,8029.559106,0.000e+00
2025-07-13,8396.283570,8396.283570,0.000e+00
2025-07-14,10799.680741,10799.680741,0.000e+00
2025-07-15,8719.501564,8719.501564,0.000e+00
2025-07-16,9668.507292,9668.507292,0.000e+00
2025-07-17,8496.382462,8496.382462,0.000e+00
2025-07-18,8766.579331,8766.579331,0.000e+00
2025-07-19,8042.859362,8042.859362,0.000e+00
2025-07-20,8344.240391,8344.240391,0.000e+00
2025-07-21,10125.978434,10125.978434,0.000e+00
2025-07-22,8841.277380,8841.277380,0.000e+00
2025-07-23,8466.726999,8466.726999,0.000e+00
2025-07-24,9054.553798,9054.553798,0.000e+00
2025-07-25,9635.405483,9635.405483,0.000e+00
2025-07-26,9289.401463,9289.401463,0.000e+00
2025-07-27,8891.980686,8891.980686,0.000e+00
2025-07-28,9319.433632,9319.433632,0.000e+00
2025-07-29,8128.301520,8128.301520,0.000e+00
2025-07-30,9089.425124,9089.425124,0.000e+00
2025-07-31,9518.660750,9518.660750,0.000e+00
2025-08-01,9468.674740,9468.674740,0.000e+00
2025-08-02,9597.573704,9597.573704,0.000e+00
2025-08-03,9325.301683,9325.301683,0.000e+00
2025-08-04,8047.099509,8047.099509,0.000e+00
2025-08-05,9104.011004,9104.011004,0.000e+00
2025-08-06,9507.799932,9507.799932,0.000e+00
2025-08-07,8499.412822,8499.412822,0.000e+00
2025-08-08,9365.973365,9365.973365,0.000e+00
2025-08-09,9644.190300,9644.190300,0.000e+00
2025-08-10,8713.757507,8713.757507,0.000e+00
2025-08-11,8406.495804,8406.495804,0.000e+00
2025-08-12,9086.609343,9086.609343,0.000e+00
2025-08-13,8702.931628,8702.931628,0.000e+00
2025-08-14,10385.857432,10385.857432,0.000e+00
2025-08-15,9820.613088,9820.613088,0.000e+00
2025-08-16,10260.769756,10260.769756,0.000e+00
2025-08-17,9454.722064,9454.722064,0.000e+00
2025-08-18,9458.628436,9458.628436,0.000e+00
2025-08-19,9297.087061,9297.087061,0.000e+00
2025-08-20,9832.368908,9832.368908,0.000e+00
2025-08-21,9460.754583,9460.754583,0.000e+00
2025-08-22,10156.344287,10156.344287,0.000e+00
2025-08-23,9523.890422,9523.890422,0.000e+00
2025-08-24,9925.208939,9925.208939,0.000e+00
2025-08-25,9832.065771,9832.065771,0.000e+00
2025-08-26,9476.244010,9476.244010,0.000e+00
2025-08-27,10365.528842,10365.528842,0.000e+00
2025-08-28,9883.743478,9883.743478,0.000e+00
2025-08-29,9527.572373,9527.572373,0.000e+00
2025-08-30,10216.891369,10216.891369,0.000e+00
2025-08-31,9458.092729,9458.092729,0.000e+00
2025-09-01,10350.979782,10350.979782,0.000e+00
2025-09-02,10800.000000,10800.000000,0.000e+00
2025-09-03,7994.184948,7994.184948,0.000e+00
2025-09-04,6777.204737,6777.204737,0.000e+00
2025-09-05,6949.296381,6949.296381,0.000e+00
2025-09-06,8699.744360,8699.744360,0.000e+00
2025-09-07,7110.335382,7110.335382,0.000e+00
2025-09-08,6300.446974,6300.446974,0.000e+00
2025-09-09,6090.530364,6090.530364,0.000e+00
2025-09-10,6656.877259,6656.877259,0.000e+00
2025-09-11,6322.065591,6322.065591,0.000e+00
2025-09-12,7149.125654,7149.125654,0.000e+00
2025-09-13,8147.749561,8147.749561,0.000e+00
2025-09-14,6191.012111,6191.012111,0.000e+00
2025-09-15,5731.051905,5731.051905,0.000e+00
2025-09-16,7041.797060,7041.797060,0.000e+00
2025-09-17,6569.494502,6569.494502,0.000e+00
2025-09-18,7181.184718,7181.184718,0.000e+00
2025-09-19,6864.702438,6864.702438,0.000e+00
2025-09-20,7688.762754,7688.762754,0.000e+00
2025-09-21,6213.267285,6213.267285,0.000e+00
2025-09-22,6117.673039,6117.673039,0.000e+00
2025-09-23,6935.547876,6935.547876,0.000e+00
2025-09-24,6333.560321,6333.560321,0.000e+00
2025-09-25,7305.371726,7305.371726,0.000e+00
2025-09-26,6938.846051,6938.846051,0.000e+00
2025-09-27,6652.530973,6652.530973,0.000e+00
2025-09-28,5191.141418,5191.141418,0.000e+00
2025-09-29,7265.484218,7265.484218,0.000e+00
2025-09-30,6701.870637,6701.870637,0.000e+00
2025-10-01,6373.849938,6373.849938,0.000e+00
2025-10-02,9186.536056,9186.536056,0.000e+00
2025-10-03,9879.620093,9879.620093,0.000e+00
2025-10-04,10251.455199,10251.455199,0.000e+00
2025-10-05,8795.584645,8795.584645,0.000e+00
2025-10-06,8752.263178,8752.263178,0.000e+00
2025-10-07,8120.894460,8120.894460,0.000e+00
2025-10-08,8687.495044,8687.495044,0.000e+00
2025-10-09,8543.088056,8543.088056,0.000e+00
2025-10-10,8532.422885,8532.422885,0.000e+00
2025-10-11,8654.121584,8654.121584,0.000e+00
2025-10-12,7747.082368,7747.082368,0.000e+00
2025-10-13,7487.437132,7487.437132,0.000e+00
2025-10-14,8514.893392,8514.893392,0.000e+00
2025-10-15,7796.169151,7796.169151,0.000e+00
2025-10-16,8171.979904,8171.979904,0.000e+00
2025-10-17,8213.452816,8213.452816,0.000e+00
2025-10-18,8335.168972,8335.168972,0.000e+00
2025-10-19,8198.139406,8198.139406,0.000e+00
2025-10-20,7775.962061,7775.962061,0.000e+00
2025-10-21,8380.149878,8380.149878,0.000e+00
2025-10-22,8115.620304,8115.620304,0.000e+00
2025-10-23,8481.361118,8481.361118,0.000e+00
2025-10-24,8801.467265,8801.467265,0.000e+00
2025-10-25,7823.369332,7823.369332,0.000e+00
2025-10-26,7929.114717,7929.114717,0.000e+00
2025-10-27,8413.493571,8413.493571,0.000e+00
2025-10-28,8282.052933,8282.052933,0.000e+00
2025-10-29,8555.789578,8555.789578,0.000e+00
2025-10-30,8151.384292,8151.384292,0.000e+00
2025-10-31,8676.725626,8676.725626,0.000e+00
2025-11-01,7935.460813,7935.460813,0.000e+00
2025-11-02,8863.283566,8863.283566,0.000e+00
2025-11-03,8790.009598,8790.009598,0.000e+00
2025-11-04,10136.969658,10136.969658,0.000e+00
2025-11-05,9787.980005,9787.980005,0.000e+00
2025-11-06,10103.677573,10103.677573,0.000e+00
2025-11-07,9984.940641,9984.940641,0.000e+00
2025-11-08,10195.585476,10195.585476,0.000e+00
2025-11-09,10192.012583,10192.012583,0.000e+00
2025-11-10,9707.776682,9707.776682,0.000e+00
2025-11-11,9660.619398,9660.619398,0.000e+00
2025-11-12,10120.407666,10120.407666,0.000e+00
2025-11-13,10247.177848,10247.177848,0.000e+00
2025-11-14,10154.726004,10154.726004,0.000e+00
2025-11-15,10180.369635,10180.369635,0.000e+00
2025-11-16,10004.690450,10004.690450,0.000e+00
2025-11-17,9992.012112,9992.012112,0.000e+00
2025-11-18,10220.261356,10220.261356,0.000e+00
2025-11-19,9770.455164,9770.455164,0.000e+00
2025-11-20,9663.694572,9663.694572,0.000e+00
2025-11-21,9988.431577,9988.431577,0.000e+00
2025-11-22,10188.960655,10188.960655,0.000e+00
2025-11-23,9627.210560,9627.210560,0.000e+00
2025-11-24,9941.074993,9941.074993,0.000e+00
2025-11-25,9610.039337,9610.039337,0.000e+00
2025-11-26,9918.023979,9918.023979,0.000e+00
2025-11-27,9826.516448,9826.516448,0.000e+00
2025-11-28,10008.918807,10008.918807,0.000e+00
2025-11-29,10008.582427,10008.582427,0.000e+00
2025-11-30,9364.849606,9364.849606,0.000e+00
2025-12-01,9485.306050,9485.306050,0.000e+00
2025-12-02,9357.556598,9357.556598,0.000e+00
2025-12-03,10411.248183,10411.248183,0.000e+00
2025-12-04,10556.428687,10556.428687,0.000e+00
2025-12-05,9862.096493,9862.096493,0.000e+00
2025-12-06,10179.589727,10179.589727,0.000e+00
2025-12-07,9673.801221,9673.801221,0.000e+00
2025-12-08,10673.797151,10673.797151,0.000e+00
2025-12-09,10239.715044,10239.715044,0.000e+00
2025-12-10,9716.001789,9716.001789,0.000e+00
2025-12-11,10136.654936,10136.654936,0.000e+00
2025-12-12,10073.406640,10073.406640,0.000e+00
2025-12-13,9660.594931,9660.594931,0.000e+00
2025-12-14,9827.648773,9827.648773,0.000e+00
2025-12-15,10528.360933,10528.360933,0.000e+00
2025-12-16,10028.271190,10028.271190,0.000e+00
2025-12-17,9731.809496,9731.809496,0.000e+00
2025-12-18,10096.567791,10096.567791,0.000e+00
2025-12-19,10173.218129,10173.218129,0.000e+00
2025-12-20,9359.934396,9359.934396,0.000e+00
2025-12-21,9835.543952,9835.543952,0.000e+00
2025-12-22,10286.215428,10286.215428,0.000e+00
2025-12-23,9688.362754,9688.362754,0.000e+00
2025-12-24,9971.537179,9971.537179,0.000e+00
2025-12-25,10012.361000,10012.361000,0.000e+00
2025-12-26,10129.611232,10129.611232,0.000e+00
2025-12-27,10172.264428,10172.264428,0.000e+00
2025-12-28,9930.273814,9930.273814,0.000e+00
2025-12-29,10124.007820,10124.007820,0.000e+00
2025-12-30,9795.627198,9795.627198,0.000e+00
2025-12-31,9967.867792,9967.867792,0.000e+00
