日期,时段序号,时间区间,实际净负荷_kWh,计划购电量_kWh,紧急购电量_kWh,净负荷功率_kW,计划购电功率_kW,紧急购电功率_kW,充电量_kWh,放电量_kWh,储电量_kWh
2025-03-20,1,00:00-00:10,549.844817,572.683980,0.000000,3299.068900,3436.103883,0.000000,22.839164,0.000000,10131.761670
2025-03-20,2,00:10-00:20,570.313500,577.609722,0.000000,3421.881000,3465.658331,0.000000,7.296222,0.000000,10138.328269
2025-03-20,3,00:20-00:30,613.851667,580.812220,0.000000,3683.110000,3484.873321,0.000000,0.000000,33.039447,10101.617773
2025-03-20,4,00:30-00:40,579.456167,567.252149,0.000000,3476.737000,3403.512893,0.000000,0.000000,12.204018,10088.057754
2025-03-20,5,00:40-00:50,550.444917,567.455093,0.000000,3302.669500,3404.730556,0.000000,17.010176,0.000000,10103.366912
2025-03-20,6,00:50-01:00,571.156667,550.408165,0.000000,3426.940000,3302.448988,0.000000,0.000000,20.748502,10080.313021
2025-03-20,7,01:00-01:10,601.589050,566.896262,0.000000,3609.534300,3401.377570,0.000000,0.000000,34.692788,10041.765478
2025-03-20,8,01:10-01:20,611.483750,584.994723,0.000000,3668.902500,3509.968339,0.000000,0.000000,26.489027,10012.333226
2025-03-20,9,01:20-01:30,598.216667,571.030166,0.000000,3589.300000,3426.180999,0.000000,0.000000,27.186500,9982.126004
2025-03-20,10,01:30-01:40,583.935950,575.191051,0.000000,3503.615700,3451.146304,0.000000,0.000000,8.744899,9972.409449
2025-03-20,11,01:40-01:50,590.995050,587.273929,0.000000,3545.970300,3523.643576,0.000000,0.000000,3.721121,9968.274870
2025-03-20,12,01:50-02:00,598.443333,606.125841,0.000000,3590.660000,3636.755049,0.000000,7.682508,0.000000,9975.189128
2025-03-20,13,02:00-02:10,565.983617,603.886661,0.000000,3395.901700,3623.319964,0.000000,37.903044,0.000000,10009.301867
2025-03-20,14,02:10-02:20,546.120767,581.823148,0.000000,3276.724600,3490.938891,0.000000,35.702382,0.000000,10041.434011
2025-03-20,15,02:20-02:30,565.713333,579.442374,0.000000,3394.280000,3476.654246,0.000000,13.729041,0.000000,10053.790148
2025-03-20,16,02:30-02:40,597.926567,589.215392,0.000000,3587.559400,3535.292354,0.000000,0.000000,8.711174,10044.111065
2025-03-20,17,02:40-02:50,600.954467,590.322413,0.000000,3605.726800,3541.934478,0.000000,0.000000,10.632054,10032.297672
2025-03-20,18,02:50-03:00,587.131667,577.824289,0.000000,3522.790000,3466.945736,0.000000,0.000000,9.307377,10021.956142
2025-03-20,19,03:00-03:10,605.210300,572.438164,0.000000,3631.261800,3434.628983,0.000000,0.000000,32.772136,9985.542657
2025-03-20,20,03:10-03:20,621.892383,579.809273,0.000000,3731.354300,3478.855639,0.000000,0.000000,42.083110,9938.783646
2025-03-20,21,03:20-03:30,620.168333,600.380184,0.000000,3721.010000,3602.281106,0.000000,0.000000,19.788149,9916.796814
2025-03-20,22,03:30-03:40,616.623083,580.614900,0.000000,3699.738500,3483.689399,0.000000,0.000000,36.008184,9876.787721
2025-03-20,23,03:40-03:50,612.463750,580.281508,0.000000,3674.782500,3481.689051,0.000000,0.000000,32.182242,9841.029675
2025-03-20,24,03:50-04:00,603.930000,590.624310,0.000000,3623.580000,3543.745857,0.000000,0.000000,13.305690,9826.245574
2025-03-20,25,04:00-04:10,589.794633,596.291974,0.000000,3538.767800,3577.751842,0.000000,6.497340,0.000000,9832.093180
2025-03-20,26,04:10-04:20,581.464050,598.219894,0.000000,3488.784300,3589.319367,0.000000,16.755844,0.000000,9847.173440
2025-03-20,27,04:20-04:30,585.585000,586.880729,0.000000,3513.510000,3521.284371,0.000000,1.295729,0.000000,9848.339596
2025-03-20,28,04:30-04:40,599.725133,608.282845,0.000000,3598.350800,3649.697072,0.000000,8.557712,0.000000,9856.041537
2025-03-20,29,04:40-04:50,616.739317,598.394001,0.000000,3700.435900,3590.364008,0.000000,0.000000,18.345315,9835.657853
2025-03-20,30,04:50-05:00,625.595000,580.787567,0.000000,3753.570000,3484.725405,0.000000,0.000000,44.807433,9785.871817
2025-03-20,31,05:00-05:10,619.433917,571.170037,0.000000,3716.603500,3427.020223,0.000000,0.000000,48.263880,9732.245284
2025-03-20,32,05:10-05:20,617.844400,585.370441,0.000000,3707.066400,3512.222645,0.000000,0.000000,32.473959,9696.163108
2025-03-20,33,05:20-05:30,607.115000,607.763905,0.000000,3642.690000,3646.583431,0.000000,0.648905,0.000000,9696.747122
2025-03-20,34,05:30-05:40,575.430067,1356.046306,0.000000,3452.580400,8136.277837,0.000000,780.616240,0.000000,10399.301738
2025-03-20,35,05:40-05:50,671.463117,621.162767,0.000000,4028.778700,3726.976603,0.000000,0.000000,50.300349,10343.412461
2025-03-20,36,05:50-06:00,827.015000,7.280404,0.000000,4962.090000,43.682426,0.000000,0.000000,819.734596,9432.596243
2025-03-20,37,06:00-06:10,791.949933,0.000000,0.000000,4751.699600,0.000000,0.000000,0.000000,791.949933,8552.651873
2025-03-20,38,06:10-06:20,709.963317,0.000000,0.000000,4259.779900,0.000000,0.000000,0.000000,709.963317,7763.803743
2025-03-20,39,06:20-06:30,671.370833,0.000000,0.000000,4028.225000,0.000000,0.000000,0.000000,671.370833,7017.836151
2025-03-20,40,06:30-06:40,629.044867,0.000000,0.000000,3774.269200,0.000000,0.000000,0.000000,629.044867,6318.897410
2025-03-20,41,06:40-06:50,586.155917,50.573726,0.000000,3516.935500,303.442356,0.000000,0.000000,535.582191,5723.806087
2025-03-20,42,06:50-07:00,531.182083,432.637041,0.000000,3187.092500,2595.822247,0.000000,0.000000,98.545042,5614.311596
2025-03-20,43,07:00-07:10,446.575500,412.195918,0.000000,2679.453000,2473.175510,0.000000,0.000000,34.379582,5576.112060
2025-03-20,44,07:10-07:20,401.241617,380.134908,0.000000,2407.449700,2280.809446,0.000000,0.000000,21.106709,5552.660162
2025-03-20,45,07:20-07:30,369.577083,352.999117,0.000000,2217.462500,2117.994702,0.000000,0.000000,16.577966,5534.240199
2025-03-20,46,07:30-07:40,280.690200,348.742084,0.000000,1684.141200,2092.452504,0.000000,68.051884,0.000000,5595.486894
2025-03-20,47,07:40-07:50,334.578067,0.000000,0.000000,2007.468400,0.000000,0.000000,0.000000,334.578067,5223.733487
2025-03-20,48,07:50-08:00,488.179583,0.000000,0.000000,2929.077500,0.000000,0.000000,0.000000,488.179583,4681.311728
2025-03-20,49,08:00-08:10,482.803850,0.000000,0.000000,2896.823100,0.000000,0.000000,0.000000,482.803850,4144.863006
2025-03-20,50,08:10-08:20,438.371400,0.000000,0.000000,2630.228400,0.000000,0.000000,0.000000,438.371400,3657.783672
2025-03-20,51,08:20-08:30,411.157500,0.000000,0.000000,2466.945000,0.000000,0.000000,0.000000,411.157500,3200.942006
2025-03-20,52,08:30-08:40,332.672183,0.000000,0.000000,1996.033100,0.000000,0.000000,0.000000,332.672183,2831.306246
2025-03-20,53,08:40-08:50,278.005133,0.000000,0.000000,1668.030800,0.000000,0.000000,0.000000,278.005133,2522.411654
2025-03-20,54,08:50-09:00,262.820417,0.000000,0.000000,1576.922500,0.000000,0.000000,0.000000,262.820417,2230.388969
2025-03-20,55,09:00-09:10,221.283767,0.000000,0.000000,1327.702600,0.000000,0.000000,0.000000,221.283767,1984.518117
2025-03-20,56,09:10-09:20,150.518367,0.000000,0.000000,903.110200,0.000000,0.000000,0.000000,150.518367,1817.275487
2025-03-20,57,09:20-09:30,77.185417,0.000000,0.000000,463.112500,0.000000,0.000000,0.000000,77.185417,1731.513913
2025-03-20,58,09:30-09:40,36.094750,0.000000,0.000000,216.568500,0.000000,0.000000,0.000000,36.094750,1691.408635
2025-03-20,59,09:40-09:50,41.257350,0.000000,0.000000,247.544100,0.000000,0.000000,0.000000,41.257350,1645.567135
2025-03-20,60,09:50-10:00,45.207083,0.000000,0.000000,271.242500,0.000000,0.000000,0.000000,45.207083,1595.337043
2025-03-20,61,10:00-10:10,-16.208750,0.000000,0.000000,-97.252500,0.000000,0.000000,16.208750,0.000000,1609.924918
2025-03-20,62,10:10-10:20,-54.787800,0.000000,0.000000,-328.726800,0.000000,0.000000,54.787800,0.000000,1659.233938
2025-03-20,63,10:20-10:30,-67.577500,0.000000,0.000000,-405.465000,0.000000,0.000000,67.577500,0.000000,1720.053688
2025-03-20,64,10:30-10:40,-135.713067,0.000000,0.000000,-814.278400,0.000000,0.000000,135.713067,0.000000,1842.195448
2025-03-20,65,10:40-10:50,-183.836567,0.000000,0.000000,-1103.019400,0.000000,0.000000,183.836567,0.000000,2007.648358
2025-03-20,66,10:50-11:00,-163.850000,0.000000,0.000000,-983.100000,0.000000,0.000000,163.850000,0.000000,2155.113358
2025-03-20,67,11:00-11:10,-109.937383,548.033411,0.000000,-659.624300,3288.200469,0.000000,657.970795,0.000000,2747.287073
2025-03-20,68,11:10-11:20,-109.841150,575.612853,0.000000,-659.046900,3453.677117,0.000000,685.454003,0.000000,3364.195675
2025-03-20,69,11:20-11:30,-159.577083,621.293922,0.000000,-957.462500,3727.763531,0.000000,780.871005,0.000000,4066.979580
2025-03-20,70,11:30-11:40,-180.267617,588.345924,0.000000,-1081.605700,3530.075547,0.000000,768.613541,0.000000,4758.731767
2025-03-20,71,11:40-11:50,-209.235117,539.038152,0.000000,-1255.410700,3234.228910,0.000000,748.273268,0.000000,5432.177709
2025-03-20,72,11:50-12:00,-275.021667,494.439363,0.000000,-1650.130000,2966.636176,0.000000,769.461029,0.000000,6124.692635
2025-03-20,73,12:00-12:10,-354.021317,442.060917,0.000000,-2124.127900,2652.365501,0.000000,796.082234,0.000000,6841.166645
2025-03-20,74,12:10-12:20,-372.556800,445.290743,0.000000,-2235.340800,2671.744455,0.000000,817.847543,0.000000,7577.229434
2025-03-20,75,12:20-12:30,-304.283750,439.048917,0.000000,-1825.702500,2634.293501,0.000000,743.332667,0.000000,8246.228834
2025-03-20,76,12:30-12:40,-199.829433,467.815000,0.000000,-1198.976600,2806.890000,0.000000,667.644433,0.000000,8847.108824
2025-03-20,77,12:40-12:50,-173.098233,0.000000,0.000000,-1038.589400,0.000000,0.000000,173.098233,0.000000,9002.897234
2025-03-20,78,12:50-13:00,-195.736667,0.000000,0.000000,-1174.420000,0.000000,0.000000,195.736667,0.000000,9179.060234
2025-03-20,79,13:00-13:10,-138.075567,0.000000,0.000000,-828.453400,0.000000,0.000000,138.075567,0.000000,9303.328244
2025-03-20,80,13:10-13:20,-90.300383,0.000000,0.000000,-541.802300,0.000000,0.000000,90.300383,0.000000,9384.598589
2025-03-20,81,13:20-13:30,-95.118750,0.000000,0.000000,-570.712500,0.000000,0.000000,95.118750,0.000000,9470.205464
2025-03-20,82,13:30-13:40,-102.199117,0.000000,0.000000,-613.194700,0.000000,0.000000,102.199117,0.000000,9562.184669
2025-03-20,83,13:40-13:50,-104.792733,0.000000,0.000000,-628.756400,0.000000,0.000000,104.792733,0.000000,9656.498129
2025-03-20,84,13:50-14:00,-86.655000,0.000000,0.000000,-519.930000,0.000000,0.000000,86.655000,0.000000,9734.487629
2025-03-20,85,14:00-14:10,-28.355233,0.000000,0.000000,-170.131400,0.000000,0.000000,28.355233,0.000000,9760.007339
2025-03-20,86,14:10-14:20,18.553900,0.000000,0.000000,111.323400,0.000000,0.000000,0.000000,18.553900,9739.391894
2025-03-20,87,14:20-14:30,39.517083,0.000000,0.000000,237.102500,0.000000,0.000000,0.000000,39.517083,9695.484024
2025-03-20,88,14:30-14:40,70.293283,0.000000,0.000000,421.759700,0.000000,0.000000,0.000000,70.293283,9617.380376
2025-03-20,89,14:40-14:50,126.358517,0.000000,110.716178,758.151100,0.000000,664.297071,0.000000,15.642338,9600.000000
2025-03-20,90,14:50-15:00,180.644167,211.465314,0.000000,1083.865000,1268.791884,0.000000,30.821147,0.000000,9627.739033
2025-03-20,91,15:00-15:10,197.318567,500.021531,0.000000,1183.911400,3000.129187,0.000000,302.702965,0.000000,9900.171701
2025-03-20,92,15:10-15:20,248.806767,223.453926,25.352841,1492.840600,1340.723556,152.117044,0.000000,0.000000,9900.171701
2025-03-20,93,15:20-15:30,340.142500,305.663612,34.478888,2040.855000,1833.981673,206.873327,0.000000,0.000000,9900.171701
2025-03-20,94,15:30-15:40,402.782267,336.205459,66.576807,2416.693600,2017.232756,399.460844,0.000000,0.000000,9900.171701
2025-03-20,95,15:40-15:50,452.452450,399.592407,52.860043,2714.714700,2397.554441,317.160259,0.000000,0.000000,9900.171701
2025-03-20,96,15:50-16:00,507.324167,450.564477,56.759690,3043.945000,2703.386859,340.558141,0.000000,0.000000,9900.171701
2025-03-20,97,16:00-16:10,562.261550,480.478109,81.783441,3373.569300,2882.868653,490.700647,0.000000,0.000000,9900.171701
2025-03-20,98,16:10-16:20,599.067217,530.214111,68.853105,3594.403300,3181.284668,413.118632,0.000000,0.000000,9900.171701
2025-03-20,99,16:20-16:30,630.756250,614.406074,16.350176,3784.537500,3686.436443,98.101057,0.000000,0.000000,9900.171701
2025-03-20,100,16:30-16:40,688.735550,649.875760,38.859790,4132.413300,3899.254558,233.158742,0.000000,0.000000,9900.171701
2025-03-20,101,16:40-16:50,742.724283,694.195808,48.528475,4456.345700,4165.174849,291.170851,0.000000,0.000000,9900.171701
2025-03-20,102,16:50-17:00,787.412917,747.883150,39.529767,4724.477500,4487.298898,237.178602,0.000000,0.000000,9900.171701
2025-03-20,103,17:00-17:10,843.232450,814.813069,28.419381,5059.394700,4888.878412,170.516288,0.000000,0.000000,9900.171701
2025-03-20,104,17:10-17:20,873.855183,855.817946,18.037237,5243.131100,5134.907677,108.223423,0.000000,0.000000,9900.171701
2025-03-20,105,17:20-17:30,904.723750,910.557185,0.000000,5428.342500,5463.343109,0.000000,5.833435,0.000000,9905.421792
2025-03-20,106,17:30-17:40,973.090750,996.218100,0.000000,5838.544500,5977.308599,0.000000,23.127350,0.000000,9926.236407
2025-03-20,107,17:40-17:50,873.003183,904.387515,0.000000,5238.019100,5426.325093,0.000000,31.384332,0.000000,9954.482306
2025-03-20,108,17:50-18:00,682.353333,667.007596,15.345738,4094.120000,4002.045574,92.074426,0.000000,0.000000,9954.482306
2025-03-20,109,18:00-18:10,697.997283,658.077381,39.919902,4187.983700,3948.464287,239.519413,0.000000,0.000000,9954.482306
2025-03-20,110,18:10-18:20,739.308217,702.918538,36.389678,4435.849300,4217.511231,218.338069,0.000000,0.000000,9954.482306
2025-03-20,111,18:20-18:30,709.241667,697.352547,11.889120,4255.450000,4184.115283,71.334717,0.000000,0.000000,9954.482306
2025-03-20,112,18:30-18:40,714.422817,703.541764,10.881053,4286.536900,4221.250581,65.286319,0.000000,0.000000,9954.482306
2025-03-20,113,18:40-18:50,744.974333,460.259284,100.680974,4469.846000,2761.555707,604.085842,0.000000,184.034075,9750.000000
2025-03-20,114,18:50-19:00,763.206667,0.000000,0.000000,4579.240000,0.000000,0.000000,0.000000,763.206667,8901.992593
2025-03-20,115,19:00-19:10,746.718033,0.000000,0.000000,4480.308200,0.000000,0.000000,0.000000,746.718033,8072.305889
2025-03-20,116,19:10-19:20,714.255500,0.000000,0.000000,4285.533000,0.000000,0.000000,0.000000,714.255500,7278.688667
2025-03-20,117,19:20-19:30,699.463333,0.000000,0.000000,4196.780000,0.000000,0.000000,0.000000,699.463333,6501.507185
2025-03-20,118,19:30-19:40,721.811400,0.000000,0.000000,4330.868400,0.000000,0.000000,0.000000,721.811400,5699.494519
2025-03-20,119,19:40-19:50,728.491000,0.000000,0.000000,4370.946000,0.000000,0.000000,0.000000,728.491000,4890.060074
2025-03-20,120,19:50-20:00,726.368333,0.000000,0.000000,4358.210000,0.000000,0.000000,0.000000,726.368333,4082.984148
2025-03-20,121,20:00-20:10,764.336517,0.000000,0.000000,4586.019100,0.000000,0.000000,0.000000,764.336517,3233.721352
2025-03-20,122,20:10-20:20,753.943817,0.000000,305.994600,4523.662900,0.000000,1835.967600,0.000000,447.949217,2736.000000
2025-03-20,123,20:20-20:30,702.561667,0.000000,16.761667,4215.370000,0.000000,100.570000,0.000000,685.800000,1974.000000
2025-03-20,124,20:30-20:40,709.374483,0.000000,12.774483,4256.246900,0.000000,76.646900,0.000000,696.600000,1200.000000
2025-03-20,125,20:40-20:50,719.835983,698.724699,21.111285,4319.015900,4192.348192,126.667708,0.000000,0.000000,1200.000000
2025-03-20,126,20:50-21:00,709.541667,749.022437,0.000000,4257.250000,4494.134621,0.000000,39.480770,0.000000,1235.532693
2025-03-20,127,21:00-21:10,715.044683,734.175339,0.000000,4290.268100,4405.052035,0.000000,19.130656,0.000000,1252.750283
2025-03-20,128,21:10-21:20,736.450600,710.863106,0.000000,4418.703600,4265.178639,0.000000,0.000000,25.587494,1224.319735
2025-03-20,129,21:20-21:30,758.933333,721.605231,15.440341,4553.600000,4329.631387,92.642044,0.000000,21.887761,1200.000000
2025-03-20,130,21:30-21:40,754.375467,728.533609,25.841858,4526.252800,4371.201654,155.051146,0.000000,0.000000,1200.000000
2025-03-20,131,21:40-21:50,666.937533,688.763798,0.000000,4001.625200,4132.582788,0.000000,21.826265,0.000000,1219.643638
2025-03-20,132,21:50-22:00,553.156667,1356.605261,0.000000,3318.940000,8139.631565,0.000000,803.448594,0.000000,1942.747373
2025-03-20,133,22:00-22:10,538.901467,1356.141318,0.000000,3233.408800,8136.847908,0.000000,817.239851,0.000000,2678.263239
2025-03-20,134,22:10-22:20,553.328500,573.430358,0.000000,3319.971000,3440.582146,0.000000,20.101858,0.000000,2696.354911
2025-03-20,135,22:20-22:30,542.640000,1330.873062,0.000000,3255.840000,7985.238372,0.000000,788.233062,0.000000,3405.764667
2025-03-20,136,22:30-22:40,524.022100,1337.411702,0.000000,3144.132600,8024.470213,0.000000,813.389602,0.000000,4137.815309
2025-03-20,137,22:40-22:50,526.969567,1334.242744,0.000000,3161.817400,8005.456465,0.000000,807.273178,0.000000,4864.361169
2025-03-20,138,22:50-23:00,549.400000,1336.888998,0.000000,3296.400000,8021.333987,0.000000,787.488998,0.000000,5573.101267
2025-03-20,139,23:00-23:10,559.401350,1336.363625,0.000000,3356.408100,8018.181748,0.000000,776.962275,0.000000,6272.367314
2025-03-20,140,23:10-23:20,543.627933,1353.384116,0.000000,3261.767600,8120.304696,0.000000,809.756183,0.000000,7001.147878
2025-03-20,141,23:20-23:30,544.621667,1337.403349,0.000000,3267.730000,8024.420094,0.000000,792.781682,0.000000,7714.651392
2025-03-20,142,23:30-23:40,600.679333,1353.992030,0.000000,3604.076000,8123.952178,0.000000,753.312696,0.000000,8392.632819
2025-03-20,143,23:40-23:50,540.978183,1311.141440,0.000000,3245.869100,7866.848640,0.000000,770.163257,0.000000,9085.779750
2025-03-20,144,23:50-24:00,400.166667,1233.885634,0.000000,2401.000000,7403.313804,0.000000,833.333333,0.000000,9835.779750
2025-06-21,1,00:00-00:10,514.663967,489.628367,0.000000,3087.983800,2937.770202,0.000000,0.000000,25.035600,9123.636901
2025-06-21,2,00:10-00:20,533.348650,495.196012,0.000000,3200.091900,2971.176075,0.000000,0.000000,38.152638,9081.245082
2025-06-21,3,00:20-00:30,566.910000,488.480147,0.000000,3401.460000,2930.880882,0.000000,0.000000,78.429853,8994.100801
2025-06-21,4,00:30-00:40,510.587683,499.427171,0.000000,3063.526100,2996.563024,0.000000,0.000000,11.160513,8981.700231
2025-06-21,5,00:40-00:50,470.042867,486.135725,0.000000,2820.257200,2916.814349,0.000000,16.092858,0.000000,8996.183803
2025-06-21,6,00:50-01:00,480.563333,453.786006,0.000000,2883.380000,2722.716038,0.000000,0.000000,26.777327,8966.431218
2025-06-21,7,01:00-01:10,478.329933,453.382439,0.000000,2869.979600,2720.294636,0.000000,0.000000,24.947494,8938.711780
2025-06-21,8,01:10-01:20,497.638117,484.769397,0.000000,2985.828700,2908.616383,0.000000,0.000000,12.868719,8924.413203
2025-06-21,9,01:20-01:30,527.363333,492.041243,0.000000,3164.180000,2952.247457,0.000000,0.000000,35.322090,8885.166436
2025-06-21,10,01:30-01:40,510.807617,506.721092,0.000000,3064.845700,3040.326554,0.000000,0.000000,4.086524,8880.625853
2025-06-21,11,01:40-01:50,492.340983,461.465304,0.000000,2954.045900,2768.791826,0.000000,0.000000,30.875679,8846.319543
2025-06-21,12,01:50-02:00,499.103333,430.027304,0.000000,2994.620000,2580.163823,0.000000,0.000000,69.076029,8769.568399
2025-06-21,13,02:00-02:10,512.066900,478.200415,0.000000,3072.401400,2869.202491,0.000000,0.000000,33.866485,8731.938972
2025-06-21,14,02:10-02:20,502.183583,478.587222,0.000000,3013.101500,2871.523330,0.000000,0.000000,23.596362,8705.720792
2025-06-21,15,02:20-02:30,473.125000,0.000000,0.000000,2838.750000,0.000000,0.000000,0.000000,473.125000,8180.026348
2025-06-21,16,02:30-02:40,458.319983,412.193734,0.000000,2749.919900,2473.162402,0.000000,0.000000,46.126250,8128.774959
2025-06-21,17,02:40-02:50,470.097450,407.008108,0.000000,2820.584700,2442.048649,0.000000,0.000000,63.089342,8058.675690
2025-06-21,18,02:50-03:00,489.373333,417.488062,0.000000,2936.240000,2504.928375,0.000000,0.000000,71.885271,7978.803167
2025-06-21,19,03:00-03:10,486.698033,0.000000,0.000000,2920.188200,0.000000,0.000000,0.000000,486.698033,7438.027575
2025-06-21,20,03:10-03:20,491.838800,0.000000,0.000000,2951.032800,0.000000,0.000000,0.000000,491.838800,6891.540019
2025-06-21,21,03:20-03:30,496.251667,405.985840,0.000000,2977.510000,2435.915038,0.000000,0.000000,90.265827,6791.244656
2025-06-21,22,03:30-03:40,463.380300,435.207585,0.000000,2780.281800,2611.245512,0.000000,0.000000,28.172715,6759.941639
2025-06-21,23,03:40-03:50,454.717650,440.098010,0.000000,2728.305900,2640.588060,0.000000,0.000000,14.619640,6743.697595
2025-06-21,24,03:50-04:00,477.031667,0.000000,0.000000,2862.190000,0.000000,0.000000,0.000000,477.031667,6213.662410
2025-06-21,25,04:00-04:10,474.281983,0.000000,0.000000,2845.691900,0.000000,0.000000,0.000000,474.281983,5686.682428
2025-06-21,26,04:10-04:20,458.158500,0.000000,0.000000,2748.951000,0.000000,0.000000,0.000000,458.158500,5177.617428
2025-06-21,27,04:20-04:30,446.218333,247.108216,0.000000,2677.310000,1482.649299,0.000000,0.000000,199.110117,4956.383965
2025-06-21,28,04:30-04:40,442.953283,0.000000,0.000000,2657.719700,0.000000,0.000000,0.000000,442.953283,4464.213650
2025-06-21,29,04:40-04:50,450.386750,0.000000,0.000000,2702.320500,0.000000,0.000000,0.000000,450.386750,3963.783928
2025-06-21,30,04:50-05:00,454.174167,0.000000,0.000000,2725.045000,0.000000,0.000000,0.000000,454.174167,3459.145965
2025-06-21,31,05:00-05:10,424.658717,359.953393,0.000000,2547.952300,2159.720360,0.000000,0.000000,64.705323,3387.251161
2025-06-21,32,05:10-05:20,390.483450,0.000000,0.000000,2342.900700,0.000000,0.000000,0.000000,390.483450,2953.380661
2025-06-21,33,05:20-05:30,370.845833,349.285037,0.000000,2225.075000,2095.710222,0.000000,0.000000,21.560796,2929.424221
2025-06-21,34,05:30-05:40,359.578000,355.528944,4.049056,2157.468000,2133.173667,24.294333,0.000000,0.000000,2929.424221
2025-06-21,35,05:40-05:50,337.034917,0.000000,6.353118,2022.209500,0.000000,38.118706,0.000000,330.681799,2562.000000
2025-06-21,36,05:50-06:00,308.490000,0.000000,0.000000,1850.940000,0.000000,0.000000,0.000000,308.490000,2219.233333
2025-06-21,37,06:00-06:10,291.962500,0.000000,0.000000,1751.775000,0.000000,0.000000,0.000000,291.962500,1894.830556
2025-06-21,38,06:10-06:20,246.471367,0.000000,0.000000,1478.828200,0.000000,0.000000,0.000000,246.471367,1620.973481
2025-06-21,39,06:20-06:30,166.351250,0.000000,0.000000,998.107500,0.000000,0.000000,0.000000,166.351250,1436.138759
2025-06-21,40,06:30-06:40,97.385183,0.000000,0.000000,584.311100,0.000000,0.000000,0.000000,97.385183,1327.933000
2025-06-21,41,06:40-06:50,86.212100,0.000000,0.000000,517.272600,0.000000,0.000000,0.000000,86.212100,1232.141778
2025-06-21,42,06:50-07:00,100.836667,0.000000,71.909067,605.020000,0.000000,431.454400,0.000000,28.927600,1200.000000
2025-06-21,43,07:00-07:10,63.282300,0.000000,63.282300,379.693800,0.000000,379.693800,0.000000,0.000000,1200.000000
2025-06-21,44,07:10-07:20,21.927683,0.000000,21.927683,131.566100,0.000000,131.566100,0.000000,0.000000,1200.000000
2025-06-21,45,07:20-07:30,-8.339583,0.000000,0.000000,-50.037500,0.000000,0.000000,8.339583,0.000000,1207.505625
2025-06-21,46,07:30-07:40,-62.966783,0.000000,0.000000,-377.800700,0.000000,0.000000,62.966783,0.000000,1264.175730
2025-06-21,47,07:40-07:50,-116.303717,0.000000,0.000000,-697.822300,0.000000,0.000000,116.303717,0.000000,1368.849075
2025-06-21,48,07:50-08:00,-156.844167,0.000000,0.000000,-941.065000,0.000000,0.000000,156.844167,0.000000,1510.008825
2025-06-21,49,08:00-08:10,-195.452117,0.000000,0.000000,-1172.712700,0.000000,0.000000,195.452117,0.000000,1685.915730
2025-06-21,50,08:10-08:20,-213.468550,0.000000,0.000000,-1280.811300,0.000000,0.000000,213.468550,0.000000,1878.037425
2025-06-21,51,08:20-08:30,-220.185000,0.000000,0.000000,-1321.110000,0.000000,0.000000,220.185000,0.000000,2076.203925
2025-06-21,52,08:30-08:40,-241.482933,0.000000,0.000000,-1448.897600,0.000000,0.000000,241.482933,0.000000,2293.538565
2025-06-21,53,08:40-08:50,-229.762933,0.000000,0.000000,-1378.577600,0.000000,0.000000,229.762933,0.000000,2500.325205
2025-06-21,54,08:50-09:00,-182.575833,0.000000,0.000000,-1095.455000,0.000000,0.000000,182.575833,0.000000,2664.643455
2025-06-21,55,09:00-09:10,-160.175383,0.000000,0.000000,-961.052300,0.000000,0.000000,160.175383,0.000000,2808.801300
2025-06-21,56,09:10-09:20,-214.969967,0.000000,0.000000,-1289.819800,0.000000,0.000000,214.969967,0.000000,3002.274270
2025-06-21,57,09:20-09:30,-328.285417,0.000000,0.000000,-1969.712500,0.000000,0.000000,328.285417,0.000000,3297.731145
2025-06-21,58,09:30-09:40,-421.118233,0.000000,0.000000,-2526.709400,0.000000,0.000000,421.118233,0.000000,3676.737555
2025-06-21,59,09:40-09:50,-449.526183,0.000000,0.000000,-2697.157100,0.000000,0.000000,449.526183,0.000000,4081.311120
2025-06-21,60,09:50-10:00,-440.566250,0.000000,0.000000,-2643.397500,0.000000,0.000000,440.566250,0.000000,4477.820745
2025-06-21,61,10:00-10:10,-460.630867,0.000000,0.000000,-2763.785200,0.000000,0.000000,460.630867,0.000000,4892.388525
2025-06-21,62,10:10-10:20,-489.017133,0.000000,0.000000,-2934.102800,0.000000,0.000000,489.017133,0.000000,5332.503945
2025-06-21,63,10:20-10:30,-516.512917,0.000000,0.000000,-3099.077500,0.000000,0.000000,516.512917,0.000000,5797.365570
2025-06-21,64,10:30-10:40,-561.181233,0.000000,0.000000,-3367.087400,0.000000,0.000000,561.181233,0.000000,6302.428680
2025-06-21,65,10:40-10:50,-612.926317,0.000000,0.000000,-3677.557900,0.000000,0.000000,612.926317,0.000000,6854.062365
2025-06-21,66,10:50-11:00,-620.148333,0.000000,0.000000,-3720.890000,0.000000,0.000000,620.148333,0.000000,7412.195865
2025-06-21,67,11:00-11:10,-560.160833,0.000000,0.000000,-3360.965000,0.000000,0.000000,560.160833,0.000000,7916.340615
2025-06-21,68,11:10-11:20,-647.042517,0.000000,0.000000,-3882.255100,0.000000,0.000000,647.042517,0.000000,8498.678880
2025-06-21,69,11:20-11:30,-807.410833,0.000000,0.000000,-4844.465000,0.000000,0.000000,807.410833,0.000000,9225.348630
2025-06-21,70,11:30-11:40,-745.928950,0.000000,0.000000,-4475.573700,0.000000,0.000000,745.928950,0.000000,9896.684685
2025-06-21,71,11:40-11:50,-658.892883,0.000000,0.000000,-3953.357300,0.000000,0.000000,658.892883,0.000000,10489.688280
2025-06-21,72,11:50-12:00,-672.338750,0.000000,0.000000,-4034.032500,0.000000,0.000000,344.790800,0.000000,10800.000000
2025-06-21,73,12:00-12:10,-718.120267,0.000000,0.000000,-4308.721600,0.000000,0.000000,0.000000,0.000000,10800.000000
2025-06-21,74,12:10-12:20,-741.456717,0.000000,0.000000,-4448.740300,0.000000,0.000000,0.000000,0.000000,10800.000000
2025-06-21,75,12:20-12:30,-742.408750,0.000000,0.000000,-4454.452500,0.000000,0.000000,0.000000,0.000000,10800.000000
2025-06-21,76,12:30-12:40,-757.647217,0.000000,0.000000,-4545.883300,0.000000,0.000000,0.000000,0.000000,10800.000000
2025-06-21,77,12:40-12:50,-771.688017,0.000000,0.000000,-4630.128100,0.000000,0.000000,0.000000,0.000000,10800.000000
2025-06-21,78,12:50-13:00,-726.931667,0.000000,0.000000,-4361.590000,0.000000,0.000000,0.000000,0.000000,10800.000000
2025-06-21,79,13:00-13:10,-597.157983,0.000000,0.000000,-3582.947900,0.000000,0.000000,0.000000,0.000000,10800.000000
2025-06-21,80,13:10-13:20,-582.051283,0.000000,0.000000,-3492.307700,0.000000,0.000000,0.000000,0.000000,10800.000000
2025-06-21,81,13:20-13:30,-625.266250,0.000000,0.000000,-3751.597500,0.000000,0.000000,0.000000,0.000000,10800.000000
2025-06-21,82,13:30-13:40,-477.587133,0.000000,0.000000,-2865.522800,0.000000,0.000000,0.000000,0.000000,10800.000000
2025-06-21,83,13:40-13:50,-358.252800,0.000000,0.000000,-2149.516800,0.000000,0.000000,0.000000,0.000000,10800.000000
2025-06-21,84,13:50-14:00,-349.058333,0.000000,0.000000,-2094.350000,0.000000,0.000000,0.000000,0.000000,10800.000000
2025-06-21,85,14:00-14:10,-315.651217,0.000000,0.000000,-1893.907300,0.000000,0.000000,0.000000,0.000000,10800.000000
2025-06-21,86,14:10-14:20,-288.677650,0.000000,0.000000,-1732.065900,0.000000,0.000000,0.000000,0.000000,10800.000000
2025-06-21,87,14:20-14:30,-288.457917,0.000000,0.000000,-1730.747500,0.000000,0.000000,0.000000,0.000000,10800.000000
2025-06-21,88,14:30-14:40,-289.534900,0.000000,0.000000,-1737.209400,0.000000,0.000000,0.000000,0.000000,10800.000000
2025-06-21,89,14:40-14:50,-299.466083,0.000000,0.000000,-1796.796500,0.000000,0.000000,0.000000,0.000000,10800.000000
2025-06-21,90,14:50-15:00,-300.130417,0.000000,0.000000,-1800.782500,0.000000,0.000000,0.000000,0.000000,10800.000000
2025-06-21,91,15:00-15:10,-256.820067,0.000000,0.000000,-1540.920400,0.000000,0.000000,0.000000,0.000000,10800.000000
2025-06-21,92,15:10-15:20,-204.788167,0.000000,0.000000,-1228.729000,0.000000,0.000000,0.000000,0.000000,10800.000000
2025-06-21,93,15:20-15:30,-155.933333,0.000000,0.000000,-935.600000,0.000000,0.000000,0.000000,0.000000,10800.000000
2025-06-21,94,15:30-15:40,-90.656283,0.000000,0.000000,-543.937700,0.000000,0.000000,0.000000,0.000000,10800.000000
2025-06-21,95,15:40-15:50,-27.328983,9.525158,0.000000,-163.973900,57.150950,0.000000,0.000000,0.000000,10800.000000
2025-06-21,96,15:50-16:00,27.005000,88.038348,0.000000,162.030000,528.230088,0.000000,0.000000,0.000000,10800.000000
2025-06-21,97,16:00-16:10,78.571550,117.919340,0.000000,471.429300,707.516042,0.000000,0.000000,0.000000,10800.000000
2025-06-21,98,16:10-16:20,103.204300,181.239312,0.000000,619.225800,1087.435874,0.000000,0.000000,0.000000,10800.000000
2025-06-21,99,16:20-16:30,105.907500,181.646890,0.000000,635.445000,1089.881339,0.000000,0.000000,0.000000,10800.000000
2025-06-21,100,16:30-16:40,115.424033,243.993590,0.000000,692.544200,1463.961537,0.000000,0.000000,0.000000,10800.000000
2025-06-21,101,16:40-16:50,109.619683,253.226422,0.000000,657.718100,1519.358531,0.000000,0.000000,0.000000,10800.000000
2025-06-21,102,16:50-17:00,102.781250,245.481241,0.000000,616.687500,1472.887447,0.000000,0.000000,0.000000,10800.000000
2025-06-21,103,17:00-17:10,142.627433,244.433023,0.000000,855.764600,1466.598137,0.000000,0.000000,0.000000,10800.000000
2025-06-21,104,17:10-17:20,212.795000,268.417482,0.000000,1276.770000,1610.504895,0.000000,0.000000,0.000000,10800.000000
2025-06-21,105,17:20-17:30,288.967917,330.738463,0.000000,1733.807500,1984.430777,0.000000,0.000000,0.000000,10800.000000
2025-06-21,106,17:30-17:40,353.470167,391.894236,0.000000,2120.821000,2351.365418,0.000000,0.000000,0.000000,10800.000000
2025-06-21,107,17:40-17:50,382.320917,375.046539,0.000000,2293.925500,2250.279232,0.000000,0.000000,7.274378,10791.917358
2025-06-21,108,17:50-18:00,385.901667,360.630661,0.000000,2315.410000,2163.783966,0.000000,0.000000,25.271006,10763.838463
2025-06-21,109,18:00-18:10,402.359033,346.262378,0.000000,2414.154200,2077.574270,0.000000,0.000000,56.096655,10701.508846
2025-06-21,110,18:10-18:20,436.624750,440.825818,0.000000,2619.748500,2644.954906,0.000000,4.201068,0.000000,10705.289807
2025-06-21,111,18:20-18:30,481.681667,427.465877,0.000000,2890.090000,2564.795262,0.000000,0.000000,54.215790,10645.050040
2025-06-21,112,18:30-18:40,530.129167,488.116986,0.000000,3180.775000,2928.701913,0.000000,0.000000,42.012181,10598.369839
2025-06-21,113,18:40-18:50,585.454683,0.000000,0.000000,3512.728100,0.000000,0.000000,0.000000,585.454683,9947.864635
2025-06-21,114,18:50-19:00,640.826250,0.000000,0.000000,3844.957500,0.000000,0.000000,0.000000,640.826250,9235.835469
2025-06-21,115,19:00-19:10,667.490700,0.000000,0.000000,4004.944200,0.000000,0.000000,0.000000,667.490700,8494.179135
2025-06-21,116,19:10-19:20,617.246917,0.000000,0.000000,3703.481500,0.000000,0.000000,0.000000,617.246917,7808.349228
2025-06-21,117,19:20-19:30,548.913333,0.000000,0.000000,3293.480000,0.000000,0.000000,0.000000,548.913333,7198.445524
2025-06-21,118,19:30-19:40,582.087567,0.000000,0.000000,3492.525400,0.000000,0.000000,0.000000,582.087567,6551.681561
2025-06-21,119,19:40-19:50,581.738750,0.000000,0.000000,3490.432500,0.000000,0.000000,0.000000,581.738750,5905.305173
2025-06-21,120,19:50-20:00,531.603333,0.000000,0.000000,3189.620000,0.000000,0.000000,0.000000,531.603333,5314.634802
2025-06-21,121,20:00-20:10,558.039433,0.000000,0.000000,3348.236600,0.000000,0.000000,0.000000,558.039433,4694.590987
2025-06-21,122,20:10-20:20,620.864733,0.000000,0.000000,3725.188400,0.000000,0.000000,0.000000,620.864733,4004.741284
2025-06-21,123,20:20-20:30,660.021667,0.000000,0.000000,3960.130000,0.000000,0.000000,0.000000,660.021667,3271.383876
2025-06-21,124,20:30-20:40,646.970750,0.000000,0.000000,3881.824500,0.000000,0.000000,0.000000,646.970750,2552.527487
2025-06-21,125,20:40-20:50,585.611950,644.197290,0.000000,3513.671700,3865.183739,0.000000,58.585340,0.000000,2605.254293
2025-06-21,126,20:50-21:00,526.720000,697.058443,0.000000,3160.320000,4182.350660,0.000000,170.338443,0.000000,2758.558892
2025-06-21,127,21:00-21:10,535.785100,628.337678,0.000000,3214.710600,3770.026071,0.000000,92.552578,0.000000,2841.856213
2025-06-21,128,21:10-21:20,581.517150,593.348725,0.000000,3489.102900,3560.092350,0.000000,11.831575,0.000000,2852.504630
2025-06-21,129,21:20-21:30,618.915000,608.337360,0.000000,3713.490000,3650.024162,0.000000,0.000000,10.577640,2840.751697
2025-06-21,130,21:30-21:40,619.241283,594.041941,0.000000,3715.447700,3564.251644,0.000000,0.000000,25.199343,2812.752428
2025-06-21,131,21:40-21:50,576.779467,585.375399,0.000000,3460.676800,3512.252395,0.000000,8.595933,0.000000,2820.488767
2025-06-21,132,21:50-22:00,528.280000,1293.501519,0.000000,3169.680000,7761.009112,0.000000,765.221519,0.000000,3509.188134
2025-06-21,133,22:00-22:10,526.873733,1309.758568,0.000000,3161.242400,7858.551410,0.000000,782.884835,0.000000,4213.784485
2025-06-21,134,22:10-22:20,544.741083,566.155213,0.000000,3268.446500,3396.931277,0.000000,21.414130,0.000000,4233.057202
2025-06-21,135,22:20-22:30,552.865000,1292.597439,0.000000,3317.190000,7755.584632,0.000000,739.732439,0.000000,4898.816397
2025-06-21,136,22:30-22:40,546.839850,1306.479437,0.000000,3281.039100,7838.876622,0.000000,759.639587,0.000000,5582.492025
2025-06-21,137,22:40-22:50,541.792900,1316.757466,0.000000,3250.757400,7900.544795,0.000000,774.964566,0.000000,6279.960134
2025-06-21,138,22:50-23:00,531.731667,1308.666169,0.000000,3190.390000,7851.997016,0.000000,776.934503,0.000000,6979.201187
2025-06-21,139,23:00-23:10,499.822717,1055.864337,0.000000,2998.936300,6335.186021,0.000000,556.041620,0.000000,7479.638645
2025-06-21,140,23:10-23:20,486.829050,1291.838351,0.000000,2920.974300,7751.030106,0.000000,805.009301,0.000000,8204.147016
2025-06-21,141,23:20-23:30,498.216667,1298.004082,0.000000,2989.300000,7788.024494,0.000000,799.787416,0.000000,8923.955690
2025-06-21,142,23:30-23:40,504.095167,1298.873979,0.000000,3024.571000,7793.243872,0.000000,794.778812,0.000000,9639.256621
2025-06-21,143,23:40-23:50,532.219017,627.802711,0.000000,3193.314100,3766.816265,0.000000,95.583694,0.000000,9725.281945
2025-06-21,144,23:50-24:00,606.023333,800.247084,0.000000,3636.140000,4801.482501,0.000000,194.223750,0.000000,9900.083321
2025-09-23,1,00:00-00:10,570.184333,1375.918254,0.000000,3421.106000,8255.509526,0.000000,805.733921,0.000000,7660.708405
2025-09-23,2,00:10-00:20,560.318183,1333.870387,0.000000,3361.909100,8003.222319,0.000000,773.552203,0.000000,8356.905388
2025-09-23,3,00:20-00:30,564.766667,1334.892490,0.000000,3388.600000,8009.354937,0.000000,770.125823,0.000000,9050.018628
2025-09-23,4,00:30-00:40,598.508917,607.256846,0.000000,3591.053500,3643.541075,0.000000,8.747929,0.000000,9057.891764
2025-09-23,5,00:40-00:50,606.510650,759.381713,0.000000,3639.063900,4556.290276,0.000000,152.871063,0.000000,9195.475721
2025-09-23,6,00:50-01:00,589.770000,613.183735,0.000000,3538.620000,3679.102408,0.000000,23.413735,0.000000,9216.548082
2025-09-23,7,01:00-01:10,597.353350,600.645083,0.000000,3584.120100,3603.870500,0.000000,3.291733,0.000000,9219.510642
2025-09-23,8,01:10-01:20,579.971667,583.135443,0.000000,3479.830000,3498.812656,0.000000,3.163776,0.000000,9222.358040
2025-09-23,9,01:20-01:30,552.680000,580.057664,0.000000,3316.080000,3480.345985,0.000000,27.377664,0.000000,9246.997938
2025-09-23,10,01:30-01:40,584.053350,617.871694,0.000000,3504.320100,3707.230165,0.000000,33.818344,0.000000,9277.434448
2025-09-23,11,01:40-01:50,601.861617,629.782528,0.000000,3611.169700,3778.695169,0.000000,27.920912,0.000000,9302.563268
2025-09-23,12,01:50-02:00,590.606667,608.897834,0.000000,3543.640000,3653.387002,0.000000,18.291167,0.000000,9319.025319
2025-09-23,13,02:00-02:10,604.563050,665.214261,0.000000,3627.378300,3991.285568,0.000000,60.651211,0.000000,9373.611409
2025-09-23,14,02:10-02:20,607.799550,651.247891,0.000000,3646.797300,3907.487344,0.000000,43.448341,0.000000,9412.714915
2025-09-23,15,02:20-02:30,594.986667,617.649293,0.000000,3569.920000,3705.895760,0.000000,22.662627,0.000000,9433.111279
2025-09-23,16,02:30-02:40,598.512400,609.925278,0.000000,3591.074400,3659.551666,0.000000,11.412878,0.000000,9443.382869
2025-09-23,17,02:40-02:50,587.279767,625.508742,0.000000,3523.678600,3753.052453,0.000000,38.228976,0.000000,9477.788947
2025-09-23,18,02:50-03:00,567.005000,609.925506,0.000000,3402.030000,3659.553035,0.000000,42.920506,0.000000,9516.417402
2025-09-23,19,03:00-03:10,578.479933,640.639246,0.000000,3470.879600,3843.835477,0.000000,62.159313,0.000000,9572.360784
2025-09-23,20,03:10-03:20,591.051967,657.314099,0.000000,3546.311800,3943.884597,0.000000,66.262133,0.000000,9631.996703
2025-09-23,21,03:20-03:30,586.850000,634.427701,0.000000,3521.100000,3806.566205,0.000000,47.577701,0.000000,9674.816634
2025-09-23,22,03:30-03:40,582.173583,665.222054,0.000000,3493.041500,3991.332324,0.000000,83.048471,0.000000,9749.560258
2025-09-23,23,03:40-03:50,602.753333,660.362224,0.000000,3616.520000,3962.173345,0.000000,57.608891,0.000000,9801.408260
2025-09-23,24,03:50-04:00,623.128333,600.426081,0.000000,3738.770000,3602.556488,0.000000,0.000000,22.702252,9776.183535
2025-09-23,25,04:00-04:10,595.522683,599.795924,0.000000,3573.136100,3598.775545,0.000000,4.273241,0.000000,9780.029452
2025-09-23,26,04:10-04:20,591.470933,610.593859,0.000000,3548.825600,3663.563155,0.000000,19.122926,0.000000,9797.240085
2025-09-23,27,04:20-04:30,616.071667,638.510659,0.000000,3696.430000,3831.063952,0.000000,22.438992,0.000000,9817.435178
2025-09-23,28,04:30-04:40,604.896300,617.583338,0.000000,3629.377800,3705.500030,0.000000,12.687038,0.000000,9828.853512
2025-09-23,29,04:40-04:50,600.415817,593.409131,0.000000,3602.494900,3560.454789,0.000000,0.000000,7.006685,9821.068306
2025-09-23,30,04:50-05:00,618.123333,636.492382,0.000000,3708.740000,3818.954290,0.000000,18.369048,0.000000,9837.600450
2025-09-23,31,05:00-05:10,625.165267,659.279608,0.000000,3750.991600,3955.677649,0.000000,34.114342,0.000000,9868.303357
2025-09-23,32,05:10-05:20,614.908133,660.145117,0.000000,3689.448800,3960.870702,0.000000,45.236984,0.000000,9909.016643
2025-09-23,33,05:20-05:30,592.946667,662.470143,0.000000,3557.680000,3974.820858,0.000000,69.523476,0.000000,9971.587771
2025-09-23,34,05:30-05:40,583.978050,1401.959416,0.000000,3503.868300,8411.756495,0.000000,817.981366,0.000000,10707.771000
2025-09-23,35,05:40-05:50,666.913433,683.786083,0.000000,4001.480600,4102.716496,0.000000,16.872649,0.000000,10722.956385
2025-09-23,36,05:50-06:00,790.623333,10.762736,0.000000,4743.740000,64.576414,0.000000,0.000000,779.860598,9856.444610
2025-09-23,37,06:00-06:10,793.772083,29.501800,0.000000,4762.632500,177.010798,0.000000,0.000000,764.270284,9007.255406
2025-09-23,38,06:10-06:20,742.659817,0.000000,0.000000,4455.958900,0.000000,0.000000,0.000000,742.659817,8182.077832
2025-09-23,39,06:20-06:30,690.468750,0.000000,0.000000,4142.812500,0.000000,0.000000,0.000000,690.468750,7414.890332
2025-09-23,40,06:30-06:40,630.584017,0.000000,0.000000,3783.504100,0.000000,0.000000,0.000000,630.584017,6714.241424
2025-09-23,41,06:40-06:50,584.882150,568.694963,0.000000,3509.292900,3412.169777,0.000000,0.000000,16.187187,6696.255661
2025-09-23,42,06:50-07:00,546.212500,515.987008,0.000000,3277.275000,3095.922051,0.000000,0.000000,30.225492,6662.671781
2025-09-23,43,07:00-07:10,484.722833,465.704838,0.000000,2908.337000,2794.229027,0.000000,0.000000,19.017996,6641.540675
2025-09-23,44,07:10-07:20,425.308350,401.356289,0.000000,2551.850100,2408.137732,0.000000,0.000000,23.952061,6614.927273
2025-09-23,45,07:20-07:30,361.320417,387.224161,0.000000,2167.922500,2323.344964,0.000000,25.903744,0.000000,6638.240643
2025-09-23,46,07:30-07:40,285.468267,555.076289,0.000000,1712.809600,3330.457736,0.000000,269.608023,0.000000,6880.887863
2025-09-23,47,07:40-07:50,357.730217,0.000000,0.000000,2146.381300,0.000000,0.000000,0.000000,357.730217,6483.409845
2025-09-23,48,07:50-08:00,491.324583,0.000000,0.000000,2947.947500,0.000000,0.000000,0.000000,491.324583,5937.493641
2025-09-23,49,08:00-08:10,424.227000,0.000000,0.000000,2545.362000,0.000000,0.000000,0.000000,424.227000,5466.130308
2025-09-23,50,08:10-08:20,340.299650,0.000000,0.000000,2041.797900,0.000000,0.000000,0.000000,340.299650,5088.019586
2025-09-23,51,08:20-08:30,322.888750,0.000000,0.000000,1937.332500,0.000000,0.000000,0.000000,322.888750,4729.254308
2025-09-23,52,08:30-08:40,267.164750,0.000000,0.000000,1602.988500,0.000000,0.000000,0.000000,267.164750,4432.404586
2025-09-23,53,08:40-08:50,177.016983,0.000000,0.000000,1062.101900,0.000000,0.000000,0.000000,177.016983,4235.719049
2025-09-23,54,08:50-09:00,103.286667,0.000000,0.000000,619.720000,0.000000,0.000000,0.000000,103.286667,4120.956086
2025-09-23,55,09:00-09:10,88.530533,0.000000,0.000000,531.183200,0.000000,0.000000,0.000000,88.530533,4022.588826
2025-09-23,56,09:10-09:20,75.393733,0.000000,0.000000,452.362400,0.000000,0.000000,0.000000,75.393733,3938.818012
2025-09-23,57,09:20-09:30,46.359583,0.000000,0.000000,278.157500,0.000000,0.000000,0.000000,46.359583,3887.307363
2025-09-23,58,09:30-09:40,34.080667,0.000000,0.000000,204.484000,0.000000,0.000000,0.000000,34.080667,3849.439956
2025-09-23,59,09:40-09:50,13.978433,0.000000,0.000000,83.870600,0.000000,0.000000,0.000000,13.978433,3833.908363
2025-09-23,60,09:50-10:00,-5.300417,0.000000,0.000000,-31.802500,0.000000,0.000000,5.300417,0.000000,3838.678738
2025-09-23,61,10:00-10:10,3.388967,0.000000,0.000000,20.333800,0.000000,0.000000,0.000000,3.388967,3834.913220
2025-09-23,62,10:10-10:20,-45.913567,0.000000,0.000000,-275.481400,0.000000,0.000000,45.913567,0.000000,3876.235430
2025-09-23,63,10:20-10:30,-133.931667,0.000000,0.000000,-803.590000,0.000000,0.000000,133.931667,0.000000,3996.773930
2025-09-23,64,10:30-10:40,-146.789050,0.000000,0.000000,-880.734300,0.000000,0.000000,146.789050,0.000000,4128.884075
2025-09-23,65,10:40-10:50,-127.813067,0.000000,0.000000,-766.878400,0.000000,0.000000,127.813067,0.000000,4243.915835
2025-09-23,66,10:50-11:00,-148.185833,0.000000,0.000000,-889.115000,0.000000,0.000000,148.185833,0.000000,4377.283085
2025-09-23,67,11:00-11:10,-237.941717,359.705666,0.000000,-1427.650300,2158.233996,0.000000,597.647383,0.000000,4915.165729
2025-09-23,68,11:10-11:20,-316.498517,0.000000,0.000000,-1898.991100,0.000000,0.000000,316.498517,0.000000,5200.014394
2025-09-23,69,11:20-11:30,-328.036250,0.000000,0.000000,-1968.217500,0.000000,0.000000,328.036250,0.000000,5495.247019
2025-09-23,70,11:30-11:40,-295.940550,0.000000,0.000000,-1775.643300,0.000000,0.000000,295.940550,0.000000,5761.593514
2025-09-23,71,11:40-11:50,-343.976450,444.746887,0.000000,-2063.858700,2668.481320,0.000000,788.723337,0.000000,6471.444517
2025-09-23,72,11:50-12:00,-453.312083,331.609760,0.000000,-2719.872500,1989.658563,0.000000,784.921844,0.000000,7177.874177
2025-09-23,73,12:00-12:10,-479.138700,332.534186,0.000000,-2874.832200,1995.205119,0.000000,811.672886,0.000000,7908.379774
2025-09-23,74,12:10-12:20,-441.904033,357.716517,0.000000,-2651.424200,2146.299100,0.000000,799.620550,0.000000,8628.038269
2025-09-23,75,12:20-12:30,-421.009583,349.566263,0.000000,-2526.057500,2097.397578,0.000000,770.575846,0.000000,9321.556531
2025-09-23,76,12:30-12:40,-460.462517,409.829285,0.000000,-2762.775100,2458.975710,0.000000,833.333333,0.000000,10071.556531
2025-09-23,77,12:40-12:50,-409.178800,0.000000,0.000000,-2455.072800,0.000000,0.000000,409.178800,0.000000,10439.817451
2025-09-23,78,12:50-13:00,-287.767917,0.000000,0.000000,-1726.607500,0.000000,0.000000,287.767917,0.000000,10698.808576
2025-09-23,79,13:00-13:10,-271.910917,0.000000,0.000000,-1631.465500,0.000000,0.000000,112.434915,0.000000,10800.000000
2025-09-23,80,13:10-13:20,-278.945617,0.000000,0.000000,-1673.673700,0.000000,0.000000,0.000000,0.000000,10800.000000
2025-09-23,81,13:20-13:30,-248.609583,0.000000,0.000000,-1491.657500,0.000000,0.000000,0.000000,0.000000,10800.000000
2025-09-23,82,13:30-13:40,-205.436183,0.000000,0.000000,-1232.617100,0.000000,0.000000,0.000000,0.000000,10800.000000
2025-09-23,83,13:40-13:50,-156.054517,0.000000,0.000000,-936.327100,0.000000,0.000000,0.000000,0.000000,10800.000000
2025-09-23,84,13:50-14:00,-114.238750,0.000000,0.000000,-685.432500,0.000000,0.000000,0.000000,0.000000,10800.000000
2025-09-23,85,14:00-14:10,-89.892717,0.000000,0.000000,-539.356300,0.000000,0.000000,0.000000,0.000000,10800.000000
2025-09-23,86,14:10-14:20,-30.106467,0.000000,0.000000,-180.638800,0.000000,0.000000,0.000000,0.000000,10800.000000
2025-09-23,87,14:20-14:30,63.758333,0.000000,0.000000,382.550000,0.000000,0.000000,0.000000,63.758333,10729.157407
2025-09-23,88,14:30-14:40,137.285467,0.000000,0.000000,823.712800,0.000000,0.000000,0.000000,137.285467,10576.618000
2025-09-23,89,14:40-14:50,202.581117,0.000000,0.000000,1215.486700,0.000000,0.000000,0.000000,202.581117,10351.527870
2025-09-23,90,14:50-15:00,250.173750,155.711492,0.000000,1501.042500,934.268953,0.000000,0.000000,94.462258,10246.569806
2025-09-23,91,15:00-15:10,255.883850,148.061916,0.000000,1535.303100,888.371497,0.000000,0.000000,107.821934,10126.767657
2025-09-23,92,15:10-15:20,287.784200,305.162933,0.000000,1726.705200,1830.977598,0.000000,17.378733,0.000000,10142.408517
2025-09-23,93,15:20-15:30,327.535417,368.509885,0.000000,1965.212500,2211.059308,0.000000,40.974468,0.000000,10179.285538
2025-09-23,94,15:30-15:40,302.307267,355.756314,0.000000,1813.843600,2134.537882,0.000000,53.449047,0.000000,10227.389681
2025-09-23,95,15:40-15:50,352.949183,381.239131,0.000000,2117.695100,2287.434783,0.000000,28.289947,0.000000,10252.850633
2025-09-23,96,15:50-16:00,493.582500,499.208831,0.000000,2961.495000,2995.252987,0.000000,5.626331,0.000000,10257.914331
2025-09-23,97,16:00-16:10,589.432650,564.950551,0.000000,3536.595900,3389.703309,0.000000,0.000000,24.482099,10230.712000
2025-09-23,98,16:10-16:20,635.813650,615.607534,0.000000,3814.881900,3693.645204,0.000000,0.000000,20.206116,10208.260760
2025-09-23,99,16:20-16:30,668.235417,628.591599,0.000000,4009.412500,3771.549597,0.000000,0.000000,39.643817,10164.212074
2025-09-23,100,16:30-16:40,716.347533,709.248704,0.000000,4298.085200,4255.492223,0.000000,0.000000,7.098829,10156.324486
2025-09-23,101,16:40-16:50,764.822683,787.306393,0.000000,4588.936100,4723.838358,0.000000,22.483710,0.000000,10176.559824
2025-09-23,102,16:50-17:00,814.053750,845.279139,0.000000,4884.322500,5071.674837,0.000000,31.225389,0.000000,10204.662675
2025-09-23,103,17:00-17:10,877.086983,899.444201,0.000000,5262.521900,5396.665208,0.000000,22.357218,0.000000,10224.784171
2025-09-23,104,17:10-17:20,913.336617,933.420651,0.000000,5480.019700,5600.523903,0.000000,20.084034,0.000000,10242.859802
2025-09-23,105,17:20-17:30,956.383750,996.185958,0.000000,5738.302500,5977.115746,0.000000,39.802208,0.000000,10278.681788
2025-09-23,106,17:30-17:40,1051.862667,1048.752585,0.000000,6311.176000,6292.515512,0.000000,0.000000,3.110081,10275.226142
2025-09-23,107,17:40-17:50,959.165317,947.945448,0.000000,5754.991900,5687.672687,0.000000,0.000000,11.219869,10262.759621
2025-09-23,108,17:50-18:00,752.645000,732.152384,0.000000,4515.870000,4392.914305,0.000000,0.000000,20.492616,10239.990048
2025-09-23,109,18:00-18:10,764.329850,724.684837,0.000000,4585.979100,4348.109022,0.000000,0.000000,39.645013,10195.940034
2025-09-23,110,18:10-18:20,830.227267,785.701598,0.000000,4981.363600,4714.209589,0.000000,0.000000,44.525669,10146.467069
2025-09-23,111,18:20-18:30,834.416667,787.215507,0.000000,5006.500000,4723.293045,0.000000,0.000000,47.201159,10094.021336
2025-09-23,112,18:30-18:40,836.159650,768.194744,0.000000,5016.957900,4609.168461,0.000000,0.000000,67.964906,10018.504774
2025-09-23,113,18:40-18:50,810.364700,736.005083,0.000000,4862.188200,4416.030499,0.000000,0.000000,74.359617,9935.882977
2025-09-23,114,18:50-19:00,777.426667,14.190313,0.000000,4664.560000,85.141881,0.000000,0.000000,763.236353,9087.842585
2025-09-23,115,19:00-19:10,799.098883,55.323860,0.000000,4794.593300,331.943160,0.000000,0.000000,743.775023,8261.425892
2025-09-23,116,19:10-19:20,825.595867,34.304390,0.000000,4953.575200,205.826340,0.000000,0.000000,791.291477,7382.213140
2025-09-23,117,19:20-19:30,817.816667,2.885605,0.000000,4906.900000,17.313629,0.000000,0.000000,814.931062,6476.734183
2025-09-23,118,19:30-19:40,786.836350,33.863483,0.000000,4721.018100,203.180900,0.000000,0.000000,752.972867,5640.097664
2025-09-23,119,19:40-19:50,784.218900,54.207807,0.000000,4705.313400,325.246840,0.000000,0.000000,730.011093,4828.974227
2025-09-23,120,19:50-20:00,811.911667,65.474152,0.000000,4871.470000,392.844910,0.000000,0.000000,746.437515,3999.599211
2025-09-23,121,20:00-20:10,827.178117,53.690619,0.000000,4963.068700,322.143713,0.000000,0.000000,773.487498,3140.168658
2025-09-23,122,20:10-20:20,843.567700,699.077531,0.000000,5061.406200,4194.465185,0.000000,0.000000,144.490169,2979.624025
2025-09-23,123,20:20-20:30,839.708333,56.716628,0.000000,5038.250000,340.299767,0.000000,0.000000,782.991706,2109.633241
2025-09-23,124,20:30-20:40,784.895283,42.584446,0.000000,4709.371700,255.506679,0.000000,0.000000,742.310837,1284.843422
2025-09-23,125,20:40-20:50,801.661800,803.354617,0.000000,4809.970800,4820.127703,0.000000,1.692817,0.000000,1286.366958
2025-09-23,126,20:50-21:00,869.216667,827.614826,0.000000,5215.300000,4965.688953,0.000000,0.000000,41.601841,1240.142690
2025-09-23,127,21:00-21:10,842.524383,854.591107,0.000000,5055.146300,5127.546641,0.000000,12.066724,0.000000,1251.002741
2025-09-23,128,21:10-21:20,804.595183,833.960707,0.000000,4827.571100,5003.764239,0.000000,29.365523,0.000000,1277.431712
2025-09-23,129,21:20-21:30,813.381667,813.418144,0.000000,4880.290000,4880.508867,0.000000,0.036478,0.000000,1277.464542
2025-09-23,130,21:30-21:40,829.869133,868.370007,0.000000,4979.214800,5210.220042,0.000000,38.500874,0.000000,1312.115328
2025-09-23,131,21:40-21:50,768.186500,797.945856,0.000000,4609.119000,4787.675133,0.000000,29.759356,0.000000,1338.898748
2025-09-23,132,21:50-22:00,639.243333,1336.158213,0.000000,3835.460000,8016.949277,0.000000,696.914879,0.000000,1966.122140
2025-09-23,133,22:00-22:10,553.441567,1370.042487,0.000000,3320.649400,8220.254924,0.000000,816.600921,0.000000,2701.062969
2025-09-23,134,22:10-22:20,582.678567,643.834441,0.000000,3496.071400,3863.006647,0.000000,61.155874,0.000000,2756.103256
2025-09-23,135,22:20-22:30,647.206667,1322.750836,0.000000,3883.240000,7936.505016,0.000000,675.544169,0.000000,3364.093008
2025-09-23,136,22:30-22:40,596.699850,1315.588663,0.000000,3580.199100,7893.531977,0.000000,718.888813,0.000000,4011.092940
2025-09-23,137,22:40-22:50,555.352283,679.190510,0.000000,3332.113700,4075.143062,0.000000,123.838227,0.000000,4122.547344
2025-09-23,138,22:50-23:00,569.350000,1270.706657,0.000000,3416.100000,7624.239942,0.000000,701.356657,0.000000,4753.768335
2025-09-23,139,23:00-23:10,564.655867,657.218632,0.000000,3387.935200,3943.311793,0.000000,92.562766,0.000000,4837.074824
2025-09-23,140,23:10-23:20,576.501567,678.230561,0.000000,3459.009400,4069.383364,0.000000,101.728994,0.000000,4928.630919
2025-09-23,141,23:20-23:30,610.325000,1287.493285,0.000000,3661.950000,7724.959707,0.000000,677.168285,0.000000,5538.082375
2025-09-23,142,23:30-23:40,617.067300,1290.149977,0.000000,3702.403800,7740.899859,0.000000,673.082677,0.000000,6143.856784
2025-09-23,143,23:40-23:50,568.298083,651.221462,0.000000,3409.788500,3907.328770,0.000000,82.923378,0.000000,6218.487824
2025-09-23,144,23:50-24:00,524.601667,652.459997,0.000000,3147.610000,3914.759980,0.000000,127.858330,0.000000,6333.560321
2025-12-21,1,00:00-00:10,596.017717,621.064007,0.000000,3576.106300,3726.384043,0.000000,25.046290,0.000000,9858.085614
2025-12-21,2,00:10-00:20,589.645167,616.717973,0.000000,3537.871000,3700.307839,0.000000,27.072807,0.000000,9882.451140
2025-12-21,3,00:20-00:30,578.683333,628.237373,0.000000,3472.100000,3769.424237,0.000000,49.554039,0.000000,9927.049775
2025-12-21,4,00:30-00:40,564.710033,631.699270,0.000000,3388.260200,3790.195622,0.000000,66.989237,0.000000,9987.340088
2025-12-21,5,00:40-00:50,549.903883,650.431649,0.000000,3299.423300,3902.589896,0.000000,100.527766,0.000000,10077.815078
2025-12-21,6,00:50-01:00,558.210000,621.532548,0.000000,3349.260000,3729.195285,0.000000,63.322548,0.000000,10134.805371
2025-12-21,7,01:00-01:10,610.348517,609.048256,0.000000,3662.091100,3654.289538,0.000000,0.000000,1.300260,10133.360637
2025-12-21,8,01:10-01:20,633.235950,629.874079,0.000000,3799.415700,3779.244473,0.000000,0.000000,3.361871,10129.625225
2025-12-21,9,01:20-01:30,622.696667,651.609787,0.000000,3736.180000,3909.658719,0.000000,28.913120,0.000000,10155.647032
2025-12-21,10,01:30-01:40,637.489267,643.627553,0.000000,3824.935600,3861.765318,0.000000,6.138286,0.000000,10161.171490
2025-12-21,11,01:40-01:50,622.368000,657.097380,0.000000,3734.208000,3942.584281,0.000000,34.729380,0.000000,10192.427932
2025-12-21,12,01:50-02:00,597.858333,684.559383,0.000000,3587.150000,4107.356299,0.000000,86.701050,0.000000,10270.458877
2025-12-21,13,02:00-02:10,642.746233,679.062321,0.000000,3856.477400,4074.373928,0.000000,36.316088,0.000000,10303.143356
2025-12-21,14,02:10-02:20,653.869117,643.121202,0.000000,3923.214700,3858.727213,0.000000,0.000000,10.747915,10291.201229
2025-12-21,15,02:20-02:30,621.750000,647.689768,0.000000,3730.500000,3886.138610,0.000000,25.939768,0.000000,10314.547021
2025-12-21,16,02:30-02:40,636.643333,617.360314,0.000000,3819.860000,3704.161883,0.000000,0.000000,19.283020,10293.121443
2025-12-21,17,02:40-02:50,631.910733,637.166532,0.000000,3791.464400,3822.999189,0.000000,5.255798,0.000000,10297.851662
2025-12-21,18,02:50-03:00,625.288333,682.373047,0.000000,3751.730000,4094.238285,0.000000,57.084714,0.000000,10349.227904
2025-12-21,19,03:00-03:10,696.757683,672.765808,0.000000,4180.546100,4036.594847,0.000000,0.000000,23.991876,10322.570265
2025-12-21,20,03:10-03:20,685.888783,657.397143,0.000000,4115.332700,3944.382860,0.000000,0.000000,28.491640,10290.912887
2025-12-21,21,03:20-03:30,624.790000,666.170532,0.000000,3748.740000,3997.023194,0.000000,41.380532,0.000000,10328.155366
2025-12-21,22,03:30-03:40,703.414300,682.375937,0.000000,4220.485800,4094.255620,0.000000,0.000000,21.038363,10304.779407
2025-12-21,23,03:40-03:50,737.320950,699.935626,0.000000,4423.925700,4199.613755,0.000000,0.000000,37.385324,10263.240158
2025-12-21,24,03:50-04:00,679.858333,709.949571,0.000000,4079.150000,4259.697427,0.000000,30.091238,0.000000,10290.322272
2025-12-21,25,04:00-04:10,673.157067,681.382248,0.000000,4038.942400,4088.293491,0.000000,8.225182,0.000000,10297.724936
2025-12-21,26,04:10-04:20,680.399233,682.030583,0.000000,4082.395400,4092.183497,0.000000,1.631350,0.000000,10299.193150
2025-12-21,27,04:20-04:30,677.478333,742.853433,0.000000,4064.870000,4457.120599,0.000000,65.375100,0.000000,10358.030740
2025-12-21,28,04:30-04:40,686.979733,701.722463,0.000000,4121.878400,4210.334776,0.000000,14.742729,0.000000,10371.299197
2025-12-21,29,04:40-04:50,680.602567,657.430862,0.000000,4083.615400,3944.585169,0.000000,0.000000,23.171705,10345.552858
2025-12-21,30,04:50-05:00,672.051667,676.893291,0.000000,4032.310000,4061.359745,0.000000,4.841624,0.000000,10349.910319
2025-12-21,31,05:00-05:10,702.989983,733.702576,0.000000,4217.939900,4402.215457,0.000000,30.712593,0.000000,10377.551653
2025-12-21,32,05:10-05:20,708.874733,740.147894,0.000000,4253.248400,4440.887363,0.000000,31.273160,0.000000,10405.697497
2025-12-21,33,05:20-05:30,677.763333,707.723187,0.000000,4066.580000,4246.339119,0.000000,29.959853,0.000000,10432.661365
2025-12-21,34,05:30-05:40,679.624417,1534.859136,0.000000,4077.746500,9209.154813,0.000000,408.154039,0.000000,10800.000000
2025-12-21,35,05:40-05:50,786.285767,809.263235,0.000000,4717.714600,4855.579408,0.000000,0.000000,0.000000,10800.000000
2025-12-21,36,05:50-06:00,915.108333,877.254568,0.000000,5490.650000,5263.527408,0.000000,0.000000,37.853765,10757.940261
2025-12-21,37,06:00-06:10,906.479567,149.093392,0.000000,5438.877400,894.560353,0.000000,0.000000,757.386174,9916.400067
2025-12-21,38,06:10-06:20,901.305417,927.114148,0.000000,5407.832500,5562.684890,0.000000,25.808732,0.000000,9939.627925
2025-12-21,39,06:20-06:30,931.175000,928.221023,0.000000,5587.050000,5569.326138,0.000000,0.000000,2.953977,9936.345729
2025-12-21,40,06:30-06:40,890.858333,924.981458,0.000000,5345.150000,5549.888746,0.000000,34.123124,0.000000,9967.056541
2025-12-21,41,06:40-06:50,872.208167,924.373243,0.000000,5233.249000,5546.239457,0.000000,52.165076,0.000000,10014.005109
2025-12-21,42,06:50-07:00,895.700000,919.431780,0.000000,5374.200000,5516.590681,0.000000,23.731780,0.000000,10035.363711
2025-12-21,43,07:00-07:10,864.683533,941.876054,0.000000,5188.101200,5651.256325,0.000000,77.192521,0.000000,10104.836980
2025-12-21,44,07:10-07:20,816.879000,885.804412,0.000000,4901.274000,5314.826469,0.000000,68.925412,0.000000,10166.869850
2025-12-21,45,07:20-07:30,756.840833,868.179355,0.000000,4541.045000,5209.076128,0.000000,111.338521,0.000000,10267.074519
2025-12-21,46,07:30-07:40,678.191167,1508.515754,0.000000,4069.147000,9051.094523,0.000000,592.139423,0.000000,10800.000000
2025-12-21,47,07:40-07:50,768.735350,808.655571,0.000000,4612.412100,4851.933424,0.000000,0.000000,0.000000,10800.000000
2025-12-21,48,07:50-08:00,940.154583,209.385517,0.000000,5640.927500,1256.313101,0.000000,0.000000,730.769066,9988.034371
2025-12-21,49,08:00-08:10,899.032817,181.360026,0.000000,5394.196900,1088.160155,0.000000,0.000000,717.672791,9190.620159
2025-12-21,50,08:10-08:20,823.545817,133.016876,0.000000,4941.274900,798.101254,0.000000,0.000000,690.528941,8423.365780
2025-12-21,51,08:20-08:30,797.897500,81.430003,0.000000,4787.385000,488.580016,0.000000,0.000000,716.467497,7627.290783
2025-12-21,52,08:30-08:40,729.992317,52.715999,0.000000,4379.953900,316.295993,0.000000,0.000000,677.276318,6874.761540
2025-12-21,53,08:40-08:50,680.076133,0.000000,0.000000,4080.456800,0.000000,0.000000,0.000000,680.076133,6119.121392
2025-12-21,54,08:50-09:00,652.343750,0.000000,0.000000,3914.062500,0.000000,0.000000,0.000000,652.343750,5394.295003
2025-12-21,55,09:00-09:10,584.003650,0.000000,0.000000,3504.021900,0.000000,0.000000,0.000000,584.003650,4745.402059
2025-12-21,56,09:10-09:20,527.685367,0.000000,0.000000,3166.112200,0.000000,0.000000,0.000000,527.685367,4159.084985
2025-12-21,57,09:20-09:30,505.665000,580.072119,0.000000,3033.990000,3480.432712,0.000000,74.407119,0.000000,4226.051392
2025-12-21,58,09:30-09:40,481.458867,496.908574,0.000000,2888.753200,2981.451443,0.000000,15.449707,0.000000,4239.956128
2025-12-21,59,09:40-09:50,426.600450,433.018401,0.000000,2559.602700,2598.110403,0.000000,6.417951,0.000000,4245.732284
2025-12-21,60,09:50-10:00,360.307083,0.000000,0.000000,2161.842500,0.000000,0.000000,0.000000,360.307083,3845.391080
2025-12-21,61,10:00-10:10,331.193617,0.000000,0.000000,1987.161700,0.000000,0.000000,0.000000,331.193617,3477.398173
2025-12-21,62,10:10-10:20,326.093433,374.520461,0.000000,1956.560600,2247.122765,0.000000,48.427027,0.000000,3520.982497
2025-12-21,63,10:20-10:30,331.784583,307.304366,0.000000,1990.707500,1843.826197,0.000000,0.000000,24.480217,3493.782256
2025-12-21,64,10:30-10:40,349.079500,92.109078,0.000000,2094.477000,552.654471,0.000000,0.000000,256.970422,3208.259565
2025-12-21,65,10:40-10:50,371.060750,307.223058,0.000000,2226.364500,1843.338349,0.000000,0.000000,63.837692,3137.328797
2025-12-21,66,10:50-11:00,381.234583,1064.012217,0.000000,2287.407500,6384.073300,0.000000,682.777633,0.000000,3751.828667
2025-12-21,67,11:00-11:10,362.097633,996.328516,0.000000,2172.585800,5977.971098,0.000000,634.230883,0.000000,4322.636461
2025-12-21,68,11:10-11:20,322.251150,958.814158,0.000000,1933.506900,5752.884949,0.000000,636.563008,0.000000,4895.543169
2025-12-21,69,11:20-11:30,282.970417,972.185955,0.000000,1697.822500,5833.115731,0.000000,689.215538,0.000000,5515.837153
2025-12-21,70,11:30-11:40,252.008733,998.310965,0.000000,1512.052400,5989.865791,0.000000,746.302232,0.000000,6187.509162
2025-12-21,71,11:40-11:50,164.707417,951.457731,0.000000,988.244500,5708.746389,0.000000,786.750315,0.000000,6895.584445
2025-12-21,72,11:50-12:00,73.350000,868.403938,0.000000,440.100000,5210.423626,0.000000,795.053938,0.000000,7611.132989
2025-12-21,73,12:00-12:10,99.494700,875.222349,0.000000,596.968200,5251.334093,0.000000,775.727649,0.000000,8309.287873
2025-12-21,74,12:10-12:20,108.694983,920.491323,0.000000,652.169900,5522.947940,0.000000,811.796340,0.000000,9039.904579
2025-12-21,75,12:20-12:30,68.101667,936.001184,0.000000,408.610000,5616.007106,0.000000,833.333333,0.000000,9789.904579
2025-12-21,76,12:30-12:40,85.331767,913.671789,0.000000,511.990600,5482.030734,0.000000,828.340022,0.000000,10535.410599
2025-12-21,77,12:40-12:50,160.482100,713.278453,0.000000,962.892600,4279.670715,0.000000,293.988223,0.000000,10800.000000
2025-12-21,78,12:50-13:00,241.000417,154.127386,0.000000,1446.002500,924.764317,0.000000,0.000000,86.873030,10703.474411
2025-12-21,79,13:00-13:10,264.312483,180.218299,0.000000,1585.874900,1081.309797,0.000000,0.000000,84.094184,10610.036429
2025-12-21,80,13:10-13:20,225.386167,249.623478,0.000000,1352.317000,1497.740867,0.000000,24.237311,0.000000,10631.850009
2025-12-21,81,13:20-13:30,177.021667,280.699300,0.000000,1062.130000,1684.195798,0.000000,103.677633,0.000000,10725.159878
2025-12-21,82,13:30-13:40,192.509700,295.188258,0.000000,1155.058200,1771.129550,0.000000,83.155691,0.000000,10800.000000
2025-12-21,83,13:40-13:50,253.624117,352.079599,0.000000,1521.744700,2112.477592,0.000000,0.000000,0.000000,10800.000000
2025-12-21,84,13:50-14:00,301.882917,0.000000,0.000000,1811.297500,0.000000,0.000000,0.000000,301.882917,10464.574537
2025-12-21,85,14:00-14:10,294.896583,0.000000,0.000000,1769.379500,0.000000,0.000000,0.000000,294.896583,10136.911667
2025-12-21,86,14:10-14:20,317.715750,0.000000,0.000000,1906.294500,0.000000,0.000000,0.000000,317.715750,9783.894167
2025-12-21,87,14:20-14:30,384.197083,0.000000,0.000000,2305.182500,0.000000,0.000000,0.000000,384.197083,9357.008519
2025-12-21,88,14:30-14:40,430.384333,0.000000,0.000000,2582.306000,0.000000,0.000000,0.000000,430.384333,8878.803704
2025-12-21,89,14:40-14:50,491.032750,0.000000,0.000000,2946.196500,0.000000,0.000000,0.000000,491.032750,8333.211759
2025-12-21,90,14:50-15:00,558.540417,1298.540774,0.000000,3351.242500,7791.244642,0.000000,740.000357,0.000000,8999.212081
2025-12-21,91,15:00-15:10,586.453583,1407.866642,0.000000,3518.721500,8447.199850,0.000000,821.413058,0.000000,9738.483833
2025-12-21,92,15:10-15:20,640.806083,1446.520961,0.000000,3844.836500,8679.125766,0.000000,805.714878,0.000000,10463.627223
2025-12-21,93,15:20-15:30,707.687917,1485.033865,0.000000,4246.127500,8910.203187,0.000000,373.747530,0.000000,10800.000000
2025-12-21,94,15:30-15:40,708.694567,1282.873495,0.000000,4252.167400,7697.240971,0.000000,0.000000,0.000000,10800.000000
2025-12-21,95,15:40-15:50,736.845150,778.112206,0.000000,4421.070900,4668.673237,0.000000,0.000000,0.000000,10800.000000
2025-12-21,96,15:50-16:00,795.930417,828.881412,0.000000,4775.582500,4973.288471,0.000000,0.000000,0.000000,10800.000000
2025-12-21,97,16:00-16:10,801.381867,861.678962,0.000000,4808.291200,5170.073770,0.000000,0.000000,0.000000,10800.000000
2025-12-21,98,16:10-16:20,842.643150,889.813731,0.000000,5055.858900,5338.882385,0.000000,0.000000,0.000000,10800.000000
2025-12-21,99,16:20-16:30,925.109167,931.218002,0.000000,5550.655000,5587.308011,0.000000,0.000000,0.000000,10800.000000
2025-12-21,100,16:30-16:40,959.792800,988.636075,0.000000,5758.756800,5931.816452,0.000000,0.000000,0.000000,10800.000000
2025-12-21,101,16:40-16:50,992.864183,1033.706502,0.000000,5957.185100,6202.239010,0.000000,0.000000,0.000000,10800.000000
2025-12-21,102,16:50-17:00,1028.796667,1050.130410,0.000000,6172.780000,6300.782463,0.000000,0.000000,0.000000,10800.000000
2025-12-21,103,17:00-17:10,1018.695700,1054.372606,0.000000,6112.174200,6326.235638,0.000000,0.000000,0.000000,10800.000000
2025-12-21,104,17:10-17:20,1025.750300,1042.653312,0.000000,6154.501800,6255.919869,0.000000,0.000000,0.000000,10800.000000
2025-12-21,105,17:20-17:30,1056.461667,1046.623322,0.000000,6338.770000,6279.739930,0.000000,0.000000,9.838345,10789.068506
2025-12-21,106,17:30-17:40,1048.349133,1081.409948,0.000000,6290.094800,6488.459687,0.000000,12.146105,0.000000,10800.000000
2025-12-21,107,17:40-17:50,898.743433,931.203975,0.000000,5392.460600,5587.223851,0.000000,0.000000,0.000000,10800.000000
2025-12-21,108,17:50-18:00,712.633333,681.468150,0.000000,4275.800000,4088.808901,0.000000,0.000000,31.165183,10765.372019
2025-12-21,109,18:00-18:10,715.414450,681.626022,0.000000,4292.486700,4089.756132,0.000000,0.000000,33.788428,10727.829321
2025-12-21,110,18:10-18:20,748.267933,733.340804,0.000000,4489.607600,4400.044824,0.000000,0.000000,14.927129,10711.243622
2025-12-21,111,18:20-18:30,730.008333,716.771731,0.000000,4380.050000,4300.630386,0.000000,0.000000,13.236602,10696.536286
2025-12-21,112,18:30-18:40,734.344383,706.697030,0.000000,4406.066300,4240.182179,0.000000,0.000000,27.647354,10665.817004
2025-12-21,113,18:40-18:50,750.083217,671.075929,0.000000,4500.499300,4026.455571,0.000000,0.000000,79.007288,10578.031128
2025-12-21,114,18:50-19:00,748.460000,0.000000,0.000000,4490.760000,0.000000,0.000000,0.000000,748.460000,9746.408906
2025-12-21,115,19:00-19:10,722.483233,0.000000,0.000000,4334.899400,0.000000,0.000000,0.000000,722.483233,8943.649758
2025-12-21,116,19:10-19:20,726.165517,0.000000,0.000000,4356.993100,0.000000,0.000000,0.000000,726.165517,8136.799184
2025-12-21,117,19:20-19:30,744.431667,0.000000,0.000000,4466.590000,0.000000,0.000000,0.000000,744.431667,7309.652888
2025-12-21,118,19:30-19:40,716.928700,0.000000,0.000000,4301.572200,0.000000,0.000000,0.000000,716.928700,6513.065443
2025-12-21,119,19:40-19:50,733.119500,0.000000,0.000000,4398.717000,0.000000,0.000000,0.000000,733.119500,5698.488221
2025-12-21,120,19:50-20:00,780.268333,0.000000,0.000000,4681.610000,0.000000,0.000000,0.000000,780.268333,4831.523406
2025-12-21,121,20:00-20:10,747.585900,0.000000,0.000000,4485.515400,0.000000,0.000000,0.000000,747.585900,4000.872406
2025-12-21,122,20:10-20:20,692.817100,0.000000,0.000000,4156.902600,0.000000,0.000000,0.000000,692.817100,3231.075628
2025-12-21,123,20:20-20:30,681.751667,0.000000,0.000000,4090.510000,0.000000,0.000000,0.000000,681.751667,2473.573776
2025-12-21,124,20:30-20:40,720.371100,0.000000,0.000000,4322.226600,0.000000,0.000000,0.000000,720.371100,1673.161443
2025-12-21,125,20:40-20:50,722.800167,708.659426,0.000000,4336.801000,4251.956558,0.000000,0.000000,14.140740,1657.449509
2025-12-21,126,20:50-21:00,690.743333,753.632177,0.000000,4144.460000,4521.793062,0.000000,62.888844,0.000000,1714.049469
2025-12-21,127,21:00-21:10,704.543500,758.473793,0.000000,4227.261000,4550.842757,0.000000,53.930293,0.000000,1762.586732
2025-12-21,128,21:10-21:20,721.160717,756.549130,0.000000,4326.964300,4539.294782,0.000000,35.388414,0.000000,1794.436305
2025-12-21,129,21:20-21:30,726.305000,733.449351,0.000000,4357.830000,4400.696109,0.000000,7.144351,0.000000,1800.866221
2025-12-21,130,21:30-21:40,739.519033,742.995222,0.000000,4437.114200,4457.971333,0.000000,3.476189,0.000000,1803.994791
2025-12-21,131,21:40-21:50,678.499233,686.368636,0.000000,4070.995400,4118.211817,0.000000,7.869403,0.000000,1811.077253
2025-12-21,132,21:50-22:00,572.400000,1357.695917,0.000000,3434.400000,8146.175500,0.000000,785.295917,0.000000,2517.843578
2025-12-21,133,22:00-22:10,545.092317,1375.402594,0.000000,3270.553900,8252.415562,0.000000,830.310277,0.000000,3265.122828
2025-12-21,134,22:10-22:20,550.836133,606.591566,0.000000,3305.016800,3639.549395,0.000000,55.755433,0.000000,3315.302717
2025-12-21,135,22:20-22:30,542.600000,1333.155223,0.000000,3255.600000,7998.931341,0.000000,790.555223,0.000000,4026.802418
2025-12-21,136,22:30-22:40,525.919000,1373.263597,0.000000,3155.514000,8239.581583,0.000000,833.333333,0.000000,4776.802418
2025-12-21,137,22:40-22:50,543.393917,1358.685690,0.000000,3260.363500,8152.114141,0.000000,815.291774,0.000000,5510.565014
2025-12-21,138,22:50-23:00,584.828333,1360.739557,0.000000,3508.970000,8164.437342,0.000000,775.911224,0.000000,6208.885116
2025-12-21,139,23:00-23:10,592.452567,1373.976309,0.000000,3554.715400,8243.857853,0.000000,781.523742,0.000000,6912.256484
2025-12-21,140,23:10-23:20,565.943800,1384.610078,0.000000,3395.662800,8307.660470,0.000000,818.666278,0.000000,7649.056134
2025-12-21,141,23:20-23:30,550.931667,1369.579759,0.000000,3305.590000,8217.478552,0.000000,818.648092,0.000000,8385.839417
2025-12-21,142,23:30-23:40,589.960217,1377.262437,0.000000,3539.761300,8263.574621,0.000000,787.302220,0.000000,9094.411415
2025-12-21,143,23:40-23:50,595.331833,1320.325591,0.000000,3571.991000,7921.953547,0.000000,724.993758,0.000000,9746.905797
2025-12-21,144,23:50-24:00,577.400000,1176.632924,0.000000,3464.400000,7059.797543,0.000000,599.232924,0.000000,10286.215428
