日期,LP日初库存E_init_kWh,执行器实际E_start_kWh,前一日实际E_end_kWh,E_init_LP与E_start差_kWh,E_start与前日E_end差_kWh,当前计划g的SHA256,DP价值函数所用g与计划g最大差_kWh
2025-02-01,6000.00000000,6000.00000000,6000.00000000,0.00e+00,0.00e+00,3c37360b219224c3,1.14e-13
2025-03-20,10111.20642238,10111.20642238,10111.20642238,0.00e+00,0.00e+00,35b11f13200d07ec,1.14e-13
2025-06-21,9151.45423418,9151.45423418,9151.45423418,0.00e+00,0.00e+00,404246a9b47b8fa9,0.00e+00
2025-09-23,6935.54787570,6935.54787570,6935.54787570,0.00e+00,0.00e+00,df5294eaa173cef0,1.14e-13
2025-12-21,9835.54395221,9835.54395221,9835.54395221,0.00e+00,0.00e+00,9dfa462da6c610f7,1.42e-14
2025-12-31,9967.86779224,9967.86779224,9967.86779224,0.00e+00,0.00e+00,98c0dda85246673c,0.00e+00
2025-02-28,10374.31910579,10374.31910579,10374.31910579,0.00e+00,0.00e+00,7a9bcfec5f04b617,0.00e+00
2025-09-26,6938.84605068,6938.84605068,6938.84605068,0.00e+00,0.00e+00,4599f5d71e3ec739,3.55e-14
2025-03-15,10692.99195623,10692.99195623,10692.99195623,0.00e+00,0.00e+00,399004c93d7e01be,0.00e+00
2025-03-01,10267.70753929,10267.70753929,10267.70753929,0.00e+00,0.00e+00,fdfd68c0811baf73,7.11e-15
2025-10-05,8795.58464507,8795.58464507,8795.58464507,0.00e+00,0.00e+00,829f6a02a1e2b605,0.00e+00
2025-10-10,8532.42288497,8532.42288497,8532.42288497,0.00e+00,0.00e+00,dc11717a027b625e,2.13e-14
2025-12-18,10096.56779062,10096.56779062,10096.56779062,0.00e+00,0.00e+00,d15532a30c135ba8,0.00e+00
2025-07-23,8466.72699917,8466.72699917,8466.72699917,0.00e+00,0.00e+00,e9a925592b51c085,5.68e-14
2025-06-19,9806.65922294,9806.65922294,9806.65922294,0.00e+00,0.00e+00,be7e66442f52c1ca,5.68e-14
2025-07-21,10125.97843380,10125.97843380,10125.97843380,0.00e+00,0.00e+00,c7ab3d86da18d753,5.68e-14
2025-03-03,9295.24094607,9295.24094607,9295.24094607,0.00e+00,0.00e+00,250131095dc9a98e,5.68e-14
2025-10-01,6373.84993804,6373.84993804,6373.84993804,0.00e+00,0.00e+00,e019714cd6edf6b7,5.68e-14
2025-08-28,9883.74347776,9883.74347776,9883.74347776,0.00e+00,0.00e+00,9977f9988906ae5b,1.14e-13
2025-11-04,10136.96965780,10136.96965780,10136.96965780,0.00e+00,0.00e+00,07a090ba31de9774,1.14e-13
2025-04-07,10392.26837580,10392.26837580,10392.26837580,0.00e+00,0.00e+00,fa357f8e0ab671f1,1.14e-13
2025-09-14,6191.01211064,6191.01211064,6191.01211064,0.00e+00,0.00e+00,59b45ad10e539a50,5.68e-14
2025-10-19,8198.13940626,8198.13940626,8198.13940626,0.00e+00,0.00e+00,711e25d1d94570b6,1.14e-13
