d_idx(0基数组索引),d(1基日期序号),"min(3,d_idx)","min(3,(d_idx+1)-1)",等价
0,1,0,0,是
1,2,1,1,是
2,3,2,2,是
3,4,3,3,是
4,5,3,3,是
5,6,3,3,是
6,7,3,3,是
7,8,3,3,是
8,9,3,3,是
9,10,3,3,是
10,11,3,3,是
11,12,3,3,是
12,13,3,3,是
13,14,3,3,是
14,15,3,3,是
15,16,3,3,是
16,17,3,3,是
17,18,3,3,是
18,19,3,3,是
19,20,3,3,是
20,21,3,3,是
21,22,3,3,是
22,23,3,3,是
23,24,3,3,是
24,25,3,3,是
25,26,3,3,是
26,27,3,3,是
27,28,3,3,是
28,29,3,3,是
29,30,3,3,是
30,31,3,3,是
31,32,3,3,是
32,33,3,3,是
33,34,3,3,是
34,35,3,3,是
35,36,3,3,是
36,37,3,3,是
37,38,3,3,是
38,39,3,3,是
39,40,3,3,是
40,41,3,3,是
41,42,3,3,是
42,43,3,3,是
43,44,3,3,是
44,45,3,3,是
45,46,3,3,是
46,47,3,3,是
47,48,3,3,是
48,49,3,3,是
49,50,3,3,是
50,51,3,3,是
51,52,3,3,是
52,53,3,3,是
53,54,3,3,是
54,55,3,3,是
55,56,3,3,是
56,57,3,3,是
57,58,3,3,是
58,59,3,3,是
59,60,3,3,是
60,61,3,3,是
61,62,3,3,是
62,63,3,3,是
63,64,3,3,是
64,65,3,3,是
65,66,3,3,是
66,67,3,3,是
67,68,3,3,是
68,69,3,3,是
69,70,3,3,是
70,71,3,3,是
71,72,3,3,是
72,73,3,3,是
73,74,3,3,是
74,75,3,3,是
75,76,3,3,是
76,77,3,3,是
77,78,3,3,是
78,79,3,3,是
79,80,3,3,是
80,81,3,3,是
81,82,3,3,是
82,83,3,3,是
83,84,3,3,是
84,85,3,3,是
85,86,3,3,是
86,87,3,3,是
87,88,3,3,是
88,89,3,3,是
89,90,3,3,是
90,91,3,3,是
91,92,3,3,是
92,93,3,3,是
93,94,3,3,是
94,95,3,3,是
95,96,3,3,是
96,97,3,3,是
97,98,3,3,是
98,99,3,3,是
99,100,3,3,是
100,101,3,3,是
101,102,3,3,是
102,103,3,3,是
103,104,3,3,是
104,105,3,3,是
105,106,3,3,是
106,107,3,3,是
107,108,3,3,是
108,109,3,3,是
109,110,3,3,是
110,111,3,3,是
111,112,3,3,是
112,113,3,3,是
113,114,3,3,是
114,115,3,3,是
115,116,3,3,是
116,117,3,3,是
117,118,3,3,是
118,119,3,3,是
119,120,3,3,是
120,121,3,3,是
121,122,3,3,是
122,123,3,3,是
123,124,3,3,是
124,125,3,3,是
125,126,3,3,是
126,127,3,3,是
127,128,3,3,是
128,129,3,3,是
129,130,3,3,是
130,131,3,3,是
131,132,3,3,是
132,133,3,3,是
133,134,3,3,是
134,135,3,3,是
135,136,3,3,是
136,137,3,3,是
137,138,3,3,是
138,139,3,3,是
139,140,3,3,是
140,141,3,3,是
141,142,3,3,是
142,143,3,3,是
143,144,3,3,是
144,145,3,3,是
145,146,3,3,是
146,147,3,3,是
147,148,3,3,是
148,149,3,3,是
149,150,3,3,是
150,151,3,3,是
151,152,3,3,是
152,153,3,3,是
153,154,3,3,是
154,155,3,3,是
155,156,3,3,是
156,157,3,3,是
157,158,3,3,是
158,159,3,3,是
159,160,3,3,是
160,161,3,3,是
161,162,3,3,是
162,163,3,3,是
163,164,3,3,是
164,165,3,3,是
165,166,3,3,是
166,167,3,3,是
167,168,3,3,是
168,169,3,3,是
169,170,3,3,是
170,171,3,3,是
171,172,3,3,是
172,173,3,3,是
173,174,3,3,是
174,175,3,3,是
175,176,3,3,是
176,177,3,3,是
177,178,3,3,是
178,179,3,3,是
179,180,3,3,是
180,181,3,3,是
181,182,3,3,是
182,183,3,3,是
183,184,3,3,是
184,185,3,3,是
185,186,3,3,是
186,187,3,3,是
187,188,3,3,是
188,189,3,3,是
189,190,3,3,是
190,191,3,3,是
191,192,3,3,是
192,193,3,3,是
193,194,3,3,是
194,195,3,3,是
195,196,3,3,是
196,197,3,3,是
197,198,3,3,是
198,199,3,3,是
199,200,3,3,是
200,201,3,3,是
201,202,3,3,是
202,203,3,3,是
203,204,3,3,是
204,205,3,3,是
205,206,3,3,是
206,207,3,3,是
207,208,3,3,是
208,209,3,3,是
209,210,3,3,是
210,211,3,3,是
211,212,3,3,是
212,213,3,3,是
213,214,3,3,是
214,215,3,3,是
215,216,3,3,是
216,217,3,3,是
217,218,3,3,是
218,219,3,3,是
219,220,3,3,是
220,221,3,3,是
221,222,3,3,是
222,223,3,3,是
223,224,3,3,是
224,225,3,3,是
225,226,3,3,是
226,227,3,3,是
227,228,3,3,是
228,229,3,3,是
229,230,3,3,是
230,231,3,3,是
231,232,3,3,是
232,233,3,3,是
233,234,3,3,是
234,235,3,3,是
235,236,3,3,是
236,237,3,3,是
237,238,3,3,是
238,239,3,3,是
239,240,3,3,是
240,241,3,3,是
241,242,3,3,是
242,243,3,3,是
243,244,3,3,是
244,245,3,3,是
245,246,3,3,是
246,247,3,3,是
247,248,3,3,是
248,249,3,3,是
249,250,3,3,是
250,251,3,3,是
251,252,3,3,是
252,253,3,3,是
253,254,3,3,是
254,255,3,3,是
255,256,3,3,是
256,257,3,3,是
257,258,3,3,是
258,259,3,3,是
259,260,3,3,是
260,261,3,3,是
261,262,3,3,是
262,263,3,3,是
263,264,3,3,是
264,265,3,3,是
265,266,3,3,是
266,267,3,3,是
267,268,3,3,是
268,269,3,3,是
269,270,3,3,是
270,271,3,3,是
271,272,3,3,是
272,273,3,3,是
273,274,3,3,是
274,275,3,3,是
275,276,3,3,是
276,277,3,3,是
277,278,3,3,是
278,279,3,3,是
279,280,3,3,是
280,281,3,3,是
281,282,3,3,是
282,283,3,3,是
283,284,3,3,是
284,285,3,3,是
285,286,3,3,是
286,287,3,3,是
287,288,3,3,是
288,289,3,3,是
289,290,3,3,是
290,291,3,3,是
291,292,3,3,是
292,293,3,3,是
293,294,3,3,是
294,295,3,3,是
295,296,3,3,是
296,297,3,3,是
297,298,3,3,是
298,299,3,3,是
299,300,3,3,是
300,301,3,3,是
301,302,3,3,是
302,303,3,3,是
303,304,3,3,是
304,305,3,3,是
305,306,3,3,是
306,307,3,3,是
307,308,3,3,是
308,309,3,3,是
309,310,3,3,是
310,311,3,3,是
311,312,3,3,是
312,313,3,3,是
313,314,3,3,是
314,315,3,3,是
315,316,3,3,是
316,317,3,3,是
317,318,3,3,是
318,319,3,3,是
319,320,3,3,是
320,321,3,3,是
321,322,3,3,是
322,323,3,3,是
323,324,3,3,是
324,325,3,3,是
325,326,3,3,是
326,327,3,3,是
327,328,3,3,是
328,329,3,3,是
329,330,3,3,是
330,331,3,3,是
331,332,3,3,是
332,333,3,3,是
333,334,3,3,是
334,335,3,3,是
335,336,3,3,是
336,337,3,3,是
337,338,3,3,是
338,339,3,3,是
339,340,3,3,是
340,341,3,3,是
341,342,3,3,是
342,343,3,3,是
343,344,3,3,是
344,345,3,3,是
345,346,3,3,是
346,347,3,3,是
347,348,3,3,是
348,349,3,3,是
349,350,3,3,是
350,351,3,3,是
351,352,3,3,是
352,353,3,3,是
353,354,3,3,是
354,355,3,3,是
355,356,3,3,是
356,357,3,3,是
357,358,3,3,是
358,359,3,3,是
359,360,3,3,是
360,361,3,3,是
361,362,3,3,是
362,363,3,3,是
363,364,3,3,是
364,365,3,3,是
