日期,是否出现同时购电与充电,同时发生情景时段数,日前情景目标均值_元,逐情景重评目标均值_元,有符号偏差_元,平均绝对差_元
2025-02-01,1,77,117.76921626373029,639.5167057580342,521.747489494304,521.7474894943042
2025-02-02,1,104,385.38025506038235,942.8800716227277,557.4998165623451,557.4998165623454
2025-02-03,1,106,277.07324037326475,833.7901411388597,556.716900765595,556.7169007655954
2025-02-04,1,104,323.5755895677323,876.8410265981755,553.2654370304427,553.2654370304431
2025-02-05,1,99,-165.85330489857742,373.62307795525174,539.4763828538294,539.4763828538295
2025-02-06,1,124,540.2762971943032,1071.0981648439183,530.8218676496152,530.8218676496155
2025-02-07,1,86,1735.972534324866,2558.0727278864165,822.1001935615508,822.1001935615512
2025-02-08,1,64,1206.0792490549618,1996.7268503822474,790.6476013272858,790.647601327286
2025-02-09,1,89,1026.331582632352,1472.927267765134,446.59568513278157,446.5956851327821
2025-02-10,1,94,734.4088000199478,1188.6689100678218,454.26011004787455,454.2601100478752
2025-02-11,1,87,-1151.492426093488,-723.4159394308685,428.07648666261883,428.07648666261923
2025-02-12,1,57,-2087.4127295390986,-1845.1663436044698,242.246385934629,242.24638593462942
2025-02-13,1,49,-3124.8505805029536,-2919.030783661804,205.81979684114933,205.81979684114984
2025-02-14,0,0,-4513.452847542857,-4491.180413415549,22.272434127308014,22.272434127308557
2025-02-15,0,0,-4564.363387892401,-4542.409187221663,21.95420067073834,21.954200670738707
2025-02-16,1,56,-4131.872356289846,-3849.1137326126786,282.7586236771669,282.75862367716763
2025-02-17,1,56,-4191.544612992058,-3954.2002400512415,237.34437294081684,237.34437294081715
2025-02-18,1,50,-4150.970240501524,-3924.995409884282,225.974830617242,225.97483061724247
2025-02-19,1,51,-4199.824016083342,-3988.8970717952293,210.92694428811365,210.92694428811407
2025-02-20,1,54,-4163.526203800672,-3943.638680306825,219.88752349384677,219.88752349384737
2025-02-21,0,0,-4607.460729149733,-4587.319858214355,20.140870935378114,20.140870935378537
2025-02-22,0,0,-4641.628126969928,-4619.836776395343,21.791350574586083,21.791350574586385
2025-02-23,1,59,-4079.8232546048653,-3838.206846507632,241.61640809723278,241.61640809723346
2025-02-24,1,53,-4068.610773945356,-3835.602280623559,233.00849332179752,233.00849332179817
2025-02-25,1,52,-4082.4237933649288,-3850.691746945192,231.7320464197371,231.7320464197377
2025-02-26,1,51,-3998.247746850109,-3763.6042059722695,234.6435408778387,234.64354087783946
2025-02-27,1,55,-4016.5851672453286,-3778.241389804372,238.3437774409567,238.34377744095713
2025-02-28,0,0,-4617.400374746549,-4596.888002546848,20.512372199701137,20.512372199701684
2025-03-01,0,0,-4617.715801905678,-4599.991352730971,17.72444917470607,17.72444917470704
2025-03-02,1,48,-4101.678426421197,-3887.8827915979427,213.79563482325514,213.7956348232553
2025-03-03,1,55,-3663.7080223786606,-3346.1261619138427,317.5818604648172,317.581860464818
2025-03-04,1,59,-3606.3528724073526,-3288.216595543504,318.13627686384854,318.1362768638493
2025-03-05,1,53,-3506.874189528837,-3236.9681271376394,269.9060623911968,269.90606239119745
2025-03-06,1,52,-3468.836737210964,-3194.596767298921,274.2399699120438,274.2399699120445
2025-03-07,0,0,-4437.878986235573,-4420.404197849869,17.47478838570361,17.47478838570428
2025-03-08,0,0,-4443.309480854063,-4424.2724549283175,19.03702592574523,19.037025925745713
2025-03-09,1,60,-3498.202067071418,-3206.2525261133646,291.949540958053,291.94954095805355
2025-03-10,1,60,-3469.6820344521334,-3163.5131934475794,306.16884100455485,306.16884100455525
2025-03-11,1,58,-3539.9712541003883,-3224.7498977655996,315.22135633478894,315.2213563347895
2025-03-12,1,49,-3488.1083586449067,-3196.332985554235,291.7753730906719,291.7753730906724
2025-03-13,1,55,-3478.8293386903615,-3166.6908014815244,312.1385372088365,312.1385372088368
2025-03-14,0,0,-4356.033483318722,-4339.558817944457,16.474665374264834,16.47466537426532
2025-03-15,0,0,-4385.830902057408,-4372.7657653679435,13.065136689465513,13.065136689466302
2025-03-16,1,47,-3650.8947775932847,-3398.328720895184,252.5660566981005,252.56605669810094
2025-03-17,1,47,-3632.8709142416124,-3380.6608096310106,252.21010461060118,252.21010461060177
2025-03-18,1,37,-3652.188458858423,-3428.8017303911715,223.38672846725257,223.3867284672532
2025-03-19,1,34,-3556.063620110838,-3285.031684647645,271.03193546319295,271.0319354631939
2025-03-20,1,36,-3598.2291520789527,-3309.056830514373,289.172321564581,289.17232156458124
2025-03-21,0,0,-4349.291797786668,-4336.301288504416,12.990509282251347,12.990509282252317
2025-03-22,0,0,-4388.111245155017,-4373.416779339623,14.694465815394535,14.694465815394778
2025-03-23,1,36,-3642.850304079085,-3389.5175506695227,253.33275340956254,253.33275340956308
2025-03-24,1,42,-3640.472843108798,-3356.968001521781,283.5048415870167,283.50484158701715
2025-03-25,1,39,-3661.293899385856,-3385.016947952746,276.27695143311115,276.2769514331118
2025-03-26,1,43,-3702.05971883744,-3411.968755760392,290.0909630770487,290.0909630770494
2025-03-27,1,37,-3684.1076543034346,-3400.215231819712,283.8924224837227,283.8924224837232
2025-03-28,0,0,-4405.994603541849,-4393.02654395919,12.968059582657498,12.968059582657922
2025-03-29,0,0,-4442.612245748813,-4430.881380786151,11.730864962661993,11.730864962662539
2025-03-30,1,41,-3727.815325963603,-3451.453383546031,276.36194241757147,276.3619424175721
2025-03-31,1,34,-3750.3015507199752,-3479.6745492493947,270.6270014705812,270.62700147058166
2025-04-01,1,37,-3889.332760859715,-3649.2165185009567,240.11624235875814,240.1162423587587
2025-04-02,1,45,-4087.6908504467815,-3860.903056360694,226.78779408608776,226.78779408608833
2025-04-03,1,49,-3657.732698803192,-3325.9151442609377,331.8175545422536,331.81755454225396
2025-04-04,0,0,-4672.442905359949,-4656.706092812897,15.736812547051446,15.736812547051992
2025-04-05,0,0,-4676.141728357136,-4664.442416370025,11.699311987111757,11.69931198711212
2025-04-06,1,44,-3773.048897065479,-3453.670209159903,319.3786879055766,319.37868790557695
2025-04-07,1,35,-3805.0418576915354,-3527.303205742892,277.73865194864413,277.73865194864436
2025-04-08,1,35,-3885.6913095081127,-3639.726550673559,245.9647588345543,245.96475883455466
2025-04-09,1,39,-3961.510450987652,-3671.431394837266,290.0790561503853,290.0790561503858
2025-04-10,1,48,-3798.181023153548,-3441.5197488283075,356.6612743252408,356.6612743252413
2025-04-11,0,0,-4650.230909395893,-4635.165419036549,15.065490359345297,15.065490359345661
2025-04-12,0,0,-4661.039383246084,-4641.796454081703,19.24292916438156,19.242929164381984
2025-04-13,1,33,-3806.6908192219616,-3517.86815154628,288.82266767568154,288.8226676756824
2025-04-14,1,31,-3762.40200200148,-3475.70363187787,286.69837012360887,286.6983701236094
2025-04-15,1,31,-3749.0895059586524,-3440.8385203456664,308.25098561298535,308.2509856129861
2025-04-16,1,27,-3906.416582046636,-3655.080356404568,251.33622564206752,251.3362256420682
2025-04-17,1,46,-3831.97373979924,-3483.682287935141,348.2914518640984,348.29145186409863
2025-04-18,0,0,-4692.023526740464,-4678.573322495019,13.450204245445244,13.450204245446214
2025-04-19,0,0,-4697.806419594173,-4683.274263038741,14.532156555432918,14.532156555433343
2025-04-20,1,31,-3751.323610879735,-3428.6750701612623,322.64854071847316,322.648540718474
2025-04-21,1,26,-3719.862317519581,-3413.9755931214036,305.8867243981778,305.88672439817805
2025-04-22,1,36,-3653.0077449209703,-3300.0438769372972,352.9638679836728,352.96386798367354
2025-04-23,1,29,-3650.2047070219473,-3363.739086296091,286.4656207258555,286.46562072585596
2025-04-24,1,25,-3683.90537509854,-3406.8592914409446,277.0460836575956,277.04608365759594
2025-04-25,0,0,-4663.516677533331,-4648.930506325972,14.586171207358802,14.586171207359408
2025-04-26,0,0,-4666.064836554007,-4653.127062035793,12.937774518215095,12.9377745182157
2025-04-27,1,17,-3867.730152973846,-3648.90100401094,218.82914896290598,218.8291489629064
2025-04-28,1,16,-3874.448796093368,-3666.4163015302565,208.03249456311067,208.032494563111
2025-04-29,1,37,-3435.198984516536,-2896.659222643766,538.5397618727692,538.5397618727695
2025-04-30,1,28,-3434.4986099685416,-2955.605699067454,478.8929109010882,478.8929109010887
2025-05-01,1,29,-3400.325593527117,-2930.99165276196,469.33394076515657,469.3339407651569
2025-05-02,0,0,-4336.210983223933,-4320.5545709788,15.656412245134364,15.65641224513491
2025-05-03,0,0,-4130.854296684828,-4115.4093774409275,15.444919243900085,15.444919243900753
2025-05-04,1,51,-2604.293569586027,-1889.5044403754791,714.7891292105469,714.7891292105476
2025-05-05,1,46,-2660.9112776447173,-1973.8193986497995,687.0918789949187,687.0918789949188
2025-05-06,1,39,-2589.803204077291,-1958.9458678136632,630.8573362636275,630.8573362636281
2025-05-07,1,38,-2576.178148030839,-1787.8045501852498,788.3735978455883,788.3735978455886
2025-05-08,1,45,-2706.9364002878287,-1974.8881292908961,732.0482709969323,732.0482709969323
2025-05-09,0,0,-4104.183080733654,-4091.4990180687387,12.68406266491573,12.684062664916034
2025-05-10,0,0,-4201.278754498135,-4191.333965101698,9.944789396436303,9.944789396436606
2025-05-11,1,43,-2784.012119070449,-2184.4277791581003,599.5843399123484,599.5843399123492
2025-05-12,1,40,-2796.442144921389,-2194.8143613494276,601.6277835719609,601.6277835719611
2025-05-13,1,38,-2824.9797993669686,-2192.427135284468,632.5526640825007,632.5526640825011
2025-05-14,1,32,-2891.066988659328,-2337.749152095255,553.3178365640736,553.317836564074
2025-05-15,1,30,-2914.4356845464117,-2372.261686559579,542.173997986832,542.1739979868324
2025-05-16,0,0,-4209.613220724049,-4197.446746703845,12.166474020204259,12.166474020204866
2025-05-17,0,0,-4219.9450850963085,-4206.866117421196,13.078967675112517,13.078967675113002
2025-05-18,1,42,-2786.2853836882514,-2164.4944752992724,621.7909083889793,621.7909083889798
2025-05-19,1,32,-2823.7191997376276,-2213.783216058289,609.935983679338,609.9359836793385
2025-05-20,1,31,-2843.570833725803,-2241.45369328803,602.1171404377728,602.1171404377731
2025-05-21,1,42,-2853.11687586196,-2273.2964474096793,579.8204284522802,579.8204284522809
2025-05-22,1,34,-2883.7516736228185,-2247.650451300277,636.1012223225409,636.1012223225412
2025-05-23,0,0,-4204.735850026849,-4191.326874696124,13.408975330725221,13.408975330725646
2025-05-24,0,0,-4200.689701951882,-4189.132903615801,11.556798336080737,11.556798336081041
2025-05-25,1,25,-2869.2826474571257,-2332.399938869286,536.8827085878394,536.8827085878397
2025-05-26,1,23,-2924.5213116052887,-2389.7492345536953,534.7720770515939,534.7720770515945
2025-05-27,1,40,-2811.371368412803,-2261.7297722650933,549.6415961477095,549.6415961477104
2025-05-28,1,39,-2819.2272893711392,-2292.6597933542175,526.5674960169212,526.5674960169214
2025-05-29,1,28,-3208.0603467041137,-2875.1406438726185,332.91970283149504,332.9197028314953
2025-05-30,0,0,-4232.483805098848,-4222.116335228358,10.367469870490458,10.367469870490822
2025-05-31,0,0,-4236.7234693864675,-4226.963151768213,9.76031761825537,9.760317618255794
2025-06-01,1,32,-3469.4931551617865,-3086.1566211213017,383.33653404048516,383.3365340404859
2025-06-02,1,54,-2651.160869398596,-2094.305437848396,556.8554315501993,556.8554315501996
2025-06-03,1,49,-2560.349702730378,-2041.3906306479644,518.9590720824133,518.9590720824137
2025-06-04,1,52,-2521.689122311808,-1998.1553146405495,523.5338076712593,523.5338076712595
2025-06-05,1,44,-2522.465481016917,-2050.1440703098274,472.3214107070891,472.32141070708934
2025-06-06,0,0,-3648.04154560942,-3625.759974285045,22.281571324375044,22.28157132437541
2025-06-07,1,2,-2987.226776279398,-2945.497900327676,41.72887595172153,41.72887595172183
2025-06-08,1,64,-1841.323683167543,-1323.9071827184111,517.4165004491322,517.4165004491327
2025-06-09,1,50,-1668.6535813583139,-1278.9819638158976,389.6716175424162,389.67161754241704
2025-06-10,1,66,-1441.8793616119765,-928.7427931065525,513.1365685054241,513.1365685054245
2025-06-11,1,59,-1527.9617790691611,-1076.4605869447682,451.5011921243928,451.50119212439336
2025-06-12,1,57,-1474.371352495618,-1014.3353921989553,460.0359602966626,460.03596029666346
2025-06-13,1,1,-2673.4363988083055,-2650.8671953396233,22.569203468682236,22.569203468682357
2025-06-14,1,4,-2581.8882807896093,-2501.4637777508924,80.42450303871657,80.42450303871712
2025-06-15,1,62,-1480.9083506648642,-956.1668325851181,524.7415180797461,524.7415180797469
2025-06-16,1,53,-1490.04828647894,-1016.5179714198704,473.53031505906995,473.53031505907035
2025-06-17,1,68,-996.1669972034522,-416.8653072470514,579.3016899564008,579.3016899564013
2025-06-18,1,74,-1077.9836869003818,-462.19696099878894,615.7867259015928,615.7867259015934
2025-06-19,1,66,-1132.8482930897765,-576.4591249728304,556.3891681169462,556.3891681169463
2025-06-20,0,0,-2845.504219717502,-2829.906704129462,15.597515588040354,15.597515588040899
2025-06-21,0,0,-2937.7756740723203,-2922.966266255237,14.809407817083244,14.809407817083608
2025-06-22,1,62,-1133.8513741287268,-554.1972900661117,579.6540840626149,579.6540840626152
2025-06-23,1,59,-1211.5518937917425,-704.4710194865846,507.0808743051578,507.08087430515855
2025-06-24,1,67,-1218.4812002738124,-647.6416205142116,570.8395797596012,570.8395797596017
2025-06-25,1,67,-1057.9142750841659,-423.1898743538248,634.7244007303411,634.7244007303418
2025-06-26,1,69,-632.982895387939,85.46505912335697,718.4479545112962,718.4479545112965
2025-06-27,0,0,-2597.6365084505865,-2567.1822377856956,30.454270664891023,30.454270664891357
2025-06-28,0,0,-3067.978674746712,-3042.873257421699,25.10541732501309,25.105417325013605
2025-06-29,1,75,-564.9725949450391,216.40178147558848,781.3743764206279,781.3743764206283
2025-06-30,1,76,-625.0036585343562,152.1245334043687,777.128191938725,777.1281919387252
2025-07-01,1,73,-665.6690997491338,94.2292765540391,759.8983763031732,759.8983763031738
2025-07-02,1,70,-1302.8867231695158,-814.5662039330069,488.32051923650874,488.3205192365095
2025-07-03,1,53,-1440.7400887981032,-1068.0692415619405,372.6708472361627,372.67084723616307
2025-07-04,0,0,-3141.5474615790363,-3127.399428295057,14.148033283978945,14.14803328397949
2025-07-05,0,0,-3085.0810982088565,-3065.686658085263,19.394440123593192,19.3944401235938
2025-07-06,1,63,-1466.311606217194,-967.6729493073435,498.6386569098503,498.6386569098509
2025-07-07,1,50,-1846.3758485117519,-1471.1441339039577,375.23171460779395,375.2317146077946
2025-07-08,1,54,-1836.1034356319944,-1440.513507914695,395.5899277172995,395.5899277172999
2025-07-09,1,51,-1786.9909405390672,-1395.8343237842043,391.1566167548628,391.15661675486353
2025-07-10,1,51,-1868.852065642725,-1455.8439133076704,413.00815233505506,413.0081523350553
2025-07-11,0,0,-3039.728636810712,-3020.840445121096,18.88819168961654,18.888191689616967
2025-07-12,0,0,-3065.334133938138,-3047.5856235892375,17.74851034890024,17.748510348900602
2025-07-13,1,54,-1801.817125325445,-1246.827579114686,554.9895462107585,554.9895462107593
2025-07-14,1,42,-1768.4188551742059,-1345.8741741341496,422.5446810400561,422.5446810400567
2025-07-15,1,52,-1798.7413288651426,-1265.0611651112672,533.6801637538751,533.6801637538758
2025-07-16,1,41,-1972.5591186611541,-1480.4456727009879,492.1134459601663,492.1134459601669
2025-07-17,1,49,-1923.1407965148605,-1350.3215645237842,572.8192319910762,572.8192319910764
2025-07-18,0,0,-2980.070681380869,-2965.4075789545527,14.663102426315724,14.66310242631633
2025-07-19,0,0,-2972.465492772179,-2956.527608039816,15.937884732363818,15.937884732364303
2025-07-20,1,60,-1324.2132164324562,-576.4195167415933,747.793699690863,747.7936996908637
2025-07-21,1,49,-1379.6901938517503,-819.4969357818584,560.193258069892,560.1932580698926
2025-07-22,1,54,-1430.8419937197198,-746.3673575384853,684.4746361812348,684.4746361812354
2025-07-23,1,56,-1427.3429128353614,-765.5834301170166,661.7594827183447,661.7594827183451
2025-07-24,1,55,-1420.1766965851596,-783.1624644743555,637.0142321108037,637.0142321108045
2025-07-25,0,0,-2992.1080690694007,-2978.340558842877,13.767510226523942,13.767510226524367
2025-07-26,0,0,-2995.1901659583236,-2982.9057995331764,12.284366425147633,12.284366425148088
2025-07-27,1,46,-2036.5198669241574,-1524.771614665522,511.7482522586353,511.74825225863594
2025-07-28,1,46,-1970.216110583523,-1440.5259939580942,529.6901166254288,529.6901166254291
2025-07-29,1,60,-1899.8230622708,-1262.2630873078006,637.5599749629995,637.5599749630002
2025-07-30,1,55,-1841.7848922920143,-1177.1915295694357,664.5933627225786,664.5933627225793
2025-07-31,1,58,-1797.9393806847397,-1147.0883455587655,650.8510351259739,650.8510351259741
2025-08-01,0,0,-3622.4178917728577,-3606.209233436692,16.20865833616549,16.208658336165854
2025-08-02,0,0,-3644.173614358501,-3625.3278274683917,18.845786890109018,18.84578689010944
2025-08-03,1,43,-2618.8355309794106,-2035.051418665904,583.7841123135064,583.7841123135072
2025-08-04,1,39,-2890.297278566869,-2257.2230586697424,633.0742198971265,633.0742198971273
2025-08-05,1,32,-2913.484762045593,-2304.925660043081,608.5591020025125,608.5591020025129
2025-08-06,1,28,-2864.2960188413917,-2345.7712812860705,518.5247375553208,518.5247375553212
2025-08-07,1,45,-2660.0642259973124,-2037.4950690187245,622.5691569785879,622.5691569785881
2025-08-08,0,0,-3880.9555158822873,-3860.2814230604795,20.674092821808518,20.67409282180894
2025-08-09,0,0,-3920.339744554224,-3898.5457077244787,21.79403682974546,21.794036829745945
2025-08-10,1,33,-2712.11763754977,-2231.283313065072,480.8343244846977,480.8343244846982
2025-08-11,1,37,-3001.662349982506,-2485.0138624147057,516.6484875678012,516.6484875678021
2025-08-12,1,36,-2890.49263624391,-2386.312378868742,504.1802573751683,504.18025737516916
2025-08-13,1,42,-3136.5868028225277,-2649.448649728495,487.138153094032,487.1381530940324
2025-08-14,1,37,-3122.3139368889274,-2689.340010946055,432.97392594287265,432.9739259428736
2025-08-15,0,0,-4318.0170095302665,-4293.719922232925,24.297087297341672,24.29708729734204
2025-08-16,0,0,-4310.454223813483,-4283.386711672293,27.0675121411884,27.067512141188885
2025-08-17,1,33,-3209.3298923521065,-2831.2193145326005,378.11057781950603,378.11057781950666
2025-08-18,1,18,-3639.50714475406,-3520.2694801229477,119.2376646311121,119.23766463111322
2025-08-19,1,23,-3688.5684370984877,-3507.3868164934993,181.18162060498804,181.18162060498878
2025-08-20,1,15,-3735.657962903181,-3512.9045789681636,222.75338393501758,222.753383935018
2025-08-21,1,39,-3215.658060931482,-2786.9036083565597,428.75445257492174,428.7544525749228
2025-08-22,0,0,-4426.6167408121155,-4407.185778956872,19.43096185524431,19.43096185524467
2025-08-23,0,0,-4498.801308058896,-4477.141275247334,21.6600328115626,21.660032811562967
2025-08-24,1,36,-3469.701349118658,-3011.5974315144695,458.1039176041886,458.1039176041891
2025-08-25,1,30,-3514.3935238560357,-3075.005998342892,439.38752551314417,439.3875255131445
2025-08-26,1,49,-3337.7468355014844,-2869.226617024362,468.5202184771222,468.52021847712297
2025-08-27,1,39,-3399.872431222891,-2937.3049685207575,462.5674627021332,462.5674627021336
2025-08-28,1,45,-3311.3675483935617,-2867.838325127306,443.52922326625605,443.5292232662567
2025-08-29,0,0,-4355.638726687154,-4336.513618892907,19.12510779424688,19.12510779424718
2025-08-30,0,0,-4368.589295244202,-4349.585618604488,19.003676639713056,19.0036766397133
2025-08-31,1,42,-3532.8782356885854,-3154.5335804998494,378.3446551887358,378.3446551887361
2025-09-01,1,34,-3532.7415880237268,-3172.254377590115,360.48721043361195,360.4872104336126
2025-09-02,1,10,-2269.849957839931,-2140.8082750205235,129.04168281940784,129.0416828194084
2025-09-03,1,36,-2050.4654544143655,-1671.2096934889046,379.25576092546083,379.2557609254613
2025-09-04,1,40,-2026.4246303049474,-1573.621206964043,452.8034233409041,452.80342334090466
2025-09-05,0,0,-2808.453039639674,-2784.9099040846518,23.543135555021703,23.543135555022065
2025-09-06,0,0,-2775.8451781500926,-2752.8784556623264,22.966722487766855,22.96672248776722
2025-09-07,1,25,-2518.2033121977674,-2388.6988872967786,129.50442490098933,129.50442490098976
2025-09-08,1,36,-1826.0546862680537,-1301.8724957306636,524.18219053739,524.1821905373904
2025-09-09,1,51,-2007.8808829836998,-1501.7883476885838,506.0925352951156,506.0925352951159
2025-09-10,1,45,-1796.6043731399245,-1179.2113840979946,617.39298904193,617.3929890419306
2025-09-11,1,60,-1803.8824383036583,-1244.143390061999,559.7390482416598,559.7390482416603
2025-09-12,0,0,-2652.1536660289607,-2634.6861252566764,17.467540772283147,17.467540772283602
2025-09-13,0,0,-2659.0808679266215,-2641.5468386709845,17.534029255637197,17.534029255637467
2025-09-14,1,27,-2272.189058484687,-2111.1725844275647,161.01647405712163,161.016474057122
2025-09-15,1,62,-1487.5418494659898,-785.0416513445606,702.5001981214292,702.5001981214297
2025-09-16,1,52,-1470.8023734434514,-741.5266098128045,729.2757636306475,729.2757636306479
2025-09-17,1,62,-1396.7627342360113,-670.1711883855747,726.5915458504368,726.591545850437
2025-09-18,1,56,-1414.5316528492253,-696.1408843684452,718.3907684807805,718.3907684807808
2025-09-19,0,0,-2409.286762883219,-2384.8143587526997,24.4724041305192,24.472404130519628
2025-09-20,0,0,-2453.006133093098,-2431.2597168213347,21.746416271763078,21.74641627176341
2025-09-21,1,64,-1458.07593838797,-727.1487909885604,730.9271473994096,730.92714739941
2025-09-22,1,65,-1425.070896467744,-755.5552960184347,669.5156004493092,669.5156004493094
2025-09-23,1,62,-1419.186629947591,-735.7581233351792,683.428506612412,683.4285066124124
2025-09-24,1,67,-1421.9148560671933,-750.3057958135373,671.6090602536559,671.6090602536566
2025-09-25,1,59,-1267.748700982731,-531.652519414901,736.0961815678298,736.0961815678301
2025-09-26,0,0,-2523.975365277812,-2499.1536961743655,24.82166910344644,24.821669103446894
2025-09-27,0,0,-2537.3402468511754,-2511.550922250163,25.789324601012943,25.78932460101337
2025-09-28,1,71,-1051.3482791108972,-198.66801201353462,852.680267097363,852.6802670973634
2025-09-29,1,65,-1010.7215884341161,-183.95956702549617,826.7620214086202,826.7620214086204
2025-09-30,1,67,-1023.4896878075597,-205.30155409125732,818.1881337163026,818.1881337163029
2025-10-01,1,69,-1143.142422076882,-345.6490212716127,797.4934008052693,797.49340080527
2025-10-02,1,48,-1895.7830086857352,-1093.5231214418816,802.2598872438532,802.2598872438537
2025-10-03,0,0,-3481.4091032083643,-3459.6725828707786,21.736520337585883,21.736520337586246
2025-10-04,0,0,-3554.7424635357343,-3537.2300859709053,17.512377564829162,17.51237756482965
2025-10-05,1,53,-1778.6898150106404,-953.6428193935983,825.0469956170421,825.0469956170423
2025-10-06,1,57,-1722.602657771113,-884.6698760845833,837.9327816865298,837.9327816865302
2025-10-07,1,63,-1850.156581966447,-1060.7626992557084,789.3938827107384,789.3938827107385
2025-10-08,1,50,-2073.2536313470673,-1388.7422118010822,684.511419545985,684.5114195459857
2025-10-09,1,45,-2262.3850276801263,-1655.1058595059278,607.2791681741987,607.279168174199
2025-10-10,0,0,-3398.7716899320285,-3380.837611707651,17.93407822437745,17.934078224377664
2025-10-11,0,0,-3383.343479774819,-3369.261908811805,14.081570963014837,14.08157096301508
2025-10-12,1,45,-2465.664996917183,-1866.5989879618714,599.0660089553114,599.0660089553116
2025-10-13,1,53,-2409.119212343221,-1803.0545546014291,606.0646577417921,606.0646577417923
2025-10-14,1,50,-2387.894112912762,-1787.5942428335522,600.2998700792097,600.2998700792101
2025-10-15,1,39,-3274.115534812329,-2947.864564609067,326.2509702032609,326.2509702032615
2025-10-16,1,41,-3248.373353423412,-2914.712313013456,333.6610404099562,333.6610404099565
2025-10-17,0,0,-3740.418397135639,-3726.358687360164,14.059709775475433,14.059709775475707
2025-10-18,0,0,-3733.53679730935,-3717.2693859005562,16.26741140879386,16.267411408794192
2025-10-19,1,50,-3124.7733541748694,-2773.481565223026,351.29178895184305,351.29178895184356
2025-10-20,1,46,-3373.7427270293874,-3116.515179382608,257.22754764677967,257.2275476467801
2025-10-21,1,42,-3357.7425443756374,-3095.9220273213054,261.82051705433236,261.8205170543327
2025-10-22,1,44,-3299.4860521999344,-3049.8105926069343,249.6754595930006,249.6754595930009
2025-10-23,1,40,-3273.38227283884,-3026.5671648922644,246.81510794657513,246.81510794657572
2025-10-24,0,0,-3686.1167109166113,-3662.092156897515,24.024554019096627,24.02455401909708
2025-10-25,0,0,-3694.4592815532096,-3673.4819235681325,20.97735798507712,20.97735798507791
2025-10-26,1,44,-3317.6244013245346,-3077.2145568261426,240.4098444983916,240.40984449839215
2025-10-27,1,45,-3248.296313537728,-3007.9376309221907,240.35868261553722,240.35868261553782
2025-10-28,1,43,-3235.729258817804,-3009.5248715944626,226.20438722334129,226.20438722334202
2025-10-29,1,41,-3277.868978766266,-3063.5439063383815,214.3250724278844,214.3250724278848
2025-10-30,1,44,-3251.2884780745135,-2981.005313228627,270.2831648458866,270.2831648458875
2025-10-31,0,0,-3666.397924837883,-3640.2301260799245,26.167798757957993,26.167798757958476
2025-11-01,0,0,-3910.721484584484,-3884.1959811592938,26.525503425190376,26.52550342519074
2025-11-02,1,42,-3468.7732536928097,-3201.4038470239193,267.3694066688906,267.36940666889114
2025-11-03,1,44,-3937.070133268756,-3661.505379143533,275.5647541252229,275.56475412522366
2025-11-04,1,28,-4209.760993136207,-4022.370819146463,187.3901739897434,187.39017398974408
2025-11-05,1,27,-4224.232026950767,-4035.450621091406,188.78140585936112,188.78140585936183
2025-11-06,1,30,-4235.915152378045,-4049.443182382299,186.47196999574592,186.4719699957464
2025-11-07,0,0,-4612.722042800092,-4585.010913314787,27.71112948530531,27.711129485305612
2025-11-08,0,0,-4570.972774027033,-4538.595129365834,32.377644661198715,32.377644661199504
2025-11-09,1,26,-4259.170460976824,-4067.050619104311,192.11984187251224,192.11984187251272
2025-11-10,1,27,-4355.061626059082,-4163.02967087731,192.0319551817719,192.0319551817722
2025-11-11,1,28,-4375.510166524733,-4193.609729459187,181.90043706554516,181.9004370655456
2025-11-12,1,28,-4345.685834887805,-4144.745018005195,200.94081688261016,200.94081688261076
2025-11-13,1,28,-4348.319826690172,-4141.274063250948,207.04576343922412,207.04576343922477
2025-11-14,0,0,-4627.289195449802,-4594.939302636061,32.3498928137407,32.34989281374125
2025-11-15,0,0,-4556.820176849809,-4522.345687388643,34.47448946116715,34.474489461167515
2025-11-16,1,58,-3901.5913420166316,-3572.6955432570962,328.89579875953507,328.89579875953547
2025-11-17,1,58,-3898.6030016494187,-3561.3709571707836,337.23204447863515,337.2320444786355
2025-11-18,1,58,-3862.256469777111,-3519.257126992827,342.99934278428367,342.9993427842838
2025-11-19,1,65,-3826.7069877330064,-3498.4039267800126,328.3030609529933,328.30306095299426
2025-11-20,1,57,-3851.0865240982807,-3550.852168672737,300.2343554255436,300.23435542554427
2025-11-21,0,0,-4499.831108205567,-4458.419786891773,41.41132131379286,41.411321313793344
2025-11-22,0,0,-4542.674482057716,-4500.532397286162,42.14208477155351,42.142084771553996
2025-11-23,1,50,-3841.532592833226,-3555.7007306238615,285.831862209365,285.83186220936574
2025-11-24,1,48,-3881.9138769949163,-3584.673879287685,297.239997707232,297.2399977072324
2025-11-25,1,50,-3878.4768274642024,-3579.4847142707677,298.9921131934349,298.99211319343533
2025-11-26,1,48,-3888.898357812516,-3595.653875061399,293.24448275111666,293.2444827511174
2025-11-27,1,51,-3898.540706439376,-3626.703875967156,271.8368304722201,271.83683047222075
2025-11-28,1,2,-4390.652110187975,-4329.801894786495,60.85021540148,60.850215401480426
2025-11-29,0,0,-4421.940379790898,-4377.1453313116535,44.79504847924347,44.795048479244194
2025-11-30,1,58,-4010.503409095384,-3755.5124949796204,254.9909141157638,254.99091411576416
2025-12-01,1,51,-4045.805160553369,-3811.282775532492,234.52238502087687,234.52238502087778
2025-12-02,1,59,-3544.949100167119,-3245.0487452175566,299.90035494956254,299.9003549495631
2025-12-03,1,47,-3602.872530735035,-3372.903265362232,229.96926537280325,229.9692653728036
2025-12-04,1,47,-3616.2056564649174,-3386.560628449285,229.64502801563137,229.64502801563185
2025-12-05,1,37,-3859.4703567014067,-3653.0312816954483,206.43907500595859,206.43907500595935
2025-12-06,1,41,-3811.1083026936803,-3580.1085530439964,230.99974964968428,230.99974964968487
2025-12-07,1,59,-3570.6360706513938,-3258.838692315564,311.7973783358296,311.79737833583
2025-12-08,1,50,-3603.666845261342,-3338.6255903959527,265.0412548653892,265.04125486538976
2025-12-09,1,50,-3605.916015309023,-3340.103220585687,265.81279472333694,265.8127947233378
2025-12-10,1,56,-3637.8202421711408,-3357.1875807937204,280.6326613774208,280.6326613774214
2025-12-11,1,41,-3762.371772252987,-3559.7909739525076,202.580798300479,202.58079830047973
2025-12-12,1,26,-4008.025624942573,-3843.4931495609626,164.53247538160966,164.5324753816103
2025-12-13,1,44,-3727.814441459065,-3458.0492068442322,269.76523461483276,269.76523461483316
2025-12-14,1,56,-3540.7371119186178,-3246.119590064248,294.61752185437064,294.61752185437143
2025-12-15,1,50,-3547.2651754122926,-3266.737139293152,280.5280361191406,280.52803611914106
2025-12-16,1,53,-3518.0054894070513,-3216.3217390019477,301.6837504051035,301.6837504051045
2025-12-17,1,62,-3499.8902252172848,-3176.8650722124066,323.02515300487755,323.02515300487784
2025-12-18,1,51,-3515.1993235238356,-3224.171566718566,291.0277568052701,291.02775680527037
2025-12-19,1,35,-3738.4171538321243,-3503.568812499801,234.8483413323235,234.84834133232377
2025-12-20,1,45,-3768.320247748653,-3457.757481024264,310.56276672438895,310.5627667243893
2025-12-21,1,61,-3480.829618048899,-3183.923130287738,296.90648776116126,296.90648776116166
2025-12-22,1,51,-3497.0433938354236,-3215.6988081785253,281.34458565689846,281.3445856568988
2025-12-23,1,62,-3481.815094177616,-3161.8115275345654,320.00356664304974,320.0035666430506
2025-12-24,1,57,-3497.6959833950427,-3202.9528496944777,294.743133700565,294.74313370056575
2025-12-25,1,55,-3507.3221176436496,-3219.2704212656818,288.0516963779679,288.05169637796814
2025-12-26,1,36,-3790.1123829918743,-3553.0592439112665,237.05313908060828,237.05313908060864
2025-12-27,1,41,-3737.5434457091915,-3491.1780938963084,246.36535181288272,246.36535181288335
2025-12-28,1,64,-3403.8239551828806,-3094.2531481511814,309.57080703169896,309.5708070316996
2025-12-29,1,57,-3434.066477125229,-3141.3663887255534,292.7000883996764,292.7000883996768
2025-12-30,1,61,-3552.796614205156,-3283.9179306283277,268.8786835768281,268.8786835768287
2025-12-31,1,61,-3535.196955763751,-3295.938418419826,239.25853734392481,239.2585373439253
