指标,数值,单位
全年计划购电量_kWh,20655054.1324024387,kWh
全年紧急购电量_kWh,143489.7701612597,kWh
全年总计费量_kWh,20798543.9025636986,kWh
全年计划购电费_元,12784146.9900925308,元
全年紧急购电费_元,786415.7938832217,元
全年总费用_元,13570562.7839757521,元
年末储电量_kWh,9459.1028387794,kWh
相对解析响应节省额_元,108297.9603087828,元
相对解析响应节省率,0.0079171769,比率
2025-03-20_计划购电量_kWh,64488.7313036634,kWh
2025-03-20_紧急购电量_kWh,1300.1365188740,kWh
2025-03-20_总计费量_kWh,65788.8678225374,kWh
2025-03-20_计划购电费_元,39338.1015113868,元
2025-03-20_紧急购电费_元,6873.1798266028,元
2025-03-20_结算费用_元,46211.2813379896,元
2025-06-21_计划购电量_kWh,34639.8497303345,kWh
2025-06-21_紧急购电量_kWh,167.5212233237,kWh
2025-06-21_总计费量_kWh,34807.3709536582,kWh
2025-06-21_计划购电费_元,20243.1473474764,元
2025-06-21_紧急购电费_元,668.7378820905,元
2025-06-21_结算费用_元,20911.8852295670,元
2025-09-23_计划购电量_kWh,66357.7555898013,kWh
2025-09-23_紧急购电量_kWh,0.0000000000,kWh
2025-09-23_总计费量_kWh,66357.7555898013,kWh
2025-09-23_计划购电费_元,42713.7494529138,元
2025-09-23_紧急购电费_元,0.0000000000,元
2025-09-23_结算费用_元,42713.7494529138,元
2025-12-21_计划购电量_kWh,96439.8609409469,kWh
2025-12-21_紧急购电量_kWh,0.0000000000,kWh
2025-12-21_总计费量_kWh,96439.8609409469,kWh
2025-12-21_计划购电费_元,62681.7242826589,元
2025-12-21_紧急购电费_元,0.0000000000,元
2025-12-21_结算费用_元,62681.7242826589,元
