网格档,日期,计划量_kWh,紧急量_kWh,总计费量_kWh,总费用_元
δ=6.0,2025-03-20,64488.731304,1300.136519,65788.867823,46211.281338
δ=6.0,2025-06-21,34639.849730,167.521223,34807.370954,20911.885230
δ=6.0,2025-09-23,66357.755590,0.000000,66357.755590,42713.749453
δ=6.0,2025-12-21,96439.860941,0.000000,96439.860941,62681.724283
δ=3.0,2025-03-20,64488.731304,1300.136519,65788.867823,46178.843440
δ=3.0,2025-06-21,34639.849730,167.521223,34807.370954,20904.795030
δ=3.0,2025-09-23,66357.755590,0.000000,66357.755590,42713.749453
δ=3.0,2025-12-21,96439.860941,0.000000,96439.860941,62681.724283
δ=1.5,2025-03-20,64488.731304,1300.136519,65788.867823,46175.996290
δ=1.5,2025-06-21,34639.849730,167.521223,34807.370954,20901.249930
δ=1.5,2025-09-23,66357.755590,0.000000,66357.755590,42713.749453
δ=1.5,2025-12-21,96439.860941,0.000000,96439.860941,62681.724283
