var_index,var_group,interval_index,lower_bound,upper_bound,lower_marginal,upper_marginal,lower_residual,upper_residual
0,g_t,1,0.0,inf,0.0,0.0,1406.6410999999998,inf
1,g_t,2,0.0,inf,0.0,0.0,1406.3298666666665,inf
2,g_t,3,0.0,inf,0.0,0.0,1407.38385,inf
3,g_t,4,0.0,inf,0.0,0.0,1409.07395,inf
4,g_t,5,0.0,inf,0.0,0.0,1409.8045499999998,inf
5,g_t,6,0.0,inf,0.0,0.0,576.6400166666666,inf
6,g_t,7,0.0,inf,0.0,0.0,577.8597,inf
7,g_t,8,0.0,inf,0.0,0.0,577.9938666666667,inf
8,g_t,9,0.0,inf,0.0,0.0,911.1613833333333,inf
9,g_t,10,0.0,inf,0.0,0.0,580.41545,inf
10,g_t,11,0.0,inf,0.0,0.0,582.5140166666666,inf
11,g_t,12,0.0,inf,0.0,0.0,583.0740499999999,inf
12,g_t,13,0.0,inf,0.0,0.0,584.2049166666666,inf
13,g_t,14,0.0,inf,0.0,0.0,585.4397833333333,inf
14,g_t,15,0.0,inf,0.0,0.0,586.1447499999999,inf
15,g_t,16,0.0,inf,0.0,0.0,586.3207666666666,inf
16,g_t,17,0.0,inf,0.0,0.0,586.4253,inf
17,g_t,18,0.0,inf,0.0,0.0,586.8496,inf
18,g_t,19,0.0,inf,0.0,0.0,587.8210166666667,inf
19,g_t,20,0.0,inf,0.0,0.0,589.5475666666666,inf
20,g_t,21,0.0,inf,0.0,0.0,590.8134666666666,inf
21,g_t,22,0.0,inf,0.0,0.0,590.2131166666666,inf
22,g_t,23,0.0,inf,0.0,0.0,591.0662666666666,inf
23,g_t,24,0.0,inf,0.0,0.0,593.3678333333332,inf
24,g_t,25,0.0,inf,0.0,0.0,593.6596833333333,inf
25,g_t,26,0.0,inf,0.0,0.0,592.7863833333333,inf
26,g_t,27,0.0,inf,0.0,0.0,593.3378666666666,inf
27,g_t,28,0.0,inf,0.0,0.0,596.6757666666666,inf
28,g_t,29,0.0,inf,0.0,0.0,597.78025,inf
29,g_t,30,0.0,inf,0.0,0.0,595.1624999999999,inf
30,g_t,31,0.0,inf,0.0,0.0,590.6065,inf
31,g_t,32,0.0,inf,0.0,0.0,589.4851833333333,inf
32,g_t,33,0.0,inf,0.0,0.0,578.4554499999999,inf
33,g_t,34,0.0,inf,0.0,0.0,1383.659783333333,inf
34,g_t,35,0.0,inf,0.0,0.0,591.1401999999999,inf
35,g_t,36,0.0,inf,0.31915925925925936,0.0,0.0,inf
36,g_t,37,0.0,inf,0.3460592592592593,0.0,0.0,inf
37,g_t,38,0.0,inf,0.28505925925925935,0.0,0.0,inf
38,g_t,39,0.0,inf,0.28515925925925933,0.0,0.0,inf
39,g_t,40,0.0,inf,0.2693592592592593,0.0,0.0,inf
40,g_t,41,0.0,inf,0.2534592592592593,0.0,0.0,inf
41,g_t,42,0.0,inf,0.24265925925925935,0.0,0.0,inf
42,g_t,43,0.0,inf,0.21845925925925935,0.0,0.0,inf
43,g_t,44,0.0,inf,0.20645925925925934,0.0,0.0,inf
44,g_t,45,0.0,inf,0.1736592592592593,0.0,0.0,inf
45,g_t,46,0.0,inf,0.09915925925925928,0.0,0.0,inf
46,g_t,47,0.0,inf,0.2692592592592593,0.0,0.0,inf
47,g_t,48,0.0,inf,0.5709592592592593,0.0,0.0,inf
48,g_t,49,0.0,inf,0.5775592592592592,0.0,0.0,inf
49,g_t,50,0.0,inf,0.5048592592592592,0.0,0.0,inf
50,g_t,51,0.0,inf,0.4941592592592593,0.0,0.0,inf
51,g_t,52,0.0,inf,0.47025925925925927,0.0,0.0,inf
52,g_t,53,0.0,inf,0.45225925925925925,0.0,0.0,inf
53,g_t,54,0.0,inf,0.44525925925925935,0.0,0.0,inf
54,g_t,55,0.0,inf,0.42395925925925926,0.0,0.0,inf
55,g_t,56,0.0,inf,0.4014592592592593,0.0,0.0,inf
56,g_t,57,0.0,inf,0.3792592592592593,0.0,0.0,inf
57,g_t,58,0.0,inf,0.46370000000000006,0.0,0.0,inf
58,g_t,59,0.0,inf,0.4784,0.0,0.0,inf
59,g_t,60,0.0,inf,0.5192000000000001,0.0,0.0,inf
60,g_t,61,0.0,inf,0.5134000000000001,0.0,0.0,inf
61,g_t,62,0.0,inf,0.4803,0.0,0.0,inf
62,g_t,63,0.0,inf,0.4764,0.0,0.0,inf
63,g_t,64,0.0,inf,0.5054000000000001,0.0,0.0,inf
64,g_t,65,0.0,inf,0.32050000000000006,0.0,0.0,inf
65,g_t,66,0.0,inf,0.023999999999999966,0.0,0.0,inf
66,g_t,67,0.0,inf,0.0,0.0,575.1709166666665,inf
67,g_t,68,0.0,inf,0.022200000000000053,0.0,0.0,inf
68,g_t,69,0.0,inf,0.004200000000000037,0.0,0.0,inf
69,g_t,70,0.0,inf,0.0,0.0,179.2771713991827,inf
70,g_t,71,0.0,inf,0.0,0.0,520.1245166666665,inf
71,g_t,72,0.0,inf,0.0,0.0,486.40289999999993,inf
72,g_t,73,0.0,inf,0.0,0.0,480.41245000000004,inf
73,g_t,74,0.0,inf,0.0,0.0,485.29999999999995,inf
74,g_t,75,0.0,inf,0.0,0.0,488.6069666666666,inf
75,g_t,76,0.0,inf,0.0,0.0,498.2707333333333,inf
76,g_t,77,0.0,inf,0.08970000000000006,0.0,0.0,inf
77,g_t,78,0.0,inf,0.3494,0.0,0.0,inf
78,g_t,79,0.0,inf,0.38510000000000005,0.0,0.0,inf
79,g_t,80,0.0,inf,0.36310000000000003,0.0,0.0,inf
80,g_t,81,0.0,inf,0.38330000000000003,0.0,0.0,inf
81,g_t,82,0.0,inf,0.3838,0.0,0.0,inf
82,g_t,83,0.0,inf,0.4241,0.0,0.0,inf
83,g_t,84,0.0,inf,0.49690000000000006,0.0,0.0,inf
84,g_t,85,0.0,inf,0.5217,0.0,0.0,inf
85,g_t,86,0.0,inf,0.5193000000000001,0.0,0.0,inf
86,g_t,87,0.0,inf,0.5486,0.0,0.0,inf
87,g_t,88,0.0,inf,0.27578518518518513,0.0,0.0,inf
88,g_t,89,0.0,inf,0.12278518518518511,0.0,0.0,inf
89,g_t,90,0.0,inf,0.0,0.0,112.08986666666681,inf
90,g_t,91,0.0,inf,0.0,0.0,266.73269362140104,inf
91,g_t,92,0.0,inf,0.0,0.0,197.52351666666664,inf
92,g_t,93,0.0,inf,0.0,0.0,244.8140333333331,inf
93,g_t,94,0.0,inf,0.0,0.0,295.5346166666667,inf
94,g_t,95,0.0,inf,0.0,0.0,345.77750000000015,inf
95,g_t,96,0.0,inf,0.0,0.0,394.9314833333333,inf
96,g_t,97,0.0,inf,0.0,0.0,445.43164999999993,inf
97,g_t,98,0.0,inf,0.0,0.0,495.69658333333325,inf
98,g_t,99,0.0,inf,0.0,0.0,547.1190500000001,inf
99,g_t,100,0.0,inf,0.0,0.0,599.9854333333333,inf
100,g_t,101,0.0,inf,0.0,0.0,635.4297499999999,inf
101,g_t,102,0.0,inf,0.0,0.0,660.8306833333334,inf
102,g_t,103,0.0,inf,0.0,0.0,702.0369333333333,inf
103,g_t,104,0.0,inf,0.0,0.0,738.0657833333332,inf
104,g_t,105,0.0,inf,0.0,0.0,775.9447166666666,inf
105,g_t,106,0.0,inf,0.0,0.0,826.08325,inf
106,g_t,107,0.0,inf,0.0,0.0,762.4227999999999,inf
107,g_t,108,0.0,inf,0.0,0.0,636.9826166666667,inf
108,g_t,109,0.0,inf,0.0,0.0,531.8940499999999,inf
109,g_t,110,0.0,inf,0.0,0.0,678.8305333333333,inf
110,g_t,111,0.0,inf,0.0,0.0,686.2684999999999,inf
111,g_t,112,0.0,inf,0.0,0.0,696.5043833333333,inf
112,g_t,113,0.0,inf,0.03200000000000003,0.0,0.0,inf
113,g_t,114,0.0,inf,0.09050000000000002,0.0,0.0,inf
114,g_t,115,0.0,inf,0.09620000000000006,0.0,0.0,inf
115,g_t,116,0.0,inf,0.08840000000000003,0.0,0.0,inf
116,g_t,117,0.0,inf,0.09220000000000006,0.0,0.0,inf
117,g_t,118,0.0,inf,0.09289999999999998,0.0,0.0,inf
118,g_t,119,0.0,inf,0.09119999999999995,0.0,0.0,inf
119,g_t,120,0.0,inf,0.09210000000000007,0.0,0.0,inf
120,g_t,121,0.0,inf,0.09519999999999995,0.0,0.0,inf
121,g_t,122,0.0,inf,0.08390000000000009,0.0,0.0,inf
122,g_t,123,0.0,inf,0.0928,0.0,0.0,inf
123,g_t,124,0.0,inf,0.1391,0.0,0.0,inf
124,g_t,125,0.0,inf,0.0,0.0,715.8689166666666,inf
125,g_t,126,0.0,inf,0.0,0.0,717.0051166666667,inf
126,g_t,127,0.0,inf,0.0,0.0,720.1603,inf
127,g_t,128,0.0,inf,0.0,0.0,717.0548666666666,inf
128,g_t,129,0.0,inf,0.0,0.0,720.4459666666667,inf
129,g_t,130,0.0,inf,0.0,0.0,738.1347166666666,inf
130,g_t,131,0.0,inf,0.0,0.0,671.6935666666666,inf
131,g_t,132,0.0,inf,0.0,0.0,1393.7903166666665,inf
132,g_t,133,0.0,inf,0.0,0.0,1384.8989,inf
133,g_t,134,0.0,inf,0.0,0.0,568.8260499999999,inf
134,g_t,135,0.0,inf,0.0,0.0,1396.98855,inf
135,g_t,136,0.0,inf,0.0,0.0,1397.7598666666665,inf
136,g_t,137,0.0,inf,0.0,0.0,566.7474333333332,inf
137,g_t,138,0.0,inf,0.0,0.0,1399.8737666666666,inf
138,g_t,139,0.0,inf,0.0,0.0,567.83015,inf
139,g_t,140,0.0,inf,0.0,0.0,902.6919666666665,inf
140,g_t,141,0.0,inf,0.0,0.0,1403.6635166666665,inf
141,g_t,142,0.0,inf,0.0,0.0,571.6153833333333,inf
142,g_t,143,0.0,inf,0.0,0.0,573.1768333333333,inf
143,g_t,144,0.0,inf,0.0,0.0,574.1209833333332,inf
144,C_t,1,0.0,833.3333333333333,0.0,-0.003100000000000002,833.3333333333333,0.0
145,C_t,2,0.0,833.3333333333333,0.0,-0.0034000000000000245,833.3333333333333,0.0
146,C_t,3,0.0,833.3333333333333,0.0,-0.0010000000000000115,833.3333333333333,0.0
147,C_t,4,0.0,833.3333333333333,0.0,-0.0006999999999999889,833.3333333333333,0.0
148,C_t,5,0.0,833.3333333333333,0.0,-0.0008000000000000334,833.3333333333333,0.0
149,C_t,6,0.0,833.3333333333333,0.0005999999999999789,0.0,0.0,833.3333333333333
150,C_t,7,0.0,833.3333333333333,0.0031999999999999702,0.0,0.0,833.3333333333333
151,C_t,8,0.0,833.3333333333333,0.002300000000000014,0.0,0.0,833.3333333333333
152,C_t,9,0.0,833.3333333333333,0.0,0.0,333.3333333333333,499.99999999999994
153,C_t,10,0.0,833.3333333333333,0.0033000000000000147,0.0,0.0,833.3333333333333
154,C_t,11,0.0,833.3333333333333,0.0054000000000000055,0.0,0.0,833.3333333333333
155,C_t,12,0.0,833.3333333333333,0.0031999999999999702,0.0,0.0,833.3333333333333
156,C_t,13,0.0,833.3333333333333,0.0014000000000000017,0.0,0.0,833.3333333333333
157,C_t,14,0.0,833.3333333333333,0.004499999999999994,0.0,0.0,833.3333333333333
158,C_t,15,0.0,833.3333333333333,0.008799999999999964,0.0,0.0,833.3333333333333
159,C_t,16,0.0,833.3333333333333,0.006900000000000007,0.0,0.0,833.3333333333333
160,C_t,17,0.0,833.3333333333333,0.0055999999999999835,0.0,0.0,833.3333333333333
161,C_t,18,0.0,833.3333333333333,0.007799999999999963,0.0,0.0,833.3333333333333
162,C_t,19,0.0,833.3333333333333,0.009499999999999998,0.0,0.0,833.3333333333333
163,C_t,20,0.0,833.3333333333333,0.009199999999999976,0.0,0.0,833.3333333333333
164,C_t,21,0.0,833.3333333333333,0.007699999999999974,0.0,0.0,833.3333333333333
165,C_t,22,0.0,833.3333333333333,0.007400000000000007,0.0,0.0,833.3333333333333
166,C_t,23,0.0,833.3333333333333,0.008099999999999986,0.0,0.0,833.3333333333333
167,C_t,24,0.0,833.3333333333333,0.00990000000000001,0.0,0.0,833.3333333333333
168,C_t,25,0.0,833.3333333333333,0.012199999999999978,0.0,0.0,833.3333333333333
169,C_t,26,0.0,833.3333333333333,0.011,0.0,0.0,833.3333333333333
170,C_t,27,0.0,833.3333333333333,0.008499999999999997,0.0,0.0,833.3333333333333
171,C_t,28,0.0,833.3333333333333,0.01140000000000001,0.0,0.0,833.3333333333333
172,C_t,29,0.0,833.3333333333333,0.014299999999999969,0.0,0.0,833.3333333333333
173,C_t,30,0.0,833.3333333333333,0.011599999999999989,0.0,0.0,833.3333333333333
174,C_t,31,0.0,833.3333333333333,0.0054000000000000055,0.0,0.0,833.3333333333333
175,C_t,32,0.0,833.3333333333333,0.016000000000000004,0.0,0.0,833.3333333333333
176,C_t,33,0.0,833.3333333333333,0.0021999999999999693,0.0,0.0,833.3333333333333
177,C_t,34,0.0,833.3333333333333,0.0,-0.0566,833.3333333333333,0.0
178,C_t,35,0.0,833.3333333333333,0.108452,0.0,0.0,833.3333333333333
179,C_t,36,0.0,833.3333333333333,0.11224074074074071,0.0,0.0,833.3333333333333
180,C_t,37,0.0,833.3333333333333,0.11224074074074071,0.0,0.0,833.3333333333333
181,C_t,38,0.0,833.3333333333333,0.11224074074074071,0.0,0.0,833.3333333333333
182,C_t,39,0.0,833.3333333333333,0.11224074074074071,0.0,0.0,833.3333333333333
183,C_t,40,0.0,833.3333333333333,0.11224074074074071,0.0,0.0,833.3333333333333
184,C_t,41,0.0,833.3333333333333,0.11224074074074071,0.0,0.0,833.3333333333333
185,C_t,42,0.0,833.3333333333333,0.11224074074074071,0.0,0.0,833.3333333333333
186,C_t,43,0.0,833.3333333333333,0.11224074074074071,0.0,0.0,833.3333333333333
187,C_t,44,0.0,833.3333333333333,0.11224074074074071,0.0,0.0,833.3333333333333
188,C_t,45,0.0,833.3333333333333,0.11224074074074071,0.0,0.0,833.3333333333333
189,C_t,46,0.0,833.3333333333333,0.11224074074074071,0.0,0.0,833.3333333333333
190,C_t,47,0.0,833.3333333333333,0.11224074074074071,0.0,0.0,833.3333333333333
191,C_t,48,0.0,833.3333333333333,0.11224074074074071,0.0,0.0,833.3333333333333
192,C_t,49,0.0,833.3333333333333,0.11224074074074071,0.0,0.0,833.3333333333333
193,C_t,50,0.0,833.3333333333333,0.11224074074074071,0.0,0.0,833.3333333333333
194,C_t,51,0.0,833.3333333333333,0.11224074074074071,0.0,0.0,833.3333333333333
195,C_t,52,0.0,833.3333333333333,0.11224074074074071,0.0,0.0,833.3333333333333
196,C_t,53,0.0,833.3333333333333,0.11224074074074071,0.0,0.0,833.3333333333333
197,C_t,54,0.0,833.3333333333333,0.11224074074074071,0.0,0.0,833.3333333333333
198,C_t,55,0.0,833.3333333333333,0.11224074074074071,0.0,0.0,833.3333333333333
199,C_t,56,0.0,833.3333333333333,0.11224074074074071,0.0,0.0,833.3333333333333
200,C_t,57,0.0,833.3333333333333,0.11224074074074071,0.0,0.0,833.3333333333333
201,C_t,58,0.0,833.3333333333333,0.0,0.0,17.424066666666363,815.9092666666669
202,C_t,59,0.0,833.3333333333333,0.0,0.0,52.83776666666654,780.4955666666667
203,C_t,60,0.0,833.3333333333333,0.0,0.0,84.56241666666654,748.7709166666667
204,C_t,61,0.0,833.3333333333333,0.0,0.0,116.9835833333334,716.3497499999999
205,C_t,62,0.0,833.3333333333333,0.0,0.0,146.66060000000016,686.6727333333331
206,C_t,63,0.0,833.3333333333333,0.0,0.0,173.52024999999992,659.8130833333333
207,C_t,64,0.0,833.3333333333333,0.0,0.0,201.02908333333312,632.3042500000001
208,C_t,65,0.0,833.3333333333333,0.0,0.0,225.40611666666632,607.9272166666669
209,C_t,66,0.0,833.3333333333333,0.0,0.0,244.00924999999995,589.3240833333333
210,C_t,67,0.0,833.3333333333333,0.0,-0.012299999999999967,833.3333333333333,0.0
211,C_t,68,0.0,833.3333333333333,0.0,0.0,272.6315333333332,560.7018
212,C_t,69,0.0,833.3333333333333,0.0,0.0,284.3209833333333,549.01235
213,C_t,70,0.0,833.3333333333333,0.0,0.0,468.5786380658495,364.7546952674838
214,C_t,71,0.0,833.3333333333333,0.0,-0.012299999999999967,833.3333333333333,0.0
215,C_t,72,0.0,833.3333333333333,0.0,-0.03529999999999999,833.3333333333333,0.0
216,C_t,73,0.0,833.3333333333333,0.0,-0.03739999999999998,833.3333333333333,0.0
217,C_t,74,0.0,833.3333333333333,0.0,-0.023399999999999966,833.3333333333333,0.0
218,C_t,75,0.0,833.3333333333333,0.0,-0.0322,833.3333333333333,0.0
219,C_t,76,0.0,833.3333333333333,0.0,-0.06719999999999997,833.3333333333333,0.0
220,C_t,77,0.0,833.3333333333333,0.0,0.0,304.5517666666666,528.7815666666667
221,C_t,78,0.0,833.3333333333333,0.0,0.0,264.5071833333335,568.8261499999998
222,C_t,79,0.0,833.3333333333333,0.0,0.0,242.5075499999998,590.8257833333334
223,C_t,80,0.0,833.3333333333333,0.0,0.0,223.07558333333304,610.2577500000002
224,C_t,81,0.0,833.3333333333333,0.0,0.0,198.75931666666668,634.5740166666666
225,C_t,82,0.0,833.3333333333333,0.0,0.0,177.3598166666668,655.9735166666665
226,C_t,83,0.0,833.3333333333333,0.0,0.0,151.74029999999982,681.5930333333334
227,C_t,84,0.0,833.3333333333333,0.0,0.0,120.0350333333331,713.2983000000002
228,C_t,85,0.0,833.3333333333333,0.0,0.0,87.81444999999997,745.5188833333333
229,C_t,86,0.0,833.3333333333333,0.0,0.0,53.62486666666632,779.7084666666669
230,C_t,87,0.0,833.3333333333333,0.0,0.0,16.25513333333356,817.0781999999997
231,C_t,88,0.0,833.3333333333333,0.15481481481481482,0.0,0.0,833.3333333333333
232,C_t,89,0.0,833.3333333333333,0.15481481481481482,0.0,0.0,833.3333333333333
233,C_t,90,0.0,833.3333333333333,0.009399999999999926,0.0,0.0,833.3333333333333
234,C_t,91,0.0,833.3333333333333,0.0,0.0,112.47084362140109,720.8624897119322
235,C_t,92,0.0,833.3333333333333,0.061699999999999935,0.0,0.0,833.3333333333333
236,C_t,93,0.0,833.3333333333333,0.07079999999999993,0.0,0.0,833.3333333333333
237,C_t,94,0.0,833.3333333333333,0.09339999999999989,0.0,0.0,833.3333333333333
238,C_t,95,0.0,833.3333333333333,0.12229999999999992,0.0,0.0,833.3333333333333
239,C_t,96,0.0,833.3333333333333,0.14549999999999993,0.0,0.0,833.3333333333333
240,C_t,97,0.0,833.3333333333333,0.15714900000000004,0.0,0.0,833.3333333333333
241,C_t,98,0.0,833.3333333333333,0.16186099999999998,0.0,0.0,833.3333333333333
242,C_t,99,0.0,833.3333333333333,0.167029,0.0,0.0,833.3333333333333
243,C_t,100,0.0,833.3333333333333,0.152016,0.0,0.0,833.3333333333333
244,C_t,101,0.0,833.3333333333333,0.16591600000000004,0.0,0.0,833.3333333333333
245,C_t,102,0.0,833.3333333333333,0.17601600000000003,0.0,0.0,833.3333333333333
246,C_t,103,0.0,833.3333333333333,0.17977800000000002,0.0,0.0,833.3333333333333
247,C_t,104,0.0,833.3333333333333,0.18509800000000004,0.0,0.0,833.3333333333333
248,C_t,105,0.0,833.3333333333333,0.18737800000000002,0.0,0.0,833.3333333333333
249,C_t,106,0.0,833.3333333333333,0.17717800000000003,0.0,0.0,833.3333333333333
250,C_t,107,0.0,833.3333333333333,0.20409800000000006,0.0,0.0,833.3333333333333
251,C_t,108,0.0,833.3333333333333,0.23394699999999996,0.0,0.0,833.3333333333333
252,C_t,109,0.0,833.3333333333333,0.23865899999999998,0.0,0.0,833.3333333333333
253,C_t,110,0.0,833.3333333333333,0.2272589999999999,0.0,0.0,833.3333333333333
254,C_t,111,0.0,833.3333333333333,0.23705899999999994,0.0,0.0,833.3333333333333
255,C_t,112,0.0,833.3333333333333,0.23475899999999997,0.0,0.0,833.3333333333333
256,C_t,113,0.0,833.3333333333333,0.23865899999999998,0.0,0.0,833.3333333333333
257,C_t,114,0.0,833.3333333333333,0.23865899999999998,0.0,0.0,833.3333333333333
258,C_t,115,0.0,833.3333333333333,0.23865899999999998,0.0,0.0,833.3333333333333
259,C_t,116,0.0,833.3333333333333,0.23865899999999998,0.0,0.0,833.3333333333333
260,C_t,117,0.0,833.3333333333333,0.23865899999999998,0.0,0.0,833.3333333333333
261,C_t,118,0.0,833.3333333333333,0.23865899999999998,0.0,0.0,833.3333333333333
262,C_t,119,0.0,833.3333333333333,0.23865899999999998,0.0,0.0,833.3333333333333
263,C_t,120,0.0,833.3333333333333,0.23865899999999998,0.0,0.0,833.3333333333333
264,C_t,121,0.0,833.3333333333333,0.23865899999999998,0.0,0.0,833.3333333333333
265,C_t,122,0.0,833.3333333333333,0.23865899999999998,0.0,0.0,833.3333333333333
266,C_t,123,0.0,833.3333333333333,0.23865899999999998,0.0,0.0,833.3333333333333
267,C_t,124,0.0,833.3333333333333,0.23865899999999998,0.0,0.0,833.3333333333333
268,C_t,125,0.0,833.3333333333333,0.232294,0.0,0.0,833.3333333333333
269,C_t,126,0.0,833.3333333333333,0.1336490000000001,0.0,0.0,833.3333333333333
270,C_t,127,0.0,833.3333333333333,0.10724900000000012,0.0,0.0,833.3333333333333
271,C_t,128,0.0,833.3333333333333,0.13754900000000012,0.0,0.0,833.3333333333333
272,C_t,129,0.0,833.3333333333333,0.13754900000000012,0.0,0.0,833.3333333333333
273,C_t,130,0.0,833.3333333333333,0.18754900000000005,0.0,0.0,833.3333333333333
274,C_t,131,0.0,833.3333333333333,0.147516,0.0,0.0,833.3333333333333
275,C_t,132,0.0,833.3333333333333,0.0,-0.0030999999999999964,833.3333333333333,0.0
276,C_t,133,0.0,833.3333333333333,0.0,-0.038099999999999974,833.3333333333333,0.0
277,C_t,134,0.0,833.3333333333333,0.012800000000000028,0.0,0.0,833.3333333333333
278,C_t,135,0.0,833.3333333333333,0.0,-0.004199999999999987,833.3333333333333,0.0
279,C_t,136,0.0,833.3333333333333,0.0,-0.005399999999999966,833.3333333333333,0.0
280,C_t,137,0.0,833.3333333333333,9.999999999998408e-05,0.0,0.0,833.3333333333333
281,C_t,138,0.0,833.3333333333333,0.0,-0.0002999999999999719,833.3333333333333,0.0
282,C_t,139,0.0,833.3333333333333,0.000800000000000018,0.0,0.0,833.3333333333333
283,C_t,140,0.0,833.3333333333333,0.0,0.0,333.3333333333333,499.99999999999994
284,C_t,141,0.0,833.3333333333333,0.0,-0.0020000000000000065,833.3333333333333,0.0
285,C_t,142,0.0,833.3333333333333,0.0,0.0,0.0,833.3333333333333
286,C_t,143,0.0,833.3333333333333,0.003099999999999987,0.0,0.0,833.3333333333333
287,C_t,144,0.0,833.3333333333333,0.0035999999999999873,0.0,0.0,833.3333333333333
288,D_t,1,0.0,833.3333333333333,0.10347160493827162,0.0,0.0,833.3333333333333
289,D_t,2,0.0,833.3333333333333,0.10377160493827164,0.0,0.0,833.3333333333333
290,D_t,3,0.0,833.3333333333333,0.10137160493827163,0.0,0.0,833.3333333333333
291,D_t,4,0.0,833.3333333333333,0.10107160493827161,0.0,0.0,833.3333333333333
292,D_t,5,0.0,833.3333333333333,0.10117160493827165,0.0,0.0,833.3333333333333
293,D_t,6,0.0,833.3333333333333,0.09977160493827164,0.0,0.0,833.3333333333333
294,D_t,7,0.0,833.3333333333333,0.09717160493827165,0.0,0.0,833.3333333333333
295,D_t,8,0.0,833.3333333333333,0.0980716049382716,0.0,0.0,833.3333333333333
296,D_t,9,0.0,833.3333333333333,0.10037160493827163,0.0,0.0,833.3333333333333
297,D_t,10,0.0,833.3333333333333,0.0970716049382716,0.0,0.0,833.3333333333333
298,D_t,11,0.0,833.3333333333333,0.09497160493827161,0.0,0.0,833.3333333333333
299,D_t,12,0.0,833.3333333333333,0.09717160493827165,0.0,0.0,833.3333333333333
300,D_t,13,0.0,833.3333333333333,0.09897160493827162,0.0,0.0,833.3333333333333
301,D_t,14,0.0,833.3333333333333,0.09587160493827163,0.0,0.0,833.3333333333333
302,D_t,15,0.0,833.3333333333333,0.09157160493827166,0.0,0.0,833.3333333333333
303,D_t,16,0.0,833.3333333333333,0.09347160493827161,0.0,0.0,833.3333333333333
304,D_t,17,0.0,833.3333333333333,0.09477160493827164,0.0,0.0,833.3333333333333
305,D_t,18,0.0,833.3333333333333,0.09257160493827166,0.0,0.0,833.3333333333333
306,D_t,19,0.0,833.3333333333333,0.09087160493827162,0.0,0.0,833.3333333333333
307,D_t,20,0.0,833.3333333333333,0.09117160493827164,0.0,0.0,833.3333333333333
308,D_t,21,0.0,833.3333333333333,0.09267160493827165,0.0,0.0,833.3333333333333
309,D_t,22,0.0,833.3333333333333,0.09297160493827161,0.0,0.0,833.3333333333333
310,D_t,23,0.0,833.3333333333333,0.09227160493827163,0.0,0.0,833.3333333333333
311,D_t,24,0.0,833.3333333333333,0.09047160493827161,0.0,0.0,833.3333333333333
312,D_t,25,0.0,833.3333333333333,0.08817160493827164,0.0,0.0,833.3333333333333
313,D_t,26,0.0,833.3333333333333,0.08937160493827162,0.0,0.0,833.3333333333333
314,D_t,27,0.0,833.3333333333333,0.09187160493827162,0.0,0.0,833.3333333333333
315,D_t,28,0.0,833.3333333333333,0.08897160493827161,0.0,0.0,833.3333333333333
316,D_t,29,0.0,833.3333333333333,0.08607160493827165,0.0,0.0,833.3333333333333
317,D_t,30,0.0,833.3333333333333,0.08877160493827163,0.0,0.0,833.3333333333333
318,D_t,31,0.0,833.3333333333333,0.09497160493827161,0.0,0.0,833.3333333333333
319,D_t,32,0.0,833.3333333333333,0.08437160493827162,0.0,0.0,833.3333333333333
320,D_t,33,0.0,833.3333333333333,0.09817160493827165,0.0,0.0,833.3333333333333
321,D_t,34,0.0,833.3333333333333,0.1569716049382716,0.0,0.0,833.3333333333333
322,D_t,35,0.0,833.3333333333333,0.0,0.0,-0.0,833.3333333333333
323,D_t,36,0.0,833.3333333333333,0.0,0.0,668.2538833333332,165.07945000000007
324,D_t,37,0.0,833.3333333333333,0.0,0.0,655.4553333333333,177.87799999999993
325,D_t,38,0.0,833.3333333333333,0.0,0.0,616.5040333333334,216.82929999999988
326,D_t,39,0.0,833.3333333333333,0.0,0.0,591.4544833333334,241.87884999999983
327,D_t,40,0.0,833.3333333333333,0.0,0.0,557.4868666666665,275.84646666666674
328,D_t,41,0.0,833.3333333333333,0.0,0.0,529.2397,304.0936333333333
329,D_t,42,0.0,833.3333333333333,0.0,0.0,502.47071666666665,330.8626166666666
330,D_t,43,0.0,833.3333333333333,0.0,0.0,455.4435666666667,377.88976666666656
331,D_t,44,0.0,833.3333333333333,0.0,0.0,410.0667,423.26663333333323
332,D_t,45,0.0,833.3333333333333,0.0,0.0,356.99678333333327,476.33655
333,D_t,46,0.0,833.3333333333333,0.0,0.0,283.36356666666666,549.9697666666666
334,D_t,47,0.0,833.3333333333333,0.0,0.0,320.68411666666657,512.6492166666667
335,D_t,48,0.0,833.3333333333333,0.0,0.0,418.42144999999994,414.9118833333333
336,D_t,49,0.0,833.3333333333333,0.0,0.0,381.91078333333314,451.4225500000001
337,D_t,50,0.0,833.3333333333333,0.0,0.0,309.55634999999995,523.7769833333333
338,D_t,51,0.0,833.3333333333333,0.0,0.0,264.6193999999999,568.7139333333333
339,D_t,52,0.0,833.3333333333333,0.0,0.0,213.74079999999992,619.5925333333333
340,D_t,53,0.0,833.3333333333333,0.0,0.0,178.55891666666662,654.7744166666666
341,D_t,54,0.0,833.3333333333333,0.0,0.0,155.39211666666677,677.9412166666665
342,D_t,55,0.0,833.3333333333333,0.0,0.0,112.25950000000012,721.0738333333331
343,D_t,56,0.0,833.3333333333333,0.0,0.0,64.39686666666637,768.9364666666669
344,D_t,57,0.0,833.3333333333333,0.0,0.0,22.562250000000063,810.7710833333332
345,D_t,58,0.0,833.3333333333333,0.11224074074074074,0.0,0.0,833.3333333333333
346,D_t,59,0.0,833.3333333333333,0.11224074074074074,0.0,0.0,833.3333333333333
347,D_t,60,0.0,833.3333333333333,0.11224074074074074,0.0,0.0,833.3333333333333
348,D_t,61,0.0,833.3333333333333,0.11224074074074074,0.0,0.0,833.3333333333333
349,D_t,62,0.0,833.3333333333333,0.11224074074074074,0.0,0.0,833.3333333333333
350,D_t,63,0.0,833.3333333333333,0.11224074074074074,0.0,0.0,833.3333333333333
351,D_t,64,0.0,833.3333333333333,0.11224074074074074,0.0,0.0,833.3333333333333
352,D_t,65,0.0,833.3333333333333,0.11224074074074074,0.0,0.0,833.3333333333333
353,D_t,66,0.0,833.3333333333333,0.11224074074074074,0.0,0.0,833.3333333333333
354,D_t,67,0.0,833.3333333333333,0.12454074074074072,0.0,0.0,833.3333333333333
355,D_t,68,0.0,833.3333333333333,0.11224074074074074,0.0,0.0,833.3333333333333
356,D_t,69,0.0,833.3333333333333,0.11224074074074074,0.0,0.0,833.3333333333333
357,D_t,70,0.0,833.3333333333333,0.11224074074074074,0.0,0.0,833.3333333333333
358,D_t,71,0.0,833.3333333333333,0.12454074074074072,0.0,0.0,833.3333333333333
359,D_t,72,0.0,833.3333333333333,0.14754074074074072,0.0,0.0,833.3333333333333
360,D_t,73,0.0,833.3333333333333,0.1496407407407407,0.0,0.0,833.3333333333333
361,D_t,74,0.0,833.3333333333333,0.1356407407407407,0.0,0.0,833.3333333333333
362,D_t,75,0.0,833.3333333333333,0.14444074074074073,0.0,0.0,833.3333333333333
363,D_t,76,0.0,833.3333333333333,0.1794407407407407,0.0,0.0,833.3333333333333
364,D_t,77,0.0,833.3333333333333,0.11224074074074074,0.0,0.0,833.3333333333333
365,D_t,78,0.0,833.3333333333333,0.11224074074074074,0.0,0.0,833.3333333333333
366,D_t,79,0.0,833.3333333333333,0.11224074074074074,0.0,0.0,833.3333333333333
367,D_t,80,0.0,833.3333333333333,0.11224074074074074,0.0,0.0,833.3333333333333
368,D_t,81,0.0,833.3333333333333,0.11224074074074074,0.0,0.0,833.3333333333333
369,D_t,82,0.0,833.3333333333333,0.11224074074074074,0.0,0.0,833.3333333333333
370,D_t,83,0.0,833.3333333333333,0.11224074074074074,0.0,0.0,833.3333333333333
371,D_t,84,0.0,833.3333333333333,0.11224074074074074,0.0,0.0,833.3333333333333
372,D_t,85,0.0,833.3333333333333,0.11224074074074074,0.0,0.0,833.3333333333333
373,D_t,86,0.0,833.3333333333333,0.11224074074074074,0.0,0.0,833.3333333333333
374,D_t,87,0.0,833.3333333333333,0.11224074074074074,0.0,0.0,833.3333333333333
375,D_t,88,0.0,833.3333333333333,0.0,0.0,23.781366666666827,809.5519666666664
376,D_t,89,0.0,833.3333333333333,0.0,0.0,67.32001666666679,766.0133166666665
377,D_t,90,0.0,833.3333333333333,0.1454148148148149,0.0,0.0,833.3333333333333
378,D_t,91,0.0,833.3333333333333,0.15481481481481488,0.0,0.0,833.3333333333333
379,D_t,92,0.0,833.3333333333333,0.09311481481481491,0.0,0.0,833.3333333333333
380,D_t,93,0.0,833.3333333333333,0.08401481481481492,0.0,0.0,833.3333333333333
381,D_t,94,0.0,833.3333333333333,0.06141481481481496,0.0,0.0,833.3333333333333
382,D_t,95,0.0,833.3333333333333,0.03251481481481492,0.0,0.0,833.3333333333333
383,D_t,96,0.0,833.3333333333333,0.009314814814814923,0.0,0.0,833.3333333333333
384,D_t,97,0.0,833.3333333333333,0.0,0.0,-0.0,833.3333333333333
385,D_t,98,0.0,833.3333333333333,0.0,0.0,-0.0,833.3333333333333
386,D_t,99,0.0,833.3333333333333,0.0,0.0,-0.0,833.3333333333333
387,D_t,100,0.0,833.3333333333333,0.024,0.0,0.0,833.3333333333333
388,D_t,101,0.0,833.3333333333333,0.010099999999999977,0.0,0.0,833.3333333333333
389,D_t,102,0.0,833.3333333333333,0.0,0.0,-0.0,833.3333333333333
390,D_t,103,0.0,833.3333333333333,0.0,0.0,-0.0,833.3333333333333
391,D_t,104,0.0,833.3333333333333,0.0,0.0,-0.0,833.3333333333333
392,D_t,105,0.0,833.3333333333333,0.0,0.0,-0.0,833.3333333333333
393,D_t,106,0.0,833.3333333333333,0.010199999999999982,0.0,0.0,833.3333333333333
394,D_t,107,0.0,833.3333333333333,0.0,0.0,-0.0,833.3333333333333
395,D_t,108,0.0,833.3333333333333,0.0,0.0,-0.0,833.3333333333333
396,D_t,109,0.0,833.3333333333333,0.0,0.0,109.26725000000005,724.0660833333332
397,D_t,110,0.0,833.3333333333333,0.011400000000000132,0.0,0.0,833.3333333333333
398,D_t,111,0.0,833.3333333333333,0.0016000000000001016,0.0,0.0,833.3333333333333
399,D_t,112,0.0,833.3333333333333,0.0039000000000000705,0.0,0.0,833.3333333333333
400,D_t,113,0.0,833.3333333333333,0.0,0.0,704.6342666666666,128.69906666666668
401,D_t,114,0.0,833.3333333333333,0.0,0.0,706.4840333333333,126.84929999999997
402,D_t,115,0.0,833.3333333333333,0.0,0.0,707.4064666666666,125.92686666666668
403,D_t,116,0.0,833.3333333333333,0.0,0.0,708.553,124.78033333333326
404,D_t,117,0.0,833.3333333333333,0.0,0.0,709.4468833333333,123.88644999999997
405,D_t,118,0.0,833.3333333333333,0.0,0.0,711.23245,122.10088333333329
406,D_t,119,0.0,833.3333333333333,0.0,0.0,711.6625,121.67083333333323
407,D_t,120,0.0,833.3333333333333,0.0,0.0,711.4450333333332,121.88830000000007
408,D_t,121,0.0,833.3333333333333,0.0,0.0,713.7040833333333,119.62924999999996
409,D_t,122,0.0,833.3333333333333,0.0,0.0,715.28415,118.0491833333333
410,D_t,123,0.0,833.3333333333333,0.0,0.0,715.22685,118.10648333333324
411,D_t,124,0.0,833.3333333333333,0.0,0.0,715.6530333333333,117.68029999999999
412,D_t,125,0.0,833.3333333333333,0.0,0.0,-0.0,833.3333333333333
413,D_t,126,0.0,833.3333333333333,0.053899999999999906,0.0,0.0,833.3333333333333
414,D_t,127,0.0,833.3333333333333,0.08029999999999989,0.0,0.0,833.3333333333333
415,D_t,128,0.0,833.3333333333333,0.04999999999999989,0.0,0.0,833.3333333333333
416,D_t,129,0.0,833.3333333333333,0.04999999999999989,0.0,0.0,833.3333333333333
417,D_t,130,0.0,833.3333333333333,0.0,0.0,-0.0,833.3333333333333
418,D_t,131,0.0,833.3333333333333,0.0,0.0,-0.0,833.3333333333333
419,D_t,132,0.0,833.3333333333333,0.1025567901234568,0.0,0.0,833.3333333333333
420,D_t,133,0.0,833.3333333333333,0.13755679012345678,0.0,0.0,833.3333333333333
421,D_t,134,0.0,833.3333333333333,0.08665679012345677,0.0,0.0,833.3333333333333
422,D_t,135,0.0,833.3333333333333,0.10365679012345679,0.0,0.0,833.3333333333333
423,D_t,136,0.0,833.3333333333333,0.10485679012345676,0.0,0.0,833.3333333333333
424,D_t,137,0.0,833.3333333333333,0.09935679012345681,0.0,0.0,833.3333333333333
425,D_t,138,0.0,833.3333333333333,0.09975679012345677,0.0,0.0,833.3333333333333
426,D_t,139,0.0,833.3333333333333,0.09865679012345678,0.0,0.0,833.3333333333333
427,D_t,140,0.0,833.3333333333333,0.0994567901234568,0.0,0.0,833.3333333333333
428,D_t,141,0.0,833.3333333333333,0.1014567901234568,0.0,0.0,833.3333333333333
429,D_t,142,0.0,833.3333333333333,0.0994567901234568,0.0,0.0,833.3333333333333
430,D_t,143,0.0,833.3333333333333,0.09635679012345681,0.0,0.0,833.3333333333333
431,D_t,144,0.0,833.3333333333333,0.09585679012345681,0.0,0.0,833.3333333333333
432,U_t,1,0.0,inf,0.4248,0.0,0.0,inf
433,U_t,2,0.0,inf,0.4245,0.0,0.0,inf
434,U_t,3,0.0,inf,0.4269,0.0,0.0,inf
435,U_t,4,0.0,inf,0.4272,0.0,0.0,inf
436,U_t,5,0.0,inf,0.4271,0.0,0.0,inf
437,U_t,6,0.0,inf,0.4285,0.0,0.0,inf
438,U_t,7,0.0,inf,0.4311,0.0,0.0,inf
439,U_t,8,0.0,inf,0.4302,0.0,0.0,inf
440,U_t,9,0.0,inf,0.4279,0.0,0.0,inf
441,U_t,10,0.0,inf,0.4312,0.0,0.0,inf
442,U_t,11,0.0,inf,0.4333,0.0,0.0,inf
443,U_t,12,0.0,inf,0.4311,0.0,0.0,inf
444,U_t,13,0.0,inf,0.4293,0.0,0.0,inf
445,U_t,14,0.0,inf,0.4324,0.0,0.0,inf
446,U_t,15,0.0,inf,0.4367,0.0,0.0,inf
447,U_t,16,0.0,inf,0.4348,0.0,0.0,inf
448,U_t,17,0.0,inf,0.4335,0.0,0.0,inf
449,U_t,18,0.0,inf,0.4357,0.0,0.0,inf
450,U_t,19,0.0,inf,0.4374,0.0,0.0,inf
451,U_t,20,0.0,inf,0.4371,0.0,0.0,inf
452,U_t,21,0.0,inf,0.4356,0.0,0.0,inf
453,U_t,22,0.0,inf,0.4353,0.0,0.0,inf
454,U_t,23,0.0,inf,0.436,0.0,0.0,inf
455,U_t,24,0.0,inf,0.4378,0.0,0.0,inf
456,U_t,25,0.0,inf,0.4401,0.0,0.0,inf
457,U_t,26,0.0,inf,0.4389,0.0,0.0,inf
458,U_t,27,0.0,inf,0.4364,0.0,0.0,inf
459,U_t,28,0.0,inf,0.4393,0.0,0.0,inf
460,U_t,29,0.0,inf,0.4422,0.0,0.0,inf
461,U_t,30,0.0,inf,0.4395,0.0,0.0,inf
462,U_t,31,0.0,inf,0.4333,0.0,0.0,inf
463,U_t,32,0.0,inf,0.4439,0.0,0.0,inf
464,U_t,33,0.0,inf,0.4301,0.0,0.0,inf
465,U_t,34,0.0,inf,0.3713,0.0,0.0,inf
466,U_t,35,0.0,inf,0.5708,0.0,0.0,inf
467,U_t,36,0.0,inf,0.5907407407407407,0.0,0.0,inf
468,U_t,37,0.0,inf,0.5907407407407407,0.0,0.0,inf
469,U_t,38,0.0,inf,0.5907407407407407,0.0,0.0,inf
470,U_t,39,0.0,inf,0.5907407407407407,0.0,0.0,inf
471,U_t,40,0.0,inf,0.5907407407407407,0.0,0.0,inf
472,U_t,41,0.0,inf,0.5907407407407407,0.0,0.0,inf
473,U_t,42,0.0,inf,0.5907407407407407,0.0,0.0,inf
474,U_t,43,0.0,inf,0.5907407407407407,0.0,0.0,inf
475,U_t,44,0.0,inf,0.5907407407407407,0.0,0.0,inf
476,U_t,45,0.0,inf,0.5907407407407407,0.0,0.0,inf
477,U_t,46,0.0,inf,0.5907407407407407,0.0,0.0,inf
478,U_t,47,0.0,inf,0.5907407407407407,0.0,0.0,inf
479,U_t,48,0.0,inf,0.5907407407407407,0.0,0.0,inf
480,U_t,49,0.0,inf,0.5907407407407407,0.0,0.0,inf
481,U_t,50,0.0,inf,0.5907407407407407,0.0,0.0,inf
482,U_t,51,0.0,inf,0.5907407407407407,0.0,0.0,inf
483,U_t,52,0.0,inf,0.5907407407407407,0.0,0.0,inf
484,U_t,53,0.0,inf,0.5907407407407407,0.0,0.0,inf
485,U_t,54,0.0,inf,0.5907407407407407,0.0,0.0,inf
486,U_t,55,0.0,inf,0.5907407407407407,0.0,0.0,inf
487,U_t,56,0.0,inf,0.5907407407407407,0.0,0.0,inf
488,U_t,57,0.0,inf,0.5907407407407407,0.0,0.0,inf
489,U_t,58,0.0,inf,0.4785,0.0,0.0,inf
490,U_t,59,0.0,inf,0.4785,0.0,0.0,inf
491,U_t,60,0.0,inf,0.4785,0.0,0.0,inf
492,U_t,61,0.0,inf,0.4785,0.0,0.0,inf
493,U_t,62,0.0,inf,0.4785,0.0,0.0,inf
494,U_t,63,0.0,inf,0.4785,0.0,0.0,inf
495,U_t,64,0.0,inf,0.4785,0.0,0.0,inf
496,U_t,65,0.0,inf,0.4785,0.0,0.0,inf
497,U_t,66,0.0,inf,0.4785,0.0,0.0,inf
498,U_t,67,0.0,inf,0.4662,0.0,0.0,inf
499,U_t,68,0.0,inf,0.4785,0.0,0.0,inf
500,U_t,69,0.0,inf,0.4785,0.0,0.0,inf
501,U_t,70,0.0,inf,0.4785,0.0,0.0,inf
502,U_t,71,0.0,inf,0.4662,0.0,0.0,inf
503,U_t,72,0.0,inf,0.4432,0.0,0.0,inf
504,U_t,73,0.0,inf,0.4411,0.0,0.0,inf
505,U_t,74,0.0,inf,0.4551,0.0,0.0,inf
506,U_t,75,0.0,inf,0.4463,0.0,0.0,inf
507,U_t,76,0.0,inf,0.4113,0.0,0.0,inf
508,U_t,77,0.0,inf,0.4785,0.0,0.0,inf
509,U_t,78,0.0,inf,0.4785,0.0,0.0,inf
510,U_t,79,0.0,inf,0.4785,0.0,0.0,inf
511,U_t,80,0.0,inf,0.4785,0.0,0.0,inf
512,U_t,81,0.0,inf,0.4785,0.0,0.0,inf
513,U_t,82,0.0,inf,0.4785,0.0,0.0,inf
514,U_t,83,0.0,inf,0.4785,0.0,0.0,inf
515,U_t,84,0.0,inf,0.4785,0.0,0.0,inf
516,U_t,85,0.0,inf,0.4785,0.0,0.0,inf
517,U_t,86,0.0,inf,0.4785,0.0,0.0,inf
518,U_t,87,0.0,inf,0.4785,0.0,0.0,inf
519,U_t,88,0.0,inf,0.8148148148148149,0.0,0.0,inf
520,U_t,89,0.0,inf,0.8148148148148149,0.0,0.0,inf
521,U_t,90,0.0,inf,0.6694,0.0,0.0,inf
522,U_t,91,0.0,inf,0.66,0.0,0.0,inf
523,U_t,92,0.0,inf,0.7217,0.0,0.0,inf
524,U_t,93,0.0,inf,0.7308,0.0,0.0,inf
525,U_t,94,0.0,inf,0.7534,0.0,0.0,inf
526,U_t,95,0.0,inf,0.7823,0.0,0.0,inf
527,U_t,96,0.0,inf,0.8055,0.0,0.0,inf
528,U_t,97,0.0,inf,0.8271,0.0,0.0,inf
529,U_t,98,0.0,inf,0.8519,0.0,0.0,inf
530,U_t,99,0.0,inf,0.8791,0.0,0.0,inf
531,U_t,100,0.0,inf,0.9024,0.0,0.0,inf
532,U_t,101,0.0,inf,0.9163,0.0,0.0,inf
533,U_t,102,0.0,inf,0.9264,0.0,0.0,inf
534,U_t,103,0.0,inf,0.9462,0.0,0.0,inf
535,U_t,104,0.0,inf,0.9742,0.0,0.0,inf
536,U_t,105,0.0,inf,0.9862,0.0,0.0,inf
537,U_t,106,0.0,inf,0.976,0.0,0.0,inf
538,U_t,107,0.0,inf,1.0742,0.0,0.0,inf
539,U_t,108,0.0,inf,1.2313,0.0,0.0,inf
540,U_t,109,0.0,inf,1.2561,0.0,0.0,inf
541,U_t,110,0.0,inf,1.2447,0.0,0.0,inf
542,U_t,111,0.0,inf,1.2545,0.0,0.0,inf
543,U_t,112,0.0,inf,1.2522,0.0,0.0,inf
544,U_t,113,0.0,inf,1.2561,0.0,0.0,inf
545,U_t,114,0.0,inf,1.2561,0.0,0.0,inf
546,U_t,115,0.0,inf,1.2561,0.0,0.0,inf
547,U_t,116,0.0,inf,1.2561,0.0,0.0,inf
548,U_t,117,0.0,inf,1.2561,0.0,0.0,inf
549,U_t,118,0.0,inf,1.2561,0.0,0.0,inf
550,U_t,119,0.0,inf,1.2561,0.0,0.0,inf
551,U_t,120,0.0,inf,1.2561,0.0,0.0,inf
552,U_t,121,0.0,inf,1.2561,0.0,0.0,inf
553,U_t,122,0.0,inf,1.2561,0.0,0.0,inf
554,U_t,123,0.0,inf,1.2561,0.0,0.0,inf
555,U_t,124,0.0,inf,1.2561,0.0,0.0,inf
556,U_t,125,0.0,inf,1.2226,0.0,0.0,inf
557,U_t,126,0.0,inf,0.9332,0.0,0.0,inf
558,U_t,127,0.0,inf,0.9068,0.0,0.0,inf
559,U_t,128,0.0,inf,0.9371,0.0,0.0,inf
560,U_t,129,0.0,inf,0.9371,0.0,0.0,inf
561,U_t,130,0.0,inf,0.9871,0.0,0.0,inf
562,U_t,131,0.0,inf,0.7764,0.0,0.0,inf
563,U_t,132,0.0,inf,0.4209,0.0,0.0,inf
564,U_t,133,0.0,inf,0.3859,0.0,0.0,inf
565,U_t,134,0.0,inf,0.4368,0.0,0.0,inf
566,U_t,135,0.0,inf,0.4198,0.0,0.0,inf
567,U_t,136,0.0,inf,0.4186,0.0,0.0,inf
568,U_t,137,0.0,inf,0.4241,0.0,0.0,inf
569,U_t,138,0.0,inf,0.4237,0.0,0.0,inf
570,U_t,139,0.0,inf,0.4248,0.0,0.0,inf
571,U_t,140,0.0,inf,0.424,0.0,0.0,inf
572,U_t,141,0.0,inf,0.422,0.0,0.0,inf
573,U_t,142,0.0,inf,0.424,0.0,0.0,inf
574,U_t,143,0.0,inf,0.4271,0.0,0.0,inf
575,U_t,144,0.0,inf,0.4276,0.0,0.0,inf
576,E_t,0,6000.0,6000.0,0.0,-0.47544444444444445,0.0,0.0
577,E_t,1,1200.0,10800.0,0.0,0.0,5550.0,4050.0
578,E_t,2,1200.0,10800.0,0.0,0.0,6300.0,3300.0
579,E_t,3,1200.0,10800.0,0.0,0.0,7050.0,2550.0
580,E_t,4,1200.0,10800.0,0.0,0.0,7800.0,1800.0
581,E_t,5,1200.0,10800.0,0.0,0.0,8550.0,1050.0
582,E_t,6,1200.0,10800.0,0.0,0.0,8550.0,1050.0
583,E_t,7,1200.0,10800.0,0.0,0.0,8550.0,1050.0
584,E_t,8,1200.0,10800.0,0.0,0.0,8550.0,1050.0
585,E_t,9,1200.0,10800.0,0.0,0.0,8850.0,750.0
586,E_t,10,1200.0,10800.0,0.0,0.0,8850.0,750.0
587,E_t,11,1200.0,10800.0,0.0,0.0,8850.0,750.0
588,E_t,12,1200.0,10800.0,0.0,0.0,8850.0,750.0
589,E_t,13,1200.0,10800.0,0.0,0.0,8850.0,750.0
590,E_t,14,1200.0,10800.0,0.0,0.0,8850.0,750.0
591,E_t,15,1200.0,10800.0,0.0,0.0,8850.0,750.0
592,E_t,16,1200.0,10800.0,0.0,0.0,8850.0,750.0
593,E_t,17,1200.0,10800.0,0.0,0.0,8850.0,750.0
594,E_t,18,1200.0,10800.0,0.0,0.0,8850.0,750.0
595,E_t,19,1200.0,10800.0,0.0,0.0,8850.0,750.0
596,E_t,20,1200.0,10800.0,0.0,0.0,8850.0,750.0
597,E_t,21,1200.0,10800.0,0.0,0.0,8850.0,750.0
598,E_t,22,1200.0,10800.0,0.0,0.0,8850.0,750.0
599,E_t,23,1200.0,10800.0,0.0,0.0,8850.0,750.0
600,E_t,24,1200.0,10800.0,0.0,0.0,8850.0,750.0
601,E_t,25,1200.0,10800.0,0.0,0.0,8850.0,750.0
602,E_t,26,1200.0,10800.0,0.0,0.0,8850.0,750.0
603,E_t,27,1200.0,10800.0,0.0,0.0,8850.0,750.0
604,E_t,28,1200.0,10800.0,0.0,0.0,8850.0,750.0
605,E_t,29,1200.0,10800.0,0.0,0.0,8850.0,750.0
606,E_t,30,1200.0,10800.0,0.0,0.0,8850.0,750.0
607,E_t,31,1200.0,10800.0,0.0,0.0,8850.0,750.0
608,E_t,32,1200.0,10800.0,0.0,0.0,8850.0,750.0
609,E_t,33,1200.0,10800.0,0.0,0.0,8850.0,750.0
610,E_t,34,1200.0,10800.0,0.0,-0.03827555555555551,9600.0,0.0
611,E_t,35,1200.0,10800.0,0.0,-0.017946666666666666,9600.0,0.0
612,E_t,36,1200.0,10800.0,0.0,0.0,8857.495685185186,742.5043148148143
613,E_t,37,1200.0,10800.0,0.0,0.0,8129.211981481481,1470.7880185185186
614,E_t,38,1200.0,10800.0,0.0,0.0,7444.2075,2155.7924999999996
615,E_t,39,1200.0,10800.0,0.0,0.0,6787.035851851852,2812.9641481481476
616,E_t,40,1200.0,10800.0,0.0,0.0,6167.606000000001,3432.3939999999993
617,E_t,41,1200.0,10800.0,0.0,0.0,5579.561888888889,4020.4381111111106
618,E_t,42,1200.0,10800.0,0.0,0.0,5021.261092592593,4578.738907407407
619,E_t,43,1200.0,10800.0,0.0,0.0,4515.212685185185,5084.787314814815
620,E_t,44,1200.0,10800.0,0.0,0.0,4059.5830185185187,5540.416981481481
621,E_t,45,1200.0,10800.0,0.0,0.0,3662.919925925926,5937.080074074074
622,E_t,46,1200.0,10800.0,0.0,0.0,3348.071518518518,6251.928481481482
623,E_t,47,1200.0,10800.0,0.0,0.0,2991.7558333333327,6608.244166666667
624,E_t,48,1200.0,10800.0,0.0,0.0,2526.8431111111104,7073.15688888889
625,E_t,49,1200.0,10800.0,0.0,0.0,2102.4977962962957,7497.502203703704
626,E_t,50,1200.0,10800.0,0.0,0.0,1758.5462962962956,7841.453703703704
627,E_t,51,1200.0,10800.0,0.0,0.0,1464.52474074074,8135.4752592592595
628,E_t,52,1200.0,10800.0,0.0,0.0,1227.0349629629623,8372.965037037038
629,E_t,53,1200.0,10800.0,0.0,0.0,1028.6361666666662,8571.363833333333
630,E_t,54,1200.0,10800.0,0.0,0.0,855.9782592592587,8744.021740740742
631,E_t,55,1200.0,10800.0,0.0,0.0,731.2454814814807,8868.754518518519
632,E_t,56,1200.0,10800.0,0.0,0.0,659.693407407407,8940.306592592593
633,E_t,57,1200.0,10800.0,0.0,0.0,634.6242407407403,8965.37575925926
634,E_t,58,1200.0,10800.0,0.0,0.0,650.3059007407401,8949.69409925926
635,E_t,59,1200.0,10800.0,0.0,0.0,697.85989074074,8902.14010925926
636,E_t,60,1200.0,10800.0,0.0,0.0,773.9660657407399,8826.03393425926
637,E_t,61,1200.0,10800.0,0.0,0.0,879.2512907407399,8720.74870925926
638,E_t,62,1200.0,10800.0,0.0,0.0,1011.2458307407401,8588.75416925926
639,E_t,63,1200.0,10800.0,0.0,0.0,1167.41405574074,8432.58594425926
640,E_t,64,1200.0,10800.0,0.0,0.0,1348.3402307407396,8251.65976925926
641,E_t,65,1200.0,10800.0,0.0,0.0,1551.2057357407393,8048.794264259261
642,E_t,66,1200.0,10800.0,0.0,0.0,1770.8140607407395,7829.1859392592605
643,E_t,67,1200.0,10800.0,0.0,0.0,2520.8140607407395,7079.1859392592605
644,E_t,68,1200.0,10800.0,0.0,0.0,2766.1824407407394,6833.817559259261
645,E_t,69,1200.0,10800.0,0.0,0.0,3022.0713257407397,6577.92867425926
646,E_t,70,1200.0,10800.0,0.0,0.0,3443.792100000004,6156.207899999996
647,E_t,71,1200.0,10800.0,0.0,0.0,4193.792100000004,5406.207899999996
648,E_t,72,1200.0,10800.0,0.0,0.0,4943.792100000004,4656.207899999996
649,E_t,73,1200.0,10800.0,0.0,0.0,5693.792100000004,3906.207899999996
650,E_t,74,1200.0,10800.0,0.0,0.0,6443.792100000004,3156.207899999996
651,E_t,75,1200.0,10800.0,0.0,0.0,7193.792100000004,2406.207899999996
652,E_t,76,1200.0,10800.0,0.0,0.0,7943.792100000004,1656.2078999999958
653,E_t,77,1200.0,10800.0,0.0,0.0,8217.888690000003,1382.1113099999966
654,E_t,78,1200.0,10800.0,0.0,0.0,8455.945155000003,1144.054844999997
655,E_t,79,1200.0,10800.0,0.0,0.0,8674.201950000002,925.7980499999976
656,E_t,80,1200.0,10800.0,0.0,0.0,8874.969975000002,725.0300249999982
657,E_t,81,1200.0,10800.0,0.0,0.0,9053.853360000001,546.146639999999
658,E_t,82,1200.0,10800.0,0.0,0.0,9213.477195000001,386.5228049999987
659,E_t,83,1200.0,10800.0,0.0,0.0,9350.043465,249.95653499999935
660,E_t,84,1200.0,10800.0,0.0,0.0,9458.074995,141.92500499999915
661,E_t,85,1200.0,10800.0,0.0,0.0,9537.108,62.891999999999825
662,E_t,86,1200.0,10800.0,0.0,0.0,9585.37038,14.629619999999704
663,E_t,87,1200.0,10800.0,0.0,-0.20166666666666677,9600.0,0.0
664,E_t,88,1200.0,10800.0,0.0,0.0,9573.576259259258,26.423740740741778
665,E_t,89,1200.0,10800.0,0.0,0.0,9498.776240740739,101.22375925926099
666,E_t,90,1200.0,10800.0,0.0,0.0,9498.776240740739,101.22375925926099
667,E_t,91,1200.0,10800.0,0.0,0.0,9600.0,0.0
668,E_t,92,1200.0,10800.0,0.0,0.0,9600.0,0.0
669,E_t,93,1200.0,10800.0,0.0,0.0,9600.0,0.0
670,E_t,94,1200.0,10800.0,0.0,0.0,9600.0,0.0
671,E_t,95,1200.0,10800.0,0.0,0.0,9600.0,0.0
672,E_t,96,1200.0,10800.0,0.0,-0.011056666666666493,9600.0,0.0
673,E_t,97,1200.0,10800.0,0.0,-0.022320000000000118,9600.0,0.0
674,E_t,98,1200.0,10800.0,0.0,-0.024479999999999946,9600.0,0.0
675,E_t,99,1200.0,10800.0,0.0,-0.04257,9600.0,0.0
676,E_t,100,1200.0,10800.0,0.0,0.0,9600.0,0.0
677,E_t,101,1200.0,10800.0,0.0,0.0,9600.0,0.0
678,E_t,102,1200.0,10800.0,0.0,-0.017820000000000058,9600.0,0.0
679,E_t,103,1200.0,10800.0,0.0,-0.02519999999999989,9600.0,0.0
680,E_t,104,1200.0,10800.0,0.0,-0.010800000000000032,9600.0,0.0
681,E_t,105,1200.0,10800.0,0.0,0.0,9600.0,0.0
682,E_t,106,1200.0,10800.0,0.0,-0.07920000000000005,9600.0,0.0
683,E_t,107,1200.0,10800.0,0.0,-0.14139000000000013,9600.0,0.0
684,E_t,108,1200.0,10800.0,0.0,-0.022319999999999895,9600.0,0.0
685,E_t,109,1200.0,10800.0,0.0,0.0,9478.591944444444,121.40805555555562
686,E_t,110,1200.0,10800.0,0.0,0.0,9478.591944444444,121.40805555555562
687,E_t,111,1200.0,10800.0,0.0,0.0,9478.591944444444,121.40805555555562
688,E_t,112,1200.0,10800.0,0.0,0.0,9478.591944444444,121.40805555555562
689,E_t,113,1200.0,10800.0,0.0,0.0,8695.664981481481,904.3350185185191
690,E_t,114,1200.0,10800.0,0.0,0.0,7910.682722222222,1689.3172777777781
691,E_t,115,1200.0,10800.0,0.0,0.0,7124.675537037037,2475.3244629629626
692,E_t,116,1200.0,10800.0,0.0,0.0,6337.394425925927,3262.605574074073
693,E_t,117,1200.0,10800.0,0.0,0.0,5549.120111111112,4050.8798888888878
694,E_t,118,1200.0,10800.0,0.0,0.0,4758.861833333334,4841.138166666666
695,E_t,119,1200.0,10800.0,0.0,0.0,3968.125722222223,5631.874277777777
696,E_t,120,1200.0,10800.0,0.0,0.0,3177.6312407407413,6422.368759259259
697,E_t,121,1200.0,10800.0,0.0,0.0,2384.626703703704,7215.373296296296
698,E_t,122,1200.0,10800.0,0.0,0.0,1589.8665370370372,8010.133462962963
699,E_t,123,1200.0,10800.0,0.0,0.0,795.170037037037,8804.829962962964
700,E_t,124,1200.0,10800.0,0.03015000000000012,0.0,0.0,9600.0
701,E_t,125,1200.0,10800.0,0.21194999999999997,0.0,0.0,9600.0
702,E_t,126,1200.0,10800.0,0.0,0.0,0.0,9600.0
703,E_t,127,1200.0,10800.0,0.0,0.0,0.0,9600.0
704,E_t,128,1200.0,10800.0,0.0,0.0,0.0,9600.0
705,E_t,129,1200.0,10800.0,0.0,0.0,0.0,9600.0
706,E_t,130,1200.0,10800.0,0.18962999999999997,0.0,0.0,9600.0
707,E_t,131,1200.0,10800.0,0.22764888888888885,0.0,0.0,9600.0
708,E_t,132,1200.0,10800.0,0.0,0.0,750.0,8850.0
709,E_t,133,1200.0,10800.0,0.0,0.0,1500.0,8100.0
710,E_t,134,1200.0,10800.0,0.0,0.0,1500.0,8100.0
711,E_t,135,1200.0,10800.0,0.0,0.0,2250.0,7350.0
712,E_t,136,1200.0,10800.0,0.0,0.0,3000.0,6600.0
713,E_t,137,1200.0,10800.0,0.0,0.0,3000.0,6600.0
714,E_t,138,1200.0,10800.0,0.0,0.0,3750.0,5850.0
715,E_t,139,1200.0,10800.0,0.0,0.0,3750.0,5850.0
716,E_t,140,1200.0,10800.0,0.0,0.0,4050.0,5550.0
717,E_t,141,1200.0,10800.0,0.0,0.0,4800.0,4800.0
718,E_t,142,1200.0,10800.0,0.0,0.0,4800.0,4800.0
719,E_t,143,1200.0,10800.0,0.0,0.0,4800.0,4800.0
720,E_t,144,6000.0,6000.0,0.4711111111111111,0.0,0.0,0.0
