序号,校验项,要求,计算结果,结果
1,供需平衡残差,max|r| ≤ 1e-06,max|r_balance| = 2.274e-13,通过
2,储能递推残差,max|r| ≤ 1e-06,max|r_energy| = 2.643e-12,通过
3,储能边界,1200.0 ≤ E ≤ 10800.0（145 个状态）,"min=1200.000000, max=10800.000000, 下越界=0, 上越界=0",通过
4,首末储电量,E_0 = E_144 = 6000.0,"E_0=6000.000000, E_144=6000.000000",通过
5,充放电上限,"0 ≤ C ≤ 833.3333333333, 0 ≤ D ≤ 833.3333333333","max C=833.333333, max D=715.653033, C越界=0, D越界=0",通过
6,非负约束,"g_t ≥ 0, U_t ≥ 0","min g=0.000e+00, min U=0.000e+00",通过
7,目标函数复算,Σ c_t·g_t = 求解器 J_1,J_check=35126.94858929 vs 求解器 35126.94858929，偏差 7.276e-12,通过
8,总能量平衡,购电+光伏+放电 = 负荷+充电+弃光,"左=131765.474232, 右=131765.474232, 差=0.000e+00",通过
9,同时充放电诊断,非失败项，保留原始解,1e-7:0个，1e-5:0个，1e-3:0个 ; 无,诊断（非失败项）
