check_name,max_violation,tolerance,pass,affected_intervals,explanation
π_t ≥ 0,0.0,1e-07,True,,内部价格非负（对应 U_t 下界约化成本 ∂L/∂U=π 非负）
π_t ≤ c_t,0.0,1e-07,True,,内部价格不超过外网电价（对应 g_t 下界约化成本 ∂L/∂g=c-π 非负）
g_t(c_t-π_t)=0,0.0,1e-06,True,,正购电时段 π=c，故 g(c-π)=0（元）
π_t·U_t=0,0.0,1e-06,True,,有弃光时段 π=0，故 πU=0（元）
充电下界 KKT（C=0 ⇒ π-ηλ≥0）,-0.0,1e-07,True,,零充电时充电约化成本非负
充电内部点 KKT（0<C<S ⇒ π-ηλ=0）,5.551115123125783e-17,1e-07,True,,内部充电约化成本为零
充电上界 KKT（C=S ⇒ π-ηλ≤0）,0.0,1e-07,True,,满充时充电约化成本非正
放电下界 KKT（D=0 ⇒ -π+λ/η≥0）,1.1102230246251565e-16,1e-07,True,,零放电时放电约化成本非负
放电内部点 KKT（0<D<S ⇒ -π+λ/η=0）,0.0,1e-07,True,,内部放电约化成本为零
放电上界 KKT（D=S ⇒ -π+λ/η≤0）,0.0,1e-07,True,,满放时放电约化成本非正
原始LP目标值未改变,3.637978807091713e-11,1e-06,True,,当前费用 35126.9485892896 元 vs 锁定 35126.9485892896 元
原始LP解文件未改变,0.0,0.0,True,,SHA-256=6c1bcd91155d71ca5ae0f09762b40a6d5b98781454c6730bbf8fcafda17ced0a（校验前后文件一致）
