interval_index,interval_start,interval_end,external_price,internal_price_pi,storage_value_lambda,charge_threshold_eta_lambda,discharge_threshold_lambda_over_eta,grid_purchase_energy_kwh,charge_energy_kwh,discharge_energy_kwh,unused_pv_energy_kwh,energy_start_kwh,energy_end_kwh,charge_reduced_cost,discharge_reduced_cost,grid_complementarity,curtailment_complementarity,charge_state,discharge_state,soc_lower_active,soc_upper_active,kkt_pass
1,00:00,00:10,0.4248,0.4248,0.4754444444,0.4279,0.5282716049,1406.6411,833.3333333,0,0,6000,6750,-0.0031,0.1034716049,0,0,upper,zero,False,False,True
2,00:10,00:20,0.4245,0.4245,0.4754444444,0.4279,0.5282716049,1406.329867,833.3333333,0,0,6750,7500,-0.0034,0.1037716049,0,0,upper,zero,False,False,True
3,00:20,00:30,0.4269,0.4269,0.4754444444,0.4279,0.5282716049,1407.38385,833.3333333,0,0,7500,8250,-0.001,0.1013716049,0,0,upper,zero,False,False,True
4,00:30,00:40,0.4272,0.4272,0.4754444444,0.4279,0.5282716049,1409.07395,833.3333333,0,0,8250,9000,-0.0007,0.1010716049,0,0,upper,zero,False,False,True
5,00:40,00:50,0.4271,0.4271,0.4754444444,0.4279,0.5282716049,1409.80455,833.3333333,0,0,9000,9750,-0.0008,0.1011716049,0,0,upper,zero,False,False,True
6,00:50,01:00,0.4285,0.4285,0.4754444444,0.4279,0.5282716049,576.6400167,0,0,0,9750,9750,0.0006,0.09977160494,0,0,zero,zero,False,False,True
7,01:00,01:10,0.4311,0.4311,0.4754444444,0.4279,0.5282716049,577.8597,0,0,0,9750,9750,0.0032,0.09717160494,0,0,zero,zero,False,False,True
8,01:10,01:20,0.4302,0.4302,0.4754444444,0.4279,0.5282716049,577.9938667,0,0,0,9750,9750,0.0023,0.09807160494,0,0,zero,zero,False,False,True
9,01:20,01:30,0.4279,0.4279,0.4754444444,0.4279,0.5282716049,911.1613833,333.3333333,0,0,9750,10050,5.551115123e-17,0.1003716049,0,0,interior,zero,False,False,True
10,01:30,01:40,0.4312,0.4312,0.4754444444,0.4279,0.5282716049,580.41545,0,0,0,10050,10050,0.0033,0.09707160494,0,0,zero,zero,False,False,True
11,01:40,01:50,0.4333,0.4333,0.4754444444,0.4279,0.5282716049,582.5140167,0,0,0,10050,10050,0.0054,0.09497160494,0,0,zero,zero,False,False,True
12,01:50,02:00,0.4311,0.4311,0.4754444444,0.4279,0.5282716049,583.07405,0,0,0,10050,10050,0.0032,0.09717160494,0,0,zero,zero,False,False,True
13,02:00,02:10,0.4293,0.4293,0.4754444444,0.4279,0.5282716049,584.2049167,0,0,0,10050,10050,0.0014,0.09897160494,0,0,zero,zero,False,False,True
14,02:10,02:20,0.4324,0.4324,0.4754444444,0.4279,0.5282716049,585.4397833,0,0,0,10050,10050,0.0045,0.09587160494,0,0,zero,zero,False,False,True
15,02:20,02:30,0.4367,0.4367,0.4754444444,0.4279,0.5282716049,586.14475,0,0,0,10050,10050,0.0088,0.09157160494,0,0,zero,zero,False,False,True
16,02:30,02:40,0.4348,0.4348,0.4754444444,0.4279,0.5282716049,586.3207667,0,0,0,10050,10050,0.0069,0.09347160494,0,0,zero,zero,False,False,True
17,02:40,02:50,0.4335,0.4335,0.4754444444,0.4279,0.5282716049,586.4253,0,0,0,10050,10050,0.0056,0.09477160494,0,0,zero,zero,False,False,True
18,02:50,03:00,0.4357,0.4357,0.4754444444,0.4279,0.5282716049,586.8496,0,0,0,10050,10050,0.0078,0.09257160494,0,0,zero,zero,False,False,True
19,03:00,03:10,0.4374,0.4374,0.4754444444,0.4279,0.5282716049,587.8210167,0,0,0,10050,10050,0.0095,0.09087160494,0,0,zero,zero,False,False,True
20,03:10,03:20,0.4371,0.4371,0.4754444444,0.4279,0.5282716049,589.5475667,0,0,0,10050,10050,0.0092,0.09117160494,0,0,zero,zero,False,False,True
21,03:20,03:30,0.4356,0.4356,0.4754444444,0.4279,0.5282716049,590.8134667,0,0,0,10050,10050,0.0077,0.09267160494,0,0,zero,zero,False,False,True
22,03:30,03:40,0.4353,0.4353,0.4754444444,0.4279,0.5282716049,590.2131167,0,0,0,10050,10050,0.0074,0.09297160494,0,0,zero,zero,False,False,True
23,03:40,03:50,0.436,0.436,0.4754444444,0.4279,0.5282716049,591.0662667,0,0,0,10050,10050,0.0081,0.09227160494,0,0,zero,zero,False,False,True
24,03:50,04:00,0.4378,0.4378,0.4754444444,0.4279,0.5282716049,593.3678333,0,0,0,10050,10050,0.0099,0.09047160494,0,0,zero,zero,False,False,True
25,04:00,04:10,0.4401,0.4401,0.4754444444,0.4279,0.5282716049,593.6596833,0,0,0,10050,10050,0.0122,0.08817160494,0,0,zero,zero,False,False,True
26,04:10,04:20,0.4389,0.4389,0.4754444444,0.4279,0.5282716049,592.7863833,0,0,0,10050,10050,0.011,0.08937160494,0,0,zero,zero,False,False,True
27,04:20,04:30,0.4364,0.4364,0.4754444444,0.4279,0.5282716049,593.3378667,0,0,0,10050,10050,0.0085,0.09187160494,0,0,zero,zero,False,False,True
28,04:30,04:40,0.4393,0.4393,0.4754444444,0.4279,0.5282716049,596.6757667,0,0,0,10050,10050,0.0114,0.08897160494,0,0,zero,zero,False,False,True
29,04:40,04:50,0.4422,0.4422,0.4754444444,0.4279,0.5282716049,597.78025,0,0,0,10050,10050,0.0143,0.08607160494,0,0,zero,zero,False,False,True
30,04:50,05:00,0.4395,0.4395,0.4754444444,0.4279,0.5282716049,595.1625,0,0,0,10050,10050,0.0116,0.08877160494,0,0,zero,zero,False,False,True
31,05:00,05:10,0.4333,0.4333,0.4754444444,0.4279,0.5282716049,590.6065,0,0,0,10050,10050,0.0054,0.09497160494,0,0,zero,zero,False,False,True
32,05:10,05:20,0.4439,0.4439,0.4754444444,0.4279,0.5282716049,589.4851833,0,0,0,10050,10050,0.016,0.08437160494,0,0,zero,zero,False,False,True
33,05:20,05:30,0.4301,0.4301,0.4754444444,0.4279,0.5282716049,578.45545,0,0,0,10050,10050,0.0022,0.09817160494,0,0,zero,zero,False,False,True
34,05:30,05:40,0.3713,0.3713,0.4754444444,0.4279,0.5282716049,1383.659783,833.3333333,0,0,10050,10800,-0.0566,0.1569716049,0,0,upper,zero,False,True,True
35,05:40,05:50,0.5708,0.5708,0.51372,0.462348,0.5708,591.1402,0,-0,0,10800,10800,0.108452,0,0,0,zero,zero,False,True,True
36,05:50,06:00,0.9099,0.5907407407,0.5316666667,0.4785,0.5907407407,0,0,668.2538833,0,10800,10057.49569,0.1122407407,0,0,0,zero,interior,False,True,True
37,06:00,06:10,0.9368,0.5907407407,0.5316666667,0.4785,0.5907407407,0,0,655.4553333,0,10057.49569,9329.211981,0.1122407407,0,0,0,zero,interior,False,False,True
38,06:10,06:20,0.8758,0.5907407407,0.5316666667,0.4785,0.5907407407,0,0,616.5040333,0,9329.211981,8644.2075,0.1122407407,0,0,0,zero,interior,False,False,True
39,06:20,06:30,0.8759,0.5907407407,0.5316666667,0.4785,0.5907407407,0,0,591.4544833,0,8644.2075,7987.035852,0.1122407407,0,0,0,zero,interior,False,False,True
40,06:30,06:40,0.8601,0.5907407407,0.5316666667,0.4785,0.5907407407,0,0,557.4868667,0,7987.035852,7367.606,0.1122407407,0,0,0,zero,interior,False,False,True
41,06:40,06:50,0.8442,0.5907407407,0.5316666667,0.4785,0.5907407407,0,0,529.2397,0,7367.606,6779.561889,0.1122407407,0,0,0,zero,interior,False,False,True
42,06:50,07:00,0.8334,0.5907407407,0.5316666667,0.4785,0.5907407407,0,0,502.4707167,0,6779.561889,6221.261093,0.1122407407,0,0,0,zero,interior,False,False,True
43,07:00,07:10,0.8092,0.5907407407,0.5316666667,0.4785,0.5907407407,0,0,455.4435667,0,6221.261093,5715.212685,0.1122407407,0,0,0,zero,interior,False,False,True
44,07:10,07:20,0.7972,0.5907407407,0.5316666667,0.4785,0.5907407407,0,0,410.0667,0,5715.212685,5259.583019,0.1122407407,0,0,0,zero,interior,False,False,True
45,07:20,07:30,0.7644,0.5907407407,0.5316666667,0.4785,0.5907407407,0,0,356.9967833,0,5259.583019,4862.919926,0.1122407407,0,0,0,zero,interior,False,False,True
46,07:30,07:40,0.6899,0.5907407407,0.5316666667,0.4785,0.5907407407,0,0,283.3635667,0,4862.919926,4548.071519,0.1122407407,0,0,0,zero,interior,False,False,True
47,07:40,07:50,0.86,0.5907407407,0.5316666667,0.4785,0.5907407407,0,0,320.6841167,0,4548.071519,4191.755833,0.1122407407,0,0,0,zero,interior,False,False,True
48,07:50,08:00,1.1617,0.5907407407,0.5316666667,0.4785,0.5907407407,0,0,418.42145,0,4191.755833,3726.843111,0.1122407407,0,0,0,zero,interior,False,False,True
49,08:00,08:10,1.1683,0.5907407407,0.5316666667,0.4785,0.5907407407,0,0,381.9107833,0,3726.843111,3302.497796,0.1122407407,0,0,0,zero,interior,False,False,True
50,08:10,08:20,1.0956,0.5907407407,0.5316666667,0.4785,0.5907407407,0,0,309.55635,0,3302.497796,2958.546296,0.1122407407,0,0,0,zero,interior,False,False,True
51,08:20,08:30,1.0849,0.5907407407,0.5316666667,0.4785,0.5907407407,0,0,264.6194,0,2958.546296,2664.524741,0.1122407407,0,0,0,zero,interior,False,False,True
52,08:30,08:40,1.061,0.5907407407,0.5316666667,0.4785,0.5907407407,0,0,213.7408,0,2664.524741,2427.034963,0.1122407407,0,0,0,zero,interior,False,False,True
53,08:40,08:50,1.043,0.5907407407,0.5316666667,0.4785,0.5907407407,0,0,178.5589167,0,2427.034963,2228.636167,0.1122407407,0,0,0,zero,interior,False,False,True
54,08:50,09:00,1.036,0.5907407407,0.5316666667,0.4785,0.5907407407,0,0,155.3921167,0,2228.636167,2055.978259,0.1122407407,0,0,0,zero,interior,False,False,True
55,09:00,09:10,1.0147,0.5907407407,0.5316666667,0.4785,0.5907407407,0,0,112.2595,0,2055.978259,1931.245481,0.1122407407,0,0,0,zero,interior,False,False,True
56,09:10,09:20,0.9922,0.5907407407,0.5316666667,0.4785,0.5907407407,0,0,64.39686667,0,1931.245481,1859.693407,0.1122407407,0,0,0,zero,interior,False,False,True
57,09:20,09:30,0.97,0.5907407407,0.5316666667,0.4785,0.5907407407,0,0,22.56225,0,1859.693407,1834.624241,0.1122407407,0,0,0,zero,interior,False,False,True
58,09:30,09:40,0.9422,0.4785,0.5316666667,0.4785,0.5907407407,0,17.42406667,0,0,1834.624241,1850.305901,0,0.1122407407,0,0,interior,zero,False,False,True
59,09:40,09:50,0.9569,0.4785,0.5316666667,0.4785,0.5907407407,0,52.83776667,0,0,1850.305901,1897.859891,0,0.1122407407,0,0,interior,zero,False,False,True
60,09:50,10:00,0.9977,0.4785,0.5316666667,0.4785,0.5907407407,0,84.56241667,0,0,1897.859891,1973.966066,0,0.1122407407,0,0,interior,zero,False,False,True
61,10:00,10:10,0.9919,0.4785,0.5316666667,0.4785,0.5907407407,0,116.9835833,0,0,1973.966066,2079.251291,0,0.1122407407,0,0,interior,zero,False,False,True
62,10:10,10:20,0.9588,0.4785,0.5316666667,0.4785,0.5907407407,0,146.6606,0,0,2079.251291,2211.245831,0,0.1122407407,0,0,interior,zero,False,False,True
63,10:20,10:30,0.9549,0.4785,0.5316666667,0.4785,0.5907407407,0,173.52025,0,0,2211.245831,2367.414056,0,0.1122407407,0,0,interior,zero,False,False,True
64,10:30,10:40,0.9839,0.4785,0.5316666667,0.4785,0.5907407407,0,201.0290833,0,0,2367.414056,2548.340231,0,0.1122407407,0,0,interior,zero,False,False,True
65,10:40,10:50,0.799,0.4785,0.5316666667,0.4785,0.5907407407,0,225.4061167,0,0,2548.340231,2751.205736,0,0.1122407407,0,0,interior,zero,False,False,True
66,10:50,11:00,0.5025,0.4785,0.5316666667,0.4785,0.5907407407,0,244.00925,0,0,2751.205736,2970.814061,0,0.1122407407,0,0,interior,zero,False,False,True
67,11:00,11:10,0.4662,0.4662,0.5316666667,0.4785,0.5907407407,575.1709167,833.3333333,0,0,2970.814061,3720.814061,-0.0123,0.1245407407,0,0,upper,zero,False,False,True
68,11:10,11:20,0.5007,0.4785,0.5316666667,0.4785,0.5907407407,0,272.6315333,0,0,3720.814061,3966.182441,0,0.1122407407,0,0,interior,zero,False,False,True
69,11:20,11:30,0.4827,0.4785,0.5316666667,0.4785,0.5907407407,0,284.3209833,0,0,3966.182441,4222.071326,0,0.1122407407,0,0,interior,zero,False,False,True
70,11:30,11:40,0.4785,0.4785,0.5316666667,0.4785,0.5907407407,179.2771714,468.5786381,0,0,4222.071326,4643.7921,0,0.1122407407,0,0,interior,zero,False,False,True
71,11:40,11:50,0.4662,0.4662,0.5316666667,0.4785,0.5907407407,520.1245167,833.3333333,0,0,4643.7921,5393.7921,-0.0123,0.1245407407,0,0,upper,zero,False,False,True
72,11:50,12:00,0.4432,0.4432,0.5316666667,0.4785,0.5907407407,486.4029,833.3333333,0,0,5393.7921,6143.7921,-0.0353,0.1475407407,0,0,upper,zero,False,False,True
73,12:00,12:10,0.4411,0.4411,0.5316666667,0.4785,0.5907407407,480.41245,833.3333333,0,0,6143.7921,6893.7921,-0.0374,0.1496407407,0,0,upper,zero,False,False,True
74,12:10,12:20,0.4551,0.4551,0.5316666667,0.4785,0.5907407407,485.3,833.3333333,0,0,6893.7921,7643.7921,-0.0234,0.1356407407,0,0,upper,zero,False,False,True
75,12:20,12:30,0.4463,0.4463,0.5316666667,0.4785,0.5907407407,488.6069667,833.3333333,0,0,7643.7921,8393.7921,-0.0322,0.1444407407,0,0,upper,zero,False,False,True
76,12:30,12:40,0.4113,0.4113,0.5316666667,0.4785,0.5907407407,498.2707333,833.3333333,0,0,8393.7921,9143.7921,-0.0672,0.1794407407,0,0,upper,zero,False,False,True
77,12:40,12:50,0.5682,0.4785,0.5316666667,0.4785,0.5907407407,0,304.5517667,0,0,9143.7921,9417.88869,0,0.1122407407,0,0,interior,zero,False,False,True
78,12:50,13:00,0.8279,0.4785,0.5316666667,0.4785,0.5907407407,0,264.5071833,0,0,9417.88869,9655.945155,0,0.1122407407,0,0,interior,zero,False,False,True
79,13:00,13:10,0.8636,0.4785,0.5316666667,0.4785,0.5907407407,0,242.50755,0,0,9655.945155,9874.20195,0,0.1122407407,0,0,interior,zero,False,False,True
80,13:10,13:20,0.8416,0.4785,0.5316666667,0.4785,0.5907407407,0,223.0755833,0,0,9874.20195,10074.96998,0,0.1122407407,0,0,interior,zero,False,False,True
81,13:20,13:30,0.8618,0.4785,0.5316666667,0.4785,0.5907407407,0,198.7593167,0,0,10074.96998,10253.85336,0,0.1122407407,0,0,interior,zero,False,False,True
82,13:30,13:40,0.8623,0.4785,0.5316666667,0.4785,0.5907407407,0,177.3598167,0,0,10253.85336,10413.47719,0,0.1122407407,0,0,interior,zero,False,False,True
83,13:40,13:50,0.9026,0.4785,0.5316666667,0.4785,0.5907407407,0,151.7403,0,0,10413.47719,10550.04347,0,0.1122407407,0,0,interior,zero,False,False,True
84,13:50,14:00,0.9754,0.4785,0.5316666667,0.4785,0.5907407407,0,120.0350333,0,0,10550.04347,10658.075,0,0.1122407407,0,0,interior,zero,False,False,True
85,14:00,14:10,1.0002,0.4785,0.5316666667,0.4785,0.5907407407,0,87.81445,0,0,10658.075,10737.108,0,0.1122407407,0,0,interior,zero,False,False,True
86,14:10,14:20,0.9978,0.4785,0.5316666667,0.4785,0.5907407407,0,53.62486667,0,0,10737.108,10785.37038,0,0.1122407407,0,0,interior,zero,False,False,True
87,14:20,14:30,1.0271,0.4785,0.5316666667,0.4785,0.5907407407,0,16.25513333,0,0,10785.37038,10800,0,0.1122407407,0,0,interior,zero,False,True,True
88,14:30,14:40,1.0906,0.8148148148,0.7333333333,0.66,0.8148148148,0,0,23.78136667,0,10800,10773.57626,0.1548148148,0,0,0,zero,interior,False,True,True
89,14:40,14:50,0.9376,0.8148148148,0.7333333333,0.66,0.8148148148,0,0,67.32001667,0,10773.57626,10698.77624,0.1548148148,0,0,0,zero,interior,False,False,True
90,14:50,15:00,0.6694,0.6694,0.7333333333,0.66,0.8148148148,112.0898667,0,0,0,10698.77624,10698.77624,0.0094,0.1454148148,0,0,zero,zero,False,False,True
91,15:00,15:10,0.66,0.66,0.7333333333,0.66,0.8148148148,266.7326936,112.4708436,0,0,10698.77624,10800,0,0.1548148148,0,0,interior,zero,False,True,True
92,15:10,15:20,0.7217,0.7217,0.7333333333,0.66,0.8148148148,197.5235167,0,0,0,10800,10800,0.0617,0.09311481481,0,0,zero,zero,False,True,True
93,15:20,15:30,0.7308,0.7308,0.7333333333,0.66,0.8148148148,244.8140333,0,0,0,10800,10800,0.0708,0.08401481481,0,0,zero,zero,False,True,True
94,15:30,15:40,0.7534,0.7534,0.7333333333,0.66,0.8148148148,295.5346167,0,0,0,10800,10800,0.0934,0.06141481481,0,0,zero,zero,False,True,True
95,15:40,15:50,0.7823,0.7823,0.7333333333,0.66,0.8148148148,345.7775,0,0,0,10800,10800,0.1223,0.03251481481,0,0,zero,zero,False,True,True
96,15:50,16:00,0.8055,0.8055,0.7333333333,0.66,0.8148148148,394.9314833,0,0,0,10800,10800,0.1455,0.009314814815,0,0,zero,zero,False,True,True
97,16:00,16:10,0.8271,0.8271,0.74439,0.669951,0.8271,445.43165,0,-0,0,10800,10800,0.157149,-1.110223025e-16,0,0,zero,zero,False,True,True
98,16:10,16:20,0.8519,0.8519,0.76671,0.690039,0.8519,495.6965833,0,-0,0,10800,10800,0.161861,0,0,0,zero,zero,False,True,True
99,16:20,16:30,0.8791,0.8791,0.79119,0.712071,0.8791,547.11905,0,-0,0,10800,10800,0.167029,-1.110223025e-16,0,0,zero,zero,False,True,True
100,16:30,16:40,0.9024,0.9024,0.83376,0.750384,0.9264,599.9854333,0,0,0,10800,10800,0.152016,0.024,0,0,zero,zero,False,True,True
101,16:40,16:50,0.9163,0.9163,0.83376,0.750384,0.9264,635.42975,0,0,0,10800,10800,0.165916,0.0101,0,0,zero,zero,False,True,True
102,16:50,17:00,0.9264,0.9264,0.83376,0.750384,0.9264,660.8306833,0,-0,0,10800,10800,0.176016,-1.110223025e-16,0,0,zero,zero,False,True,True
103,17:00,17:10,0.9462,0.9462,0.85158,0.766422,0.9462,702.0369333,0,-0,0,10800,10800,0.179778,-1.110223025e-16,0,0,zero,zero,False,True,True
104,17:10,17:20,0.9742,0.9742,0.87678,0.789102,0.9742,738.0657833,0,-0,0,10800,10800,0.185098,-1.110223025e-16,0,0,zero,zero,False,True,True
105,17:20,17:30,0.9862,0.9862,0.88758,0.798822,0.9862,775.9447167,0,-0,0,10800,10800,0.187378,-1.110223025e-16,0,0,zero,zero,False,True,True
106,17:30,17:40,0.976,0.976,0.88758,0.798822,0.9862,826.08325,0,0,0,10800,10800,0.177178,0.0102,0,0,zero,zero,False,True,True
107,17:40,17:50,1.0742,1.0742,0.96678,0.870102,1.0742,762.4228,0,-0,0,10800,10800,0.204098,0,0,0,zero,zero,False,True,True
108,17:50,18:00,1.2313,1.2313,1.10817,0.997353,1.2313,636.9826167,0,-0,0,10800,10800,0.233947,0,0,0,zero,zero,False,True,True
109,18:00,18:10,1.2561,1.2561,1.13049,1.017441,1.2561,531.89405,0,109.26725,0,10800,10678.59194,0.238659,0,0,0,zero,interior,False,True,True
110,18:10,18:20,1.2447,1.2447,1.13049,1.017441,1.2561,678.8305333,0,0,0,10678.59194,10678.59194,0.227259,0.0114,0,0,zero,zero,False,False,True
111,18:20,18:30,1.2545,1.2545,1.13049,1.017441,1.2561,686.2685,0,0,0,10678.59194,10678.59194,0.237059,0.0016,0,0,zero,zero,False,False,True
112,18:30,18:40,1.2522,1.2522,1.13049,1.017441,1.2561,696.5043833,0,0,0,10678.59194,10678.59194,0.234759,0.0039,0,0,zero,zero,False,False,True
113,18:40,18:50,1.2881,1.2561,1.13049,1.017441,1.2561,0,0,704.6342667,0,10678.59194,9895.664981,0.238659,0,0,0,zero,interior,False,False,True
114,18:50,19:00,1.3466,1.2561,1.13049,1.017441,1.2561,0,0,706.4840333,0,9895.664981,9110.682722,0.238659,0,0,0,zero,interior,False,False,True
115,19:00,19:10,1.3523,1.2561,1.13049,1.017441,1.2561,0,0,707.4064667,0,9110.682722,8324.675537,0.238659,0,0,0,zero,interior,False,False,True
116,19:10,19:20,1.3445,1.2561,1.13049,1.017441,1.2561,0,0,708.553,0,8324.675537,7537.394426,0.238659,0,0,0,zero,interior,False,False,True
117,19:20,19:30,1.3483,1.2561,1.13049,1.017441,1.2561,0,0,709.4468833,0,7537.394426,6749.120111,0.238659,0,0,0,zero,interior,False,False,True
118,19:30,19:40,1.349,1.2561,1.13049,1.017441,1.2561,0,0,711.23245,0,6749.120111,5958.861833,0.238659,0,0,0,zero,interior,False,False,True
119,19:40,19:50,1.3473,1.2561,1.13049,1.017441,1.2561,0,0,711.6625,0,5958.861833,5168.125722,0.238659,0,0,0,zero,interior,False,False,True
120,19:50,20:00,1.3482,1.2561,1.13049,1.017441,1.2561,0,0,711.4450333,0,5168.125722,4377.631241,0.238659,0,0,0,zero,interior,False,False,True
121,20:00,20:10,1.3513,1.2561,1.13049,1.017441,1.2561,0,0,713.7040833,0,4377.631241,3584.626704,0.238659,0,0,0,zero,interior,False,False,True
122,20:10,20:20,1.34,1.2561,1.13049,1.017441,1.2561,0,0,715.28415,0,3584.626704,2789.866537,0.238659,0,0,0,zero,interior,False,False,True
123,20:20,20:30,1.3489,1.2561,1.13049,1.017441,1.2561,0,0,715.22685,0,2789.866537,1995.170037,0.238659,0,0,0,zero,interior,False,False,True
124,20:30,20:40,1.3952,1.2561,1.13049,1.017441,1.2561,0,0,715.6530333,0,1995.170037,1200,0.238659,0,0,0,zero,interior,True,False,True
125,20:40,20:50,1.2226,1.2226,1.10034,0.990306,1.2226,715.8689167,0,-0,0,1200,1200,0.232294,2.220446049e-16,0,0,zero,zero,True,False,True
126,20:50,21:00,0.9332,0.9332,0.88839,0.799551,0.9871,717.0051167,0,0,0,1200,1200,0.133649,0.0539,0,0,zero,zero,True,False,True
127,21:00,21:10,0.9068,0.9068,0.88839,0.799551,0.9871,720.1603,0,0,0,1200,1200,0.107249,0.0803,0,0,zero,zero,True,False,True
128,21:10,21:20,0.9371,0.9371,0.88839,0.799551,0.9871,717.0548667,0,0,0,1200,1200,0.137549,0.05,0,0,zero,zero,True,False,True
129,21:20,21:30,0.9371,0.9371,0.88839,0.799551,0.9871,720.4459667,0,0,0,1200,1200,0.137549,0.05,0,0,zero,zero,True,False,True
130,21:30,21:40,0.9871,0.9871,0.88839,0.799551,0.9871,738.1347167,0,-0,0,1200,1200,0.187549,-1.110223025e-16,0,0,zero,zero,True,False,True
131,21:40,21:50,0.7764,0.7764,0.69876,0.628884,0.7764,671.6935667,0,-0,0,1200,1200,0.147516,-1.110223025e-16,0,0,zero,zero,True,False,True
132,21:50,22:00,0.4209,0.4209,0.4711111111,0.424,0.5234567901,1393.790317,833.3333333,0,0,1200,1950,-0.0031,0.1025567901,0,0,upper,zero,True,False,True
133,22:00,22:10,0.3859,0.3859,0.4711111111,0.424,0.5234567901,1384.8989,833.3333333,0,0,1950,2700,-0.0381,0.1375567901,0,0,upper,zero,False,False,True
134,22:10,22:20,0.4368,0.4368,0.4711111111,0.424,0.5234567901,568.82605,0,0,0,2700,2700,0.0128,0.08665679012,0,0,zero,zero,False,False,True
135,22:20,22:30,0.4198,0.4198,0.4711111111,0.424,0.5234567901,1396.98855,833.3333333,0,0,2700,3450,-0.0042,0.1036567901,0,0,upper,zero,False,False,True
136,22:30,22:40,0.4186,0.4186,0.4711111111,0.424,0.5234567901,1397.759867,833.3333333,0,0,3450,4200,-0.0054,0.1048567901,0,0,upper,zero,False,False,True
137,22:40,22:50,0.4241,0.4241,0.4711111111,0.424,0.5234567901,566.7474333,0,0,0,4200,4200,0.0001,0.09935679012,0,0,zero,zero,False,False,True
138,22:50,23:00,0.4237,0.4237,0.4711111111,0.424,0.5234567901,1399.873767,833.3333333,0,0,4200,4950,-0.0003,0.09975679012,0,0,upper,zero,False,False,True
139,23:00,23:10,0.4248,0.4248,0.4711111111,0.424,0.5234567901,567.83015,0,0,0,4950,4950,0.0008,0.09865679012,0,0,zero,zero,False,False,True
140,23:10,23:20,0.424,0.424,0.4711111111,0.424,0.5234567901,902.6919667,333.3333333,0,0,4950,5250,0,0.09945679012,0,0,interior,zero,False,False,True
141,23:20,23:30,0.422,0.422,0.4711111111,0.424,0.5234567901,1403.663517,833.3333333,0,0,5250,6000,-0.002,0.1014567901,0,0,upper,zero,False,False,True
142,23:30,23:40,0.424,0.424,0.4711111111,0.424,0.5234567901,571.6153833,0,0,0,6000,6000,0,0.09945679012,0,0,zero,zero,False,False,True
143,23:40,23:50,0.4271,0.4271,0.4711111111,0.424,0.5234567901,573.1768333,0,0,0,6000,6000,0.0031,0.09635679012,0,0,zero,zero,False,False,True
144,23:50,24:00,0.4276,0.4276,0.4711111111,0.424,0.5234567901,574.1209833,0,0,0,6000,6000,0.0036,0.09585679012,0,0,zero,zero,False,False,True
