interval_index,interval_start,price_yuan_per_kwh,load_kw,pv_forecast_kw,grid_purchase_kw,charge_power_kw,discharge_power_kw,pv_curtailment_kw
1,00:00,0.4248000000,3439.8466000000,0.0000000000,8439.8466000000,5000.0000000000,0.0000000000,0.0000000000
2,00:10,0.4245000000,3437.9792000000,0.0000000000,8437.9792000000,5000.0000000000,0.0000000000,0.0000000000
3,00:20,0.4269000000,3444.3031000000,0.0000000000,8444.3031000000,5000.0000000000,0.0000000000,0.0000000000
4,00:30,0.4272000000,3454.4437000000,0.0000000000,8454.4437000000,5000.0000000000,0.0000000000,0.0000000000
5,00:40,0.4271000000,3458.8273000000,0.0000000000,8458.8273000000,5000.0000000000,0.0000000000,0.0000000000
6,00:50,0.4285000000,3459.8401000000,0.0000000000,3459.8401000000,0.0000000000,0.0000000000,0.0000000000
7,01:00,0.4311000000,3467.1582000000,0.0000000000,3467.1582000000,0.0000000000,0.0000000000,0.0000000000
8,01:10,0.4302000000,3467.9632000000,0.0000000000,3467.9632000000,0.0000000000,0.0000000000,0.0000000000
9,01:20,0.4279000000,3466.9683000000,0.0000000000,5466.9683000000,2000.0000000000,0.0000000000,0.0000000000
10,01:30,0.4312000000,3482.4927000000,0.0000000000,3482.4927000000,0.0000000000,0.0000000000,0.0000000000
11,01:40,0.4333000000,3495.0841000000,0.0000000000,3495.0841000000,0.0000000000,0.0000000000,0.0000000000
12,01:50,0.4311000000,3498.4443000000,0.0000000000,3498.4443000000,0.0000000000,0.0000000000,0.0000000000
13,02:00,0.4293000000,3505.2295000000,0.0000000000,3505.2295000000,0.0000000000,0.0000000000,0.0000000000
14,02:10,0.4324000000,3512.6387000000,0.0000000000,3512.6387000000,0.0000000000,0.0000000000,0.0000000000
15,02:20,0.4367000000,3516.8685000000,0.0000000000,3516.8685000000,0.0000000000,0.0000000000,0.0000000000
16,02:30,0.4348000000,3517.9246000000,0.0000000000,3517.9246000000,0.0000000000,0.0000000000,0.0000000000
17,02:40,0.4335000000,3518.5518000000,0.0000000000,3518.5518000000,0.0000000000,0.0000000000,0.0000000000
18,02:50,0.4357000000,3521.0976000000,0.0000000000,3521.0976000000,0.0000000000,0.0000000000,0.0000000000
19,03:00,0.4374000000,3526.9261000000,0.0000000000,3526.9261000000,0.0000000000,0.0000000000,0.0000000000
20,03:10,0.4371000000,3537.2854000000,0.0000000000,3537.2854000000,0.0000000000,0.0000000000,0.0000000000
21,03:20,0.4356000000,3544.8808000000,0.0000000000,3544.8808000000,0.0000000000,0.0000000000,0.0000000000
22,03:30,0.4353000000,3541.2787000000,0.0000000000,3541.2787000000,0.0000000000,0.0000000000,0.0000000000
23,03:40,0.4360000000,3546.3976000000,0.0000000000,3546.3976000000,0.0000000000,0.0000000000,0.0000000000
24,03:50,0.4378000000,3560.2070000000,0.0000000000,3560.2070000000,0.0000000000,0.0000000000,0.0000000000
25,04:00,0.4401000000,3561.9581000000,0.0000000000,3561.9581000000,0.0000000000,0.0000000000,0.0000000000
26,04:10,0.4389000000,3556.7183000000,0.0000000000,3556.7183000000,0.0000000000,0.0000000000,0.0000000000
27,04:20,0.4364000000,3560.0272000000,0.0000000000,3560.0272000000,0.0000000000,0.0000000000,0.0000000000
28,04:30,0.4393000000,3580.6540000000,0.5994000000,3580.0546000000,0.0000000000,0.0000000000,0.0000000000
29,04:40,0.4422000000,3586.9160000000,0.2345000000,3586.6815000000,0.0000000000,0.0000000000,0.0000000000
30,04:50,0.4395000000,3571.2635000000,0.2885000000,3570.9750000000,0.0000000000,0.0000000000,0.0000000000
31,05:00,0.4333000000,3562.3171000000,18.6781000000,3543.6390000000,0.0000000000,0.0000000000,0.0000000000
32,05:10,0.4439000000,3591.3809000000,54.4698000000,3536.9111000000,0.0000000000,0.0000000000,0.0000000000
33,05:20,0.4301000000,3579.7045000000,108.9718000000,3470.7327000000,0.0000000000,0.0000000000,0.0000000000
34,05:30,0.3713000000,3486.1190000000,184.1603000000,8301.9587000000,5000.0000000000,0.0000000000,0.0000000000
35,05:40,0.5708000000,3823.8994000000,277.0582000000,3546.8412000000,0.0000000000,-0.0000000000,0.0000000000
36,05:50,0.9099000000,4398.0727000000,388.5494000000,0.0000000000,0.0000000000,4009.5233000000,0.0000000000
37,06:00,0.9368000000,4454.0123000000,521.2803000000,0.0000000000,0.0000000000,3932.7320000000,0.0000000000
38,06:10,0.8758000000,4371.7919000000,672.7677000000,0.0000000000,0.0000000000,3699.0242000000,0.0000000000
39,06:20,0.8759000000,4392.9530000000,844.2261000000,0.0000000000,0.0000000000,3548.7269000000,0.0000000000
40,06:30,0.8601000000,4384.5956000000,1039.6744000000,0.0000000000,0.0000000000,3344.9212000000,0.0000000000
41,06:40,0.8442000000,4434.7757000000,1259.3375000000,0.0000000000,0.0000000000,3175.4382000000,0.0000000000
42,06:50,0.8334000000,4523.4561000000,1508.6318000000,0.0000000000,0.0000000000,3014.8243000000,0.0000000000
43,07:00,0.8092000000,4524.0721000000,1791.4107000000,0.0000000000,0.0000000000,2732.6614000000,0.0000000000
44,07:10,0.7972000000,4545.8867000000,2085.4865000000,0.0000000000,0.0000000000,2460.4002000000,0.0000000000
45,07:20,0.7644000000,4523.2418000000,2381.2611000000,0.0000000000,0.0000000000,2141.9807000000,0.0000000000
46,07:30,0.6899000000,4383.3566000000,2683.1752000000,0.0000000000,0.0000000000,1700.1814000000,0.0000000000
47,07:40,0.8600000000,4910.4599000000,2986.3552000000,0.0000000000,0.0000000000,1924.1047000000,0.0000000000
48,07:50,1.1617000000,5799.7327000000,3289.2040000000,0.0000000000,0.0000000000,2510.5287000000,0.0000000000
49,08:00,1.1683000000,5884.8260000000,3593.3613000000,0.0000000000,0.0000000000,2291.4647000000,0.0000000000
50,08:10,1.0956000000,5748.0713000000,3890.7332000000,0.0000000000,0.0000000000,1857.3381000000,0.0000000000
51,08:20,1.0849000000,5769.0581000000,4181.3417000000,0.0000000000,0.0000000000,1587.7164000000,0.0000000000
52,08:30,1.0610000000,5754.2105000000,4471.7657000000,0.0000000000,0.0000000000,1282.4448000000,0.0000000000
53,08:40,1.0430000000,5824.1807000000,4752.8272000000,0.0000000000,0.0000000000,1071.3535000000,0.0000000000
54,08:50,1.0360000000,5954.2601000000,5021.9074000000,0.0000000000,0.0000000000,932.3527000000,0.0000000000
55,09:00,1.0147000000,5958.9696000000,5285.4126000000,0.0000000000,0.0000000000,673.5570000000,0.0000000000
56,09:10,0.9922000000,5929.5554000000,5543.1742000000,0.0000000000,0.0000000000,386.3812000000,0.0000000000
57,09:20,0.9700000000,5923.7828000000,5788.4093000000,0.0000000000,0.0000000000,135.3735000000,0.0000000000
58,09:30,0.9422000000,5907.5860000000,6012.1304000000,0.0000000000,104.5444000000,0.0000000000,0.0000000000
59,09:40,0.9569000000,5899.1262000000,6216.1528000000,0.0000000000,317.0266000000,0.0000000000,0.0000000000
60,09:50,0.9977000000,5902.2196000000,6409.5941000000,0.0000000000,507.3745000000,0.0000000000,0.0000000000
61,10:00,0.9919000000,5897.4793000000,6599.3808000000,0.0000000000,701.9015000000,0.0000000000,0.0000000000
62,10:10,0.9588000000,5886.7568000000,6766.7204000000,0.0000000000,879.9636000000,0.0000000000,0.0000000000
63,10:20,0.9549000000,5873.4708000000,6914.5923000000,0.0000000000,1041.1215000000,0.0000000000,0.0000000000
64,10:30,0.9839000000,5858.0308000000,7064.2053000000,0.0000000000,1206.1745000000,0.0000000000,0.0000000000
65,10:40,0.7990000000,5844.9948000000,7197.4315000000,0.0000000000,1352.4367000000,0.0000000000,0.0000000000
66,10:50,0.5025000000,5839.0587000000,7303.1142000000,0.0000000000,1464.0555000000,0.0000000000,0.0000000000
67,11:00,0.4662000000,5838.7103000000,7387.6848000000,3451.0255000000,5000.0000000000,0.0000000000,0.0000000000
68,11:10,0.5007000000,5823.4378000000,7459.2270000000,0.0000000000,1635.7892000000,0.0000000000,0.0000000000
69,11:20,0.4827000000,5814.7932000000,7520.7191000000,0.0000000000,1705.9259000000,0.0000000000,0.0000000000
70,11:30,0.4785000000,5832.3951000000,7568.2039000000,1075.6630283951,2811.4718283951,0.0000000000,0.0000000000
71,11:40,0.4662000000,5712.9010000000,7592.1539000000,3120.7471000000,5000.0000000000,0.0000000000,0.0000000000
72,11:50,0.4432000000,5519.4607000000,7601.0433000000,2918.4174000000,5000.0000000000,0.0000000000,0.0000000000
73,12:00,0.4411000000,5494.7907000000,7612.3160000000,2882.4747000000,5000.0000000000,0.0000000000,0.0000000000
74,12:10,0.4551000000,5514.4524000000,7602.6524000000,2911.8000000000,5000.0000000000,0.0000000000,0.0000000000
75,12:20,0.4463000000,5485.8290000000,7554.1872000000,2931.6418000000,5000.0000000000,0.0000000000,0.0000000000
76,12:30,0.4113000000,5462.3628000000,7472.7384000000,2989.6244000000,5000.0000000000,0.0000000000,0.0000000000
77,12:40,0.5682000000,5566.1066000000,7393.4172000000,0.0000000000,1827.3106000000,0.0000000000,0.0000000000
78,12:50,0.8279000000,5725.7548000000,7312.7979000000,0.0000000000,1587.0431000000,0.0000000000,0.0000000000
79,13:00,0.8636000000,5739.4957000000,7194.5410000000,0.0000000000,1455.0453000000,0.0000000000,0.0000000000
80,13:10,0.8416000000,5714.6836000000,7053.1371000000,0.0000000000,1338.4535000000,0.0000000000,0.0000000000
81,13:20,0.8618000000,5717.8505000000,6910.4064000000,0.0000000000,1192.5559000000,0.0000000000,0.0000000000
82,13:30,0.8623000000,5708.2486000000,6772.4075000000,0.0000000000,1064.1589000000,0.0000000000,0.0000000000
83,13:40,0.9026000000,5696.9182000000,6607.3600000000,0.0000000000,910.4418000000,0.0000000000,0.0000000000
84,13:50,0.9754000000,5692.2983000000,6412.5085000000,0.0000000000,720.2102000000,0.0000000000,0.0000000000
85,14:00,1.0002000000,5687.1291000000,6214.0158000000,0.0000000000,526.8867000000,0.0000000000,0.0000000000
86,14:10,0.9978000000,5678.9620000000,6000.7112000000,0.0000000000,321.7492000000,0.0000000000,0.0000000000
87,14:20,1.0271000000,5669.4508000000,5766.9816000000,0.0000000000,97.5308000000,0.0000000000,0.0000000000
88,14:30,1.0906000000,5664.1948000000,5521.5066000000,0.0000000000,0.0000000000,142.6882000000,0.0000000000
89,14:40,0.9376000000,5672.7011000000,5268.7810000000,0.0000000000,0.0000000000,403.9201000000,0.0000000000
90,14:50,0.6694000000,5682.2544000000,5009.7152000000,672.5392000000,0.0000000000,0.0000000000,0.0000000000
91,15:00,0.6600000000,5669.0195000000,4743.4484000000,1600.3961617284,674.8250617284,0.0000000000,0.0000000000
92,15:10,0.7217000000,5656.3651000000,4471.2240000000,1185.1411000000,0.0000000000,0.0000000000,0.0000000000
93,15:20,0.7308000000,5657.0867000000,4188.2025000000,1468.8842000000,0.0000000000,0.0000000000,0.0000000000
94,15:30,0.7534000000,5662.6008000000,3889.3931000000,1773.2077000000,0.0000000000,0.0000000000,0.0000000000
95,15:40,0.7823000000,5669.2596000000,3594.5946000000,2074.6650000000,0.0000000000,0.0000000000,0.0000000000
96,15:50,0.8055000000,5673.4767000000,3303.8878000000,2369.5889000000,0.0000000000,0.0000000000,0.0000000000
97,16:00,0.8271000000,5671.0146000000,2998.4247000000,2672.5899000000,0.0000000000,-0.0000000000,0.0000000000
98,16:10,0.8519000000,5661.5926000000,2687.4131000000,2974.1795000000,0.0000000000,-0.0000000000,0.0000000000
99,16:20,0.8791000000,5665.8922000000,2383.1779000000,3282.7143000000,0.0000000000,-0.0000000000,0.0000000000
100,16:30,0.9024000000,5689.0372000000,2089.1246000000,3599.9126000000,0.0000000000,0.0000000000,0.0000000000
101,16:40,0.9163000000,5603.6614000000,1791.0829000000,3812.5785000000,0.0000000000,0.0000000000,0.0000000000
102,16:50,0.9264000000,5466.7124000000,1501.7283000000,3964.9841000000,0.0000000000,-0.0000000000,0.0000000000
103,17:00,0.9462000000,5467.3939000000,1255.1723000000,4212.2216000000,0.0000000000,-0.0000000000,0.0000000000
104,17:10,0.9742000000,5464.7270000000,1036.3323000000,4428.3947000000,0.0000000000,-0.0000000000,0.0000000000
105,17:20,0.9862000000,5492.4458000000,836.7775000000,4655.6683000000,0.0000000000,-0.0000000000,0.0000000000
106,17:30,0.9760000000,5621.7308000000,665.2313000000,4956.4995000000,0.0000000000,0.0000000000,0.0000000000
107,17:40,1.0742000000,5091.2126000000,516.6758000000,4574.5368000000,0.0000000000,-0.0000000000,0.0000000000
108,17:50,1.2313000000,4208.5688000000,386.6731000000,3821.8957000000,0.0000000000,-0.0000000000,0.0000000000
109,18:00,1.2561000000,4122.7611000000,275.7933000000,3191.3643000000,0.0000000000,655.6035000000,0.0000000000
110,18:10,1.2447000000,4255.9358000000,182.9526000000,4072.9832000000,0.0000000000,0.0000000000,0.0000000000
111,18:20,1.2545000000,4225.9524000000,108.3414000000,4117.6110000000,0.0000000000,0.0000000000,0.0000000000
112,18:30,1.2522000000,4233.3384000000,54.3121000000,4179.0263000000,0.0000000000,0.0000000000,0.0000000000
113,18:40,1.2881000000,4246.4625000000,18.6569000000,0.0000000000,0.0000000000,4227.8056000000,0.0000000000
114,18:50,1.3466000000,4239.1795000000,0.2753000000,0.0000000000,0.0000000000,4238.9042000000,0.0000000000
115,19:00,1.3523000000,4244.6684000000,0.2296000000,0.0000000000,0.0000000000,4244.4388000000,0.0000000000
116,19:10,1.3445000000,4251.9187000000,0.6007000000,0.0000000000,0.0000000000,4251.3180000000,0.0000000000
117,19:20,1.3483000000,4256.6813000000,0.0000000000,0.0000000000,0.0000000000,4256.6813000000,0.0000000000
118,19:30,1.3490000000,4267.3947000000,0.0000000000,0.0000000000,0.0000000000,4267.3947000000,0.0000000000
119,19:40,1.3473000000,4269.9750000000,0.0000000000,0.0000000000,0.0000000000,4269.9750000000,0.0000000000
120,19:50,1.3482000000,4268.6702000000,0.0000000000,0.0000000000,0.0000000000,4268.6702000000,0.0000000000
121,20:00,1.3513000000,4282.2245000000,0.0000000000,0.0000000000,0.0000000000,4282.2245000000,0.0000000000
122,20:10,1.3400000000,4291.7049000000,0.0000000000,0.0000000000,0.0000000000,4291.7049000000,0.0000000000
123,20:20,1.3489000000,4291.3611000000,0.0000000000,0.0000000000,0.0000000000,4291.3611000000,0.0000000000
124,20:30,1.3952000000,4293.9182000000,0.0000000000,0.0000000000,0.0000000000,4293.9182000000,0.0000000000
125,20:40,1.2226000000,4295.2135000000,0.0000000000,4295.2135000000,0.0000000000,-0.0000000000,0.0000000000
126,20:50,0.9332000000,4302.0307000000,0.0000000000,4302.0307000000,0.0000000000,0.0000000000,0.0000000000
127,21:00,0.9068000000,4320.9618000000,0.0000000000,4320.9618000000,0.0000000000,0.0000000000,0.0000000000
128,21:10,0.9371000000,4302.3292000000,0.0000000000,4302.3292000000,0.0000000000,0.0000000000,0.0000000000
129,21:20,0.9371000000,4322.6758000000,0.0000000000,4322.6758000000,0.0000000000,0.0000000000,0.0000000000
130,21:30,0.9871000000,4428.8083000000,0.0000000000,4428.8083000000,0.0000000000,-0.0000000000,0.0000000000
131,21:40,0.7764000000,4030.1614000000,0.0000000000,4030.1614000000,0.0000000000,-0.0000000000,0.0000000000
132,21:50,0.4209000000,3362.7419000000,0.0000000000,8362.7419000000,5000.0000000000,0.0000000000,0.0000000000
133,22:00,0.3859000000,3309.3934000000,0.0000000000,8309.3934000000,5000.0000000000,0.0000000000,0.0000000000
134,22:10,0.4368000000,3412.9563000000,0.0000000000,3412.9563000000,0.0000000000,0.0000000000,0.0000000000
135,22:20,0.4198000000,3381.9313000000,0.0000000000,8381.9313000000,5000.0000000000,0.0000000000,0.0000000000
136,22:30,0.4186000000,3386.5592000000,0.0000000000,8386.5592000000,5000.0000000000,0.0000000000,0.0000000000
137,22:40,0.4241000000,3400.4846000000,0.0000000000,3400.4846000000,0.0000000000,0.0000000000,0.0000000000
138,22:50,0.4237000000,3399.2426000000,0.0000000000,8399.2426000000,5000.0000000000,0.0000000000,0.0000000000
139,23:00,0.4248000000,3406.9809000000,0.0000000000,3406.9809000000,0.0000000000,0.0000000000,0.0000000000
140,23:10,0.4240000000,3416.1518000000,0.0000000000,5416.1518000000,2000.0000000000,0.0000000000,0.0000000000
141,23:20,0.4220000000,3421.9811000000,0.0000000000,8421.9811000000,5000.0000000000,0.0000000000,0.0000000000
142,23:30,0.4240000000,3429.6923000000,0.0000000000,3429.6923000000,0.0000000000,0.0000000000,0.0000000000
143,23:40,0.4271000000,3439.0610000000,0.0000000000,3439.0610000000,0.0000000000,0.0000000000,0.0000000000
144,23:50,0.4276000000,3444.7259000000,0.0000000000,3444.7259000000,0.0000000000,0.0000000000,0.0000000000
