月份,天数,计划购电量_kWh,调整购电量_kWh,计划购电费_元,下调违约金_元,上调加价_元,紧急购电费_元,当月总费用_元,紧急购电量_kWh,无储能基准购电量_kWh,无储能基准购电费_元
2025-02,28,2034772.6297,1999565.6872,1253364.3259,9867.0074,1285.2564,2184.1694,1266700.7591,467.4444,1852726.1045,1457367.2467
2025-03,31,1898107.4944,1876681.3327,1141382.0910,6055.7678,2125.6475,4128.4073,1153691.9137,862.4235,1809993.4244,1411939.8674
2025-04,30,1631500.4880,1596758.1204,941865.4365,9894.4220,7892.0509,945.0387,960596.9482,202.6157,1612350.8377,1238805.2788
2025-05,31,1588999.1290,1567146.9178,945094.2791,6344.7370,8339.5032,13461.4755,973239.9948,2333.3624,1620890.8318,1248044.2426
2025-06,30,2058828.3599,2030260.9553,1284913.6480,9027.1609,10679.9613,23352.3036,1327973.0737,4220.4008,1917713.5219,1503861.8425
2025-07,31,2287881.0645,2253867.2448,1447713.0064,11452.8242,17415.6463,48222.9360,1524804.4130,10932.2268,2185584.8459,1695753.7595
2025-08,31,2043630.4000,2005727.5079,1270729.5157,10448.9782,6553.4658,3848.4691,1291580.4287,794.5970,2022342.9076,1564146.9379
2025-09,30,1775811.1685,1735086.5712,1093002.7235,11284.8694,4501.8929,16586.3921,1125375.8779,3300.0517,1776921.7016,1393052.6904
2025-10,31,1867367.0759,1836608.9552,1125690.3241,8601.1477,2983.2749,4397.5509,1141672.2976,978.1273,1838040.8779,1436866.2277
2025-11,30,2035339.2382,2032471.6997,1246393.0122,3785.4458,13146.3752,12509.0070,1275833.8402,2721.1799,1951831.0109,1547409.1869
2025-12,31,2588939.4355,2577544.7374,1624419.3121,3235.6152,1488.4044,62721.3548,1691864.6865,13432.3918,2408953.3470,1910072.3515
