发布时刻,lead_h,均值_kW,标准差_kW,MAE_kW,5%分位_kW,95%分位_kW
0:00,1,0.0000,0.0000,0.0000,0.0000,0.0000
0:00,2,0.0000,0.0000,0.0000,0.0000,0.0000
0:00,3,0.0000,0.0000,0.0000,0.0000,0.0000
0:00,4,-0.0007,0.0013,0.0007,-0.0038,0.0000
0:00,5,0.0854,1.0216,0.3107,-0.6490,0.0000
0:00,6,214.2137,246.6617,214.3842,-0.6399,622.6383
0:00,7,524.5990,305.1590,524.7251,-0.9860,968.2996
0:00,8,733.0040,279.6494,733.0547,254.2624,1193.3911
0:00,9,665.6446,426.5105,686.8430,-54.3556,1376.6314
0:00,10,463.7614,578.8849,611.1241,-548.1311,1375.0399
0:00,11,263.7070,684.6087,597.6928,-954.4571,1331.7256
0:00,12,7.2074,759.8593,599.6728,-1246.3711,1186.6353
0:00,13,-260.6650,798.2015,657.1305,-1638.0405,953.3309
0:00,14,-501.6446,757.0176,704.1594,-1795.9591,657.1356
0:00,15,-688.3617,668.5552,765.5509,-1836.3183,334.2842
0:00,16,-801.8689,465.0131,812.2394,-1640.8234,-99.1883
0:00,17,-760.6690,267.7481,760.6847,-1231.6599,-347.0272
0:00,18,-399.5042,315.1486,399.5042,-854.8458,-0.9860
0:00,19,-106.4585,154.4397,106.4585,-414.3834,-0.0040
0:00,20,-0.1483,0.2510,0.1483,-0.6841,0.0000
0:00,21,-0.0007,0.0013,0.0007,-0.0035,0.0000
0:00,22,0.0000,0.0000,0.0000,0.0000,0.0000
0:00,23,0.0000,0.0000,0.0000,0.0000,0.0000
0:00,24,0.0000,0.0000,0.0000,0.0000,0.0000
6:00,1,532.9581,284.3928,533.0840,-0.9860,865.0216
6:00,2,747.1196,162.7218,747.1196,436.6760,998.2898
6:00,3,694.2016,224.5913,694.6994,276.5418,1059.2475
6:00,4,519.7096,325.4586,539.7814,-34.4012,1028.5393
6:00,5,313.0960,395.2659,422.5708,-370.4456,895.0630
6:00,6,61.4856,480.3817,387.3788,-763.3795,849.5579
6:00,7,-204.7349,549.0075,464.4282,-1149.9961,656.0321
6:00,8,-448.6877,495.7367,531.5052,-1218.3422,303.4937
6:00,9,-635.3200,419.5543,656.6698,-1341.5990,45.0103
6:00,10,-747.1025,319.6197,752.1505,-1278.9262,-214.1094
6:00,11,-749.2828,193.7500,749.2828,-1073.5242,-457.2786
6:00,12,-398.3611,308.6879,398.3611,-808.6471,-0.9860
6:00,13,-106.4463,154.4151,106.4463,-413.0496,-0.0040
6:00,14,-0.1483,0.2510,0.1483,-0.6841,0.0000
6:00,15,-0.0007,0.0013,0.0007,-0.0035,0.0000
6:00,16,0.0000,0.0000,0.0000,0.0000,0.0000
6:00,17,0.0000,0.0000,0.0000,0.0000,0.0000
6:00,18,0.0000,0.0000,0.0000,0.0000,0.0000
6:00,19,0.0000,0.0000,0.0000,0.0000,0.0000
6:00,20,0.0000,0.0000,0.0000,0.0000,0.0000
6:00,21,0.0000,0.0000,0.0000,0.0000,0.0000
6:00,22,-0.0007,0.0013,0.0007,-0.0038,0.0000
6:00,23,0.1101,1.1792,0.3366,-0.6506,0.0000
6:00,24,209.2966,280.1893,215.4081,-0.8308,763.1796
12:00,1,-172.3632,284.4203,267.9145,-623.1295,290.9647
12:00,2,-404.5858,260.4999,418.1180,-829.0552,-0.4365
12:00,3,-610.9919,241.4298,615.0397,-974.1189,-195.8834
12:00,4,-723.5087,201.7244,723.5087,-1028.0219,-345.2006
12:00,5,-737.5487,146.6301,737.5487,-969.8038,-527.6456
12:00,6,-395.6363,301.9365,395.6363,-790.4914,-0.9860
12:00,7,-106.4514,154.4254,106.4514,-413.5463,-0.0040
12:00,8,-0.1483,0.2510,0.1483,-0.6841,0.0000
12:00,9,-0.0007,0.0013,0.0007,-0.0035,0.0000
12:00,10,0.0000,0.0000,0.0000,0.0000,0.0000
12:00,11,0.0000,0.0000,0.0000,0.0000,0.0000
12:00,12,0.0000,0.0000,0.0000,0.0000,0.0000
12:00,13,0.0000,0.0000,0.0000,0.0000,0.0000
12:00,14,0.0000,0.0000,0.0000,0.0000,0.0000
12:00,15,0.0000,0.0000,0.0000,0.0000,0.0000
12:00,16,-0.0007,0.0013,0.0007,-0.0038,0.0000
12:00,17,0.0895,1.0696,0.3178,-0.6506,0.0000
12:00,18,218.0586,268.3075,218.2396,-0.6796,738.6588
12:00,19,530.6850,409.0825,545.1540,-1.1636,1242.5204
12:00,20,736.2290,598.0760,828.0152,-283.8343,1608.0138
12:00,21,589.8030,968.1980,946.0658,-1093.4394,1961.6990
12:00,22,397.9692,1162.7087,1021.8360,-1755.1614,1986.2740
12:00,23,92.9449,1451.7453,1178.6986,-2812.3169,2014.8262
12:00,24,-318.1548,1797.4309,1394.9592,-3655.1886,1928.5022
18:00,1,-106.4476,154.4185,106.4476,-413.4623,-0.0040
18:00,2,-0.1483,0.2510,0.1483,-0.6841,0.0000
18:00,3,-0.0007,0.0013,0.0007,-0.0035,0.0000
18:00,4,0.0000,0.0000,0.0000,0.0000,0.0000
18:00,5,0.0000,0.0000,0.0000,0.0000,0.0000
18:00,6,0.0000,0.0000,0.0000,0.0000,0.0000
18:00,7,0.0000,0.0000,0.0000,0.0000,0.0000
18:00,8,0.0000,0.0000,0.0000,0.0000,0.0000
18:00,9,0.0000,0.0000,0.0000,0.0000,0.0000
18:00,10,-0.0007,0.0013,0.0007,-0.0038,0.0000
18:00,11,0.0867,1.0497,0.3128,-0.6506,0.0000
18:00,12,212.2184,252.7722,212.3933,-0.6399,664.7069
18:00,13,516.8332,364.4274,519.8737,-1.0934,1119.5719
18:00,14,720.6443,486.5490,771.4886,-131.0155,1418.8421
18:00,15,629.0287,722.9806,794.7989,-591.0426,1684.9308
18:00,16,401.0442,1002.1109,903.0758,-1354.5915,1835.6535
18:00,17,132.8004,1180.6059,976.7021,-2050.5358,1769.9281
18:00,18,-74.1219,1238.4789,991.4606,-2406.3045,1713.3201
18:00,19,-363.9342,1263.8755,1024.2535,-2576.8212,1445.3623
18:00,20,-627.2248,1169.3803,1042.0750,-2661.5213,1102.2633
18:00,21,-763.2122,950.4107,956.9155,-2353.9497,671.1834
18:00,22,-800.7599,638.3671,843.9241,-1927.1393,165.3149
18:00,23,-780.1005,374.4458,782.2985,-1482.7139,-191.4520
18:00,24,-404.4061,337.1295,404.4061,-962.5578,-0.9860
