序号,用途,第二问依赖,主要产物
01,检查附件三原始数据,附件 3,—
02,处理附件三基础数据,附件 3 + 第二问 dates,附件三_预报矩阵.npz
03,校验附件三处理结果,附件 3 + 第二问 pv_kw,—
04,构建情景库,附件三预报 + 第二问 scen_L/scen_idx,附件三_情景库.npz
05,求解阶段 0 计划（LP 内核，5 种模式）,第二问 price + 附件三情景,—（被 `_policy3` 调用）
06,滚动调整规划（滚动策略对照）,第二问 price/scen_L + 阶段0,第三问_滚动调整日汇总.csv
07,阶段内 DP 执行器（**函数库**，被 `_policy3` 调用）,第二问 load_kw/pv_kw/scen_L,—（被 `_policy3` 调用）
_policy3,★ 统一闭环策略引擎（唯一策略入口）,05 + 07 + 第二问 + 附件三,内存结果（由 08/09 调用）
08,★ 全年回测与结算（唯一主结果入口）,`_policy3.run_policy` + 第二问 price,第三问_全年回测.npz + 5 CSV + 报告×2（含执行器报告）
09,消融实验,`_policy3.run_arm`（六档共用入口）,第三问_消融实验对照表.csv + npz + 报告
10,指定日期明细与作图,08 + 第二问 price,4 CSV + 3 图
11,生成并校验 result3.xlsx,08 + 第二问 load/pv 电量,提交结果/result3.xlsx
12,端到端编排,00–14,日志/报告汇总
13,敏感性与收敛性检验,`_policy3.run_policy(m/nu/delta)`,3 CSV + npz + 图 + 报告（非交付主结果）
14,★ 最终一致性校验（只读交叉复核）,08 + 09 + 13 产物 + 第二问原始电量,1 CSV + 1 报告（不改任何主结果）
