编号,检查项,结论,明细
A1,向量化执行器 = 正式 S7.dp_execute（300 组随机）,通过,max|Δ| = 0.000e+00，组数 300
A2,向量化执行器 = 手写式 34 标量递推（60×2 组）,通过,max|Δ| = 0.000e+00
A3,小案例（缺口 150/段、库存充足）：全额放电、零紧急,通过,ΣD = 3600.000（期望 3600.0），Σb = 0.000000
A3b,小案例（缺口 200/段 > 可放电量）：ΣD = η(E₀−E_min)、余下转紧急,通过,ΣD = 4320.000（期望 η(E₀−E_min) = 4320.000），Σb = 480.000（期望 480.000）；末库存 = 1200.000 = E_min
A4,小案例（缺口 2000/段 > S）：放电至下限后转紧急购电,通过,ΣD = 4320.000（期望 4320.000），Σb = 43680.000（期望 43680.000），首段 D = 833.333 = S
A5,小案例紧急购电费 = 5·Σ c·b（按题面独立复算）,通过,偏差 7.451e-09 元（相对 1.141e-16），电费 65297741.664 元
A6,小案例（富余 2000/段）：充电至上限后弃电,通过,ΣC = 5333.3（期望 5333.3），Σ弃电 = 42666.7
B1,单段功率上限 S ≤ 833.3333 kWh,通过,S_PERIOD_KWH = 833.333333
B2,"库存网格 = linspace(1200, 10800, 1601)（步长 6）",通过,"格点数 1601，端点 [1200.0, 10800.0]，步长 6.000000"
B7,次日负荷展望非退化且与 scen_L 同口径（kWh/时段）,通过,"形状 (365, 4, 30, 144)；均值 769.137 vs scen_L 769.172；非零占比 0.9999；max 1574.4"
C1·N0,能量平衡 Q+b+D−C−N−弃电 = 0（含紧急购电 b）,通过,max|Δ| = 1.137e-13 kWh
C2·N0,库存递推 ΔE = ηC − D/η（同段内 / 跨段）,通过,同段 9.095e-13，跨段 0.000e+00 kWh
C3·N0,"SOC ∈ [1200, 10800]；充 C ≤ S、放 D ≤ S；电池侧 ΔE ≤ ηS(充) / S/η(放)",通过,"SOC [1200.0, 10800.0]；maxC 833.333 ≤ 833.333；maxD 833.333 ≤ 833.333；maxΔE⁺ 750.000 ≤ 750.000；max|ΔE⁻| 925.926 ≤ 925.926"
C4·N0,同一时段不得同时充放（C·D = 0）；u·v = 0,通过,"同时充放时段数 0；u,v 同时为正 0"
C5·N0,B 口径逐日四分解复算 = 存档账目,通过,max|Δ| = 0.000e+00 元；Σ账单 = 13508370.443 元
C6·N0,全部窗口决策 = 滚动 24h（RWIN_LEN ≡ 144）,跳过,该臂没有调整节点，未发生窗口决策
C7·N0,采纳 ⇔ 同窗口同条件下 Φ_new < Φ_old,通过,可比节点 0 个，违反 0 个
C8·N0,节点末库存猜测 E_GUESS 与执行器一致（未启用则跳过）,跳过,该臂没有任何调整节点（无跨日决策，E_GUESS 未使用）
C9·N0,三统计可区分：采纳 ≤ 价值更新 = 调整节点数；预报使用 = 调整节点数（信息冻结臂按定义 = 0）,通过,采纳 0，价值更新 0（期望 0），预报使用 0（期望 0；节点总数 0）
C10·N0,库存链连续：E[d] 末 = 下一评分日 0:00 库存,通过,max|Δ| = 0.000e+00 kWh（333 个日界）
C1·N06,能量平衡 Q+b+D−C−N−弃电 = 0（含紧急购电 b）,通过,max|Δ| = 2.274e-13 kWh
C2·N06,库存递推 ΔE = ηC − D/η（同段内 / 跨段）,通过,同段 9.095e-13，跨段 9.095e-13 kWh
C3·N06,"SOC ∈ [1200, 10800]；充 C ≤ S、放 D ≤ S；电池侧 ΔE ≤ ηS(充) / S/η(放)",通过,"SOC [1200.0, 10800.0]；maxC 833.333 ≤ 833.333；maxD 833.333 ≤ 833.333；maxΔE⁺ 750.000 ≤ 750.000；max|ΔE⁻| 925.926 ≤ 925.926"
C4·N06,同一时段不得同时充放（C·D = 0）；u·v = 0,通过,"同时充放时段数 0；u,v 同时为正 0"
C5·N06,B 口径逐日四分解复算 = 存档账目,通过,max|Δ| = 0.000e+00 元；Σ账单 = 13481834.417 元
C6·N06,全部窗口决策 = 滚动 24h（RWIN_LEN ≡ 144）,通过,"已决策节点 334 个：RWIN_LEN ∈ [144, 144]；当日段 WIN_LEN ∈ [144, 144]（τ=0 时 WIN_LEN = 144）"
C7·N06,采纳 ⇔ 同窗口同条件下 Φ_new < Φ_old,通过,可比节点 334 个，违反 0 个
C8·N06,节点末库存猜测 E_GUESS 与执行器一致（未启用则跳过）,跳过,已决策节点 334 个，E_GUESS 有限 0 个 —— 跨日决策走 CrossDaySettle 一阶段共享 q_nx，按设计不做不动点猜测（RWIN_LEN ≡ 144 已由 C6 覆盖）
C9·N06,三统计可区分：采纳 ≤ 价值更新 = 调整节点数；预报使用 = 调整节点数（信息冻结臂按定义 = 0）,通过,采纳 290，价值更新 334（期望 334），预报使用 334（期望 334；节点总数 334）
C10·N06,库存链连续：E[d] 末 = 下一评分日 0:00 库存,通过,max|Δ| = 0.000e+00 kWh（333 个日界）
C1·N0612,能量平衡 Q+b+D−C−N−弃电 = 0（含紧急购电 b）,通过,max|Δ| = 1.137e-13 kWh
C2·N0612,库存递推 ΔE = ηC − D/η（同段内 / 跨段）,通过,同段 9.095e-13，跨段 9.095e-13 kWh
C3·N0612,"SOC ∈ [1200, 10800]；充 C ≤ S、放 D ≤ S；电池侧 ΔE ≤ ηS(充) / S/η(放)",通过,"SOC [1200.0, 10800.0]；maxC 833.333 ≤ 833.333；maxD 833.333 ≤ 833.333；maxΔE⁺ 750.000 ≤ 750.000；max|ΔE⁻| 925.926 ≤ 925.926"
C4·N0612,同一时段不得同时充放（C·D = 0）；u·v = 0,通过,"同时充放时段数 0；u,v 同时为正 0"
C5·N0612,B 口径逐日四分解复算 = 存档账目,通过,max|Δ| = 0.000e+00 元；Σ账单 = 13293920.263 元
C6·N0612,全部窗口决策 = 滚动 24h（RWIN_LEN ≡ 144）,通过,"已决策节点 668 个：RWIN_LEN ∈ [144, 144]；当日段 WIN_LEN ∈ [144, 144]（τ=0 时 WIN_LEN = 144）"
C7·N0612,采纳 ⇔ 同窗口同条件下 Φ_new < Φ_old,通过,可比节点 668 个，违反 0 个
C8·N0612,节点末库存猜测 E_GUESS 与执行器一致（未启用则跳过）,跳过,已决策节点 668 个，E_GUESS 有限 0 个 —— 跨日决策走 CrossDaySettle 一阶段共享 q_nx，按设计不做不动点猜测（RWIN_LEN ≡ 144 已由 C6 覆盖）
C9·N0612,三统计可区分：采纳 ≤ 价值更新 = 调整节点数；预报使用 = 调整节点数（信息冻结臂按定义 = 0）,通过,采纳 579，价值更新 668（期望 668），预报使用 668（期望 668；节点总数 668）
C10·N0612,库存链连续：E[d] 末 = 下一评分日 0:00 库存,通过,max|Δ| = 0.000e+00 kWh（333 个日界）
C1·N061218,能量平衡 Q+b+D−C−N−弃电 = 0（含紧急购电 b）,通过,max|Δ| = 1.137e-13 kWh
C2·N061218,库存递推 ΔE = ηC − D/η（同段内 / 跨段）,通过,同段 9.095e-13，跨段 9.095e-13 kWh
C3·N061218,"SOC ∈ [1200, 10800]；充 C ≤ S、放 D ≤ S；电池侧 ΔE ≤ ηS(充) / S/η(放)",通过,"SOC [1200.0, 10800.0]；maxC 833.333 ≤ 833.333；maxD 833.333 ≤ 833.333；maxΔE⁺ 750.000 ≤ 750.000；max|ΔE⁻| 925.926 ≤ 925.926"
C4·N061218,同一时段不得同时充放（C·D = 0）；u·v = 0,通过,"同时充放时段数 0；u,v 同时为正 0"
C5·N061218,B 口径逐日四分解复算 = 存档账目,通过,max|Δ| = 0.000e+00 元；Σ账单 = 13249595.252 元
C6·N061218,全部窗口决策 = 滚动 24h（RWIN_LEN ≡ 144）,通过,"已决策节点 1002 个：RWIN_LEN ∈ [144, 144]；当日段 WIN_LEN ∈ [144, 144]（τ=0 时 WIN_LEN = 144）"
C7·N061218,采纳 ⇔ 同窗口同条件下 Φ_new < Φ_old,通过,可比节点 1002 个，违反 0 个
C8·N061218,节点末库存猜测 E_GUESS 与执行器一致（未启用则跳过）,跳过,已决策节点 1002 个，E_GUESS 有限 0 个 —— 跨日决策走 CrossDaySettle 一阶段共享 q_nx，按设计不做不动点猜测（RWIN_LEN ≡ 144 已由 C6 覆盖）
C9·N061218,三统计可区分：采纳 ≤ 价值更新 = 调整节点数；预报使用 = 调整节点数（信息冻结臂按定义 = 0）,通过,采纳 689，价值更新 1002（期望 1002），预报使用 1002（期望 1002；节点总数 1002）
C10·N061218,库存链连续：E[d] 末 = 下一评分日 0:00 库存,通过,max|Δ| = 0.000e+00 kWh（333 个日界）
C1·F061218,能量平衡 Q+b+D−C−N−弃电 = 0（含紧急购电 b）,通过,max|Δ| = 1.137e-13 kWh
C2·F061218,库存递推 ΔE = ηC − D/η（同段内 / 跨段）,通过,同段 9.095e-13，跨段 9.095e-13 kWh
C3·F061218,"SOC ∈ [1200, 10800]；充 C ≤ S、放 D ≤ S；电池侧 ΔE ≤ ηS(充) / S/η(放)",通过,"SOC [1200.0, 10800.0]；maxC 833.333 ≤ 833.333；maxD 833.333 ≤ 833.333；maxΔE⁺ 750.000 ≤ 750.000；max|ΔE⁻| 925.926 ≤ 925.926"
C4·F061218,同一时段不得同时充放（C·D = 0）；u·v = 0,通过,"同时充放时段数 0；u,v 同时为正 0"
C5·F061218,B 口径逐日四分解复算 = 存档账目,通过,max|Δ| = 0.000e+00 元；Σ账单 = 13305768.233 元
C6·F061218,全部窗口决策 = 滚动 24h（RWIN_LEN ≡ 144）,通过,"已决策节点 1002 个：RWIN_LEN ∈ [144, 144]；当日段 WIN_LEN ∈ [144, 144]（τ=0 时 WIN_LEN = 144）"
C7·F061218,采纳 ⇔ 同窗口同条件下 Φ_new < Φ_old,通过,可比节点 1002 个，违反 0 个
C8·F061218,节点末库存猜测 E_GUESS 与执行器一致（未启用则跳过）,跳过,已决策节点 1002 个，E_GUESS 有限 0 个 —— 跨日决策走 CrossDaySettle 一阶段共享 q_nx，按设计不做不动点猜测（RWIN_LEN ≡ 144 已由 C6 覆盖）
C9·F061218,三统计可区分：采纳 ≤ 价值更新 = 调整节点数；预报使用 = 调整节点数（信息冻结臂按定义 = 0）,通过,采纳 322，价值更新 1002（期望 1002），预报使用 0（期望 0，信息冻结臂；节点总数 1002）
C10·F061218,库存链连续：E[d] 末 = 下一评分日 0:00 库存,通过,max|Δ| = 0.000e+00 kWh（333 个日界）
D1b,冻结组 F061218 与正式组共用同一实测量与同一评分日集合,通过,实测量 max|Δ| = 0.000e+00；评分日集合相同 = True；评分日 334 天
D1c,冻结臂的 FRU 按定义恒为 0（未使用该节点新增发布），而 VFU 仍 = 调整节点数、正式组 FRU 仍 ≡ 1,通过,评分日 334 天 × 节点 3 个；冻结臂 FRU 取值集合 = [0.0]（期望 [0.0]）、VFU = 1002（期望 1002）；正式组 N061218 的 FRU 取值集合 = [1.0]（期望 [1.0]）
D1,四组共用同一实测量与同一评分日集合,通过,净负荷逐位一致
D2,各组账单（元）,信息,N0 = 13508370.443；N06 = 13481834.417；N0612 = 13293920.263；N061218 = 13249595.252；F061218 = 13305768.233
E0a,扰动未来光伏并重建情景：此前情景逐位不变,通过,此前 max|Δ| = 0.000e+00 kW
E0b,同一扰动确实改变后续重建情景（扰动有效）,通过,后续 max|Δ| = 8.114e+03 kW
E1,把第 32 天起实测净负荷 ×1.3：第 31 天决策逐位不变,通过,max|Δ| = 0.000e+00
E2,同一扰动确实改变了第 32 天（扰动有效，非空转）,通过,第 32 天 max|Δ| = 5.816e+03
E3,§五：更新的次日预报确实进入滚动窗口（Φ_new 随之改变）,通过,Φ_new 最大变化 40211.596239 元；18:00 前 max|ΔP/ΔQ| = 0.000000e+00，18:00 后 = 0.000000e+00；采纳次数 1 → 1
E4,§五：三统计量语义分离（FRU≡VFU≡1，采购采纳单独记录）,通过,节点 3 个：FRU=1 全为真=True；ACC=1 的 1 个、VFU=1 的 3 个、VFU 与 FRU 不一致的 0 个；FRU=1 而 ACC=0 的 2 个（**统计值，不是判据**）
