branch,month,n_days,plan_cost,adjust_cost,emerg_cost,total_cost,g_kwh,a_kwh,b_kwh,C_kwh,D_kwh,U_kwh,N_kwh,E_end_kwh,price_mean,n_emerg_slots,sum_abs_a_minus_g,unit_cost
42,2025-02,28,1227982.010884,0.000000,23211.720564,1251193.731448,1896517.396314,1896517.396314,4191.607506,569878.624105,461972.757814,78923.465462,1713879.672067,10387.697457,0.769571,72,0.000000,0.658277
42,2025-03,31,1067862.797759,0.000000,59366.347322,1127229.145081,1788644.138291,1788644.138291,11094.412054,624563.757249,506251.677179,155108.803809,1526317.666467,9993.215448,0.725533,150,0.000000,0.626329
42,2025-04,30,859878.050116,0.000000,93925.991559,953804.041675,1508380.579026,1508380.579026,16134.737931,594346.032829,481095.165328,193534.850456,1217729.599000,10354.461297,0.698846,161,0.000000,0.625644
42,2025-05,31,881584.125511,0.000000,52169.399024,933753.524535,1483346.955013,1483346.955013,9437.115317,553950.917848,454641.869683,206664.557197,1186810.464967,3752.654379,0.691200,113,0.000000,0.625511
42,2025-06,30,1301021.906155,0.000000,159901.283152,1460923.189307,1936137.336326,1936137.336326,28353.537831,514535.957749,416185.050239,116146.800464,1749993.166183,4407.182755,0.766276,224,0.000000,0.743665
42,2025-07,31,1590994.655223,0.000000,65673.256021,1656667.911243,2174002.614639,2174002.614639,12168.290316,538888.631624,437006.333100,139469.346914,1944819.259517,3844.358883,0.830081,128,0.000000,0.757794
42,2025-08,31,1322033.459795,0.000000,104942.043384,1426975.503179,1872257.405278,1872257.405278,15517.608728,512049.239950,415849.872285,207462.782074,1584112.864267,2633.261188,0.786466,187,0.000000,0.755903
42,2025-09,30,1061461.311442,0.000000,91771.451592,1153232.763034,1670751.096129,1670751.096129,15986.824275,512645.303719,413030.988358,198739.737793,1388383.867250,5090.714137,0.720280,169,0.000000,0.683706
42,2025-10,31,1076716.053732,0.000000,30448.683595,1107164.737326,1754399.598946,1754399.598946,5633.087873,597644.417582,480397.183500,167651.861704,1475133.591033,9196.041628,0.720271,84,0.000000,0.629059
42,2025-11,30,1271634.674789,0.000000,18000.600929,1289635.275719,1962673.122912,1962673.122912,3364.825779,614386.120429,497591.683443,61271.103722,1787972.407983,9263.901743,0.761027,91,0.000000,0.655956
42,2025-12,31,1820519.484142,0.000000,59526.401467,1880045.885609,2523435.685458,2523435.685458,10841.758810,641678.416315,519594.420533,48156.512253,2364036.936233,9447.342501,0.861717,138,0.000000,0.741847
43,2025-02,28,1212338.804111,34003.657947,8976.773292,1255319.235350,1928618.129217,1874276.717096,1840.968845,586884.199242,475656.716689,51010.531321,1713879.672067,10488.316330,0.769571,42,70449.862437,0.669105
43,2025-03,31,1048172.142323,44176.260760,9974.691165,1102323.094249,1806652.861764,1762246.853601,2185.387096,639478.246140,518597.461465,117233.789555,1526317.666467,9799.336229,0.725533,30,89444.295554,0.624747
43,2025-04,30,850459.499276,36770.261602,5974.052563,893203.813441,1516629.662244,1496398.703954,1679.861539,598319.606110,484407.859596,166437.219979,1217729.599000,10056.026621,0.698846,30,63674.053014,0.596233
43,2025-05,31,867345.613130,32361.689327,21376.483489,921083.785946,1498878.871852,1475780.094167,4715.863951,572750.126969,469577.984824,190513.351007,1186810.464967,3777.824422,0.691200,65,65523.851232,0.622145
43,2025-06,30,1282381.196852,42710.539673,32857.528938,1357949.265463,1965533.209327,1911267.015347,6191.514572,519347.803406,419961.993333,68079.553663,1749993.166183,4566.410451,0.766276,68,87050.378385,0.708203
43,2025-07,31,1550814.872152,59705.392221,48970.483527,1659490.747899,2167524.650744,2149691.159089,9880.888131,547860.900252,445067.335919,111959.223371,1944819.259517,3121.958545,0.830081,114,90871.144191,0.768435
43,2025-08,31,1326873.158055,31129.071156,17928.269152,1375930.498363,1937931.776575,1892228.505442,3357.954976,536444.292096,435454.174547,210483.478603,1584112.864267,2083.849712,0.786466,57,70571.487234,0.725860
43,2025-09,30,1042750.832117,40165.727295,23076.824509,1105993.383922,1700803.879175,1659655.431225,4394.735524,543923.553442,437234.558420,168977.304477,1388383.867250,5798.871788,0.720280,57,81496.865718,0.664639
43,2025-10,31,1061443.541323,34755.748382,3349.720732,1099549.010437,1802757.544440,1735601.388301,720.034048,613349.478591,494046.460141,141884.812866,1475133.591033,8872.891252,0.720271,24,84182.286240,0.633264
43,2025-11,30,1245811.111270,46072.331943,6303.299816,1298186.743029,1982390.315579,1961542.667490,1285.619017,618705.352923,501105.063807,57255.589407,1787972.407983,8924.304653,0.761027,27,70217.370829,0.661386
43,2025-12,31,1776551.785765,50710.474442,33345.666843,1860607.927050,2554773.539881,2501192.760763,6555.772982,674013.056941,545265.694588,14964.235159,2364036.936233,9685.284135,0.861717,99,80215.048507,0.741944
