日期,分支,事件号,时间区间,紧急电量_kWh,紧急费_元,备注
2025-03-20,4-2,1,14:40–15:00,17.781768,77.926274,2 个连续时段
2025-03-20,4-2,2,15:20–17:30,566.796819,2526.983035,13 个连续时段
2025-03-20,4-2,3,17:50–18:00,53.207283,332.226278,1 个连续时段
2025-03-20,4-2,4,19:20–20:50,470.058473,2939.763226,9 个连续时段
2025-03-20,4-2,5,21:20–21:40,48.453666,241.981013,2 个连续时段
2025-03-20,4-3,1,09:00–10:00,549.420347,2870.891273,6 个连续时段
2025-06-21,4-2,1,05:40–05:50,26.637748,55.526386,1 个连续时段
2025-06-21,4-2,2,06:30–06:50,46.672400,138.680603,2 个连续时段
2025-06-21,4-2,3,07:00–07:20,72.646650,213.902403,2 个连续时段
2025-06-21,4-3,1,07:00–07:20,34.717290,100.493616,2 个连续时段
2025-09-23,4-2,—,—,0.000000,0.000000,无紧急购电，0 kWh
2025-09-23,4-3,—,—,0.000000,0.000000,无紧急购电，0 kWh
2025-12-21,4-2,—,—,0.000000,0.000000,无紧急购电，0 kWh
2025-12-21,4-3,1,08:00–08:10,43.107872,311.626807,1 个连续时段
