组别,实验,说明,分支,天数,计划费/元,调整费/元,紧急费/元,合计/元,末库存/kWh,紧急量/kWh,Σ|a−g|/kWh,LP次数,耗时/s,相对主方案/元,相对主方案/%
主方案,main42,4-2 主方案（波动价、四次价值更新、a≡g）,42,334,"13,481,788.221226",0.000000,"845,208.177476","14,326,996.398702","9,447.3425","132,195.4",0.000,2440,561.2,,
主方案,main43,4-3 主方案（波动价、0/6/12/18 四节点更新）,43,334,"12,718,807.745708","1,594,436.596263","178,088.498727","14,491,332.840698","1,200.0000","32,457.0","2,973,780.398",5724,1176.6,,
价格结构,fixed42,同一 4-2 策略栈改用附件一固定电价（规划/执行/结算同价；其余输入完全一致）,42,334,"12,800,295.658191",0.000000,"845,332.122069","13,645,627.780260","9,455.9200","135,401.0",0.000,2318,528.8,"-681,368.62",-4.756%
重计价-2,fixed42_repriced_act,固定价动作按附件四重计价（不动任何动作）,42,334,"13,514,034.616494",0.000000,"873,033.159563","14,387,067.776057","9,455.9200","135,401.0",0.000,0,0.0,"60,071.38",0.419%
价格结构,fixed43,同一 4-3 策略栈改用附件一固定电价（规划/执行/结算同价；其余输入完全一致）,43,334,"12,238,147.521376","1,153,091.059614","158,163.444904","13,549,402.025894","1,200.0000","28,542.8","2,479,062.582",5370,1147.3,"-941,930.81",-6.500%
重计价-3,fixed43_repriced_act,固定价动作按附件四重计价（不动任何动作）,43,334,"12,889,625.824775","1,221,644.896466","166,502.607588","14,277,773.328829","1,200.0000","28,542.8","2,479,062.582",0,0.0,"-213,559.51",-1.474%
价值更新频率,vn42_0,4-2 仅 0 时更新价值（对照主方案的四次更新）,42,334,"13,481,788.221226",0.000000,"845,208.177476","14,326,996.398702","9,447.3425","132,195.4",0.000,1438,358.4,0.00,0.000%
价值更新频率,vn43_0,4-3 仅 0 时更新价值并调整采购,43,334,"12,718,807.745708","1,594,436.596263","178,088.498727","14,491,332.840698","1,200.0000","32,457.0","2,973,780.398",5724,2622.2,0.00,0.000%
价值更新频率,vn43_06,4-3 于 0、6 时更新,43,334,"12,718,807.745708","1,594,436.596263","178,088.498727","14,491,332.840698","1,200.0000","32,457.0","2,973,780.398",5724,2626.2,0.00,0.000%
价值更新频率,vn43_0612,4-3 于 0、6、12 时更新,43,334,"12,718,807.745708","1,594,436.596263","178,088.498727","14,491,332.840698","1,200.0000","32,457.0","2,973,780.398",5724,2626.8,0.00,0.000%
价格模型,method42_ar1,4-2 换用 AR(1) 价格预报（同残差/情景/网格）,42,334,"13,482,255.457279",0.000000,"842,974.508298","14,325,229.965578","9,437.4829","131,763.6",0.000,2440,716.0,"-1,766.43",-0.012%
价格模型,method42_arx,4-2 换用 AR-X 价格预报（同残差/情景/网格）,42,334,"13,481,264.926397",0.000000,"845,869.688534","14,327,134.614931","9,447.3425","132,298.7",0.000,2442,711.6,138.22,0.001%
价格模型,method43_nlr,4-3 换用净负荷回归价格预报（同残差/情景/网格）,43,334,"12,725,519.640706","1,610,036.553099","175,726.130160","14,511,282.323965","1,200.0000","31,414.1","3,026,267.775",5723,2621.7,"19,949.48",0.138%
价格模型,method43_arx,4-3 换用 AR-X 价格预报（同残差/情景/网格）,43,334,"12,611,407.385721","1,724,544.320909","176,466.535970","14,512,418.242599","1,200.0000","32,076.2","3,108,040.219",5721,2616.9,"21,085.40",0.146%
展望,look42_dayend,4-2 展望改为截至当日结束（去跨日尾段）,42,334,"13,481,788.221226",0.000000,"845,208.177476","14,326,996.398702","9,447.3425","132,195.4",0.000,2440,1089.7,0.00,0.000%
价格信息,oracle42,4-2 价格先知参照（只提前给实际价，负荷/PV 规则不变；参照而非下界）,42,334,"13,373,967.257969",0.000000,"875,512.779663","14,249,480.037631","8,458.9274","136,016.5",0.000,2371,1993.3,"-77,516.36",-0.541%
情景数,M10,4-2 情景数 M=10（同一情景集合的前 10 条）,42,334,"13,498,657.626346",0.000000,"987,811.131611","14,486,468.757957","9,827.2782","155,875.5",0.000,2191,130.5,"159,472.36",1.113%
情景数,M20,4-2 情景数 M=20（同一情景集合的前 20 条）,42,334,"13,474,407.135926",0.000000,"874,144.808045","14,348,551.943970","9,659.7314","136,949.4",0.000,2349,306.9,"21,555.55",0.150%
网格,delta12,4-2 库存价值网格 δ=12 kWh,42,334,"13,481,788.221226",0.000000,"845,208.177476","14,326,996.398702","9,447.3425","132,195.4",0.000,2440,479.3,0.00,0.000%
网格,delta3,4-2 库存价值网格 δ=3 kWh,42,334,"13,481,788.221226",0.000000,"845,208.177476","14,326,996.398702","9,447.3425","132,195.4",0.000,2440,650.2,0.00,0.000%
网格,delta3_43,4-3 库存价值网格 δ=3 kWh（细化；与 4-2 的 delta3 同口径）,43,334,"12,718,807.745708","1,594,436.596263","178,088.498727","14,491,332.840698","1,200.0000","32,457.0","2,973,780.398",5724,1292.7,0.00,0.000%
终端价值,nu08,4-2 终端价值系数 ν×0.8,42,334,"13,477,442.720312",0.000000,"877,275.761799","14,354,718.482111","1,365.5514","139,224.9",0.000,2560,717.5,"27,722.08",0.193%
终端价值,nu12,4-2 终端价值系数 ν×1.2,42,334,"13,539,433.286576",0.000000,"846,491.945480","14,385,925.232056","9,876.4021","132,381.8",0.000,2341,547.0,"58,928.83",0.411%
价格缩放,scale05,4-2 共同价格与续存系数同时 ×0.5,42,334,"6,740,894.110613",0.000000,"422,604.088738","7,163,498.199351","9,447.3425","132,195.4",0.000,2440,582.3,"-7,163,498.20",-50.000%
价格缩放,scale2,4-2 共同价格与续存系数同时 ×2,42,334,"26,963,576.442451",0.000000,"1,690,416.354952","28,653,992.797403","9,447.3425","132,195.4",0.000,2440,564.1,"14,326,996.40",100.000%
事后下界,offline,离线 LP 自由终态（弱下界）,42,334,"12,779,221.237108",0.000000,0.000000,"12,779,221.237108","1,200.0000",0.0,0.000,1,2.2,"-1,547,775.16",-10.803%
事后下界,offline_fe42,离线 LP 同终态 @4-2 末库存,42,334,"12,783,040.440325",0.000000,0.000000,"12,783,040.440325","9,447.3425",0.0,0.000,1,2.2,"-1,543,955.96",-10.777%
事后下界,offline_fe43,离线 LP 同终态 @4-3 末库存,42,334,"12,779,221.237108",0.000000,0.000000,"12,779,221.237108","1,200.0000",0.0,0.000,1,2.2,"-1,547,775.16",-10.803%
