列号,列字母,官方表头原文,对应时段序,时段起,时段止
2,B,00:10:00,1,0:00,0:10
3,C,00:20:00,2,0:10,0:20
4,D,00:30:00,3,0:20,0:30
5,E,00:40:00,4,0:30,0:40
6,F,00:50:00,5,0:40,0:50
7,G,01:00:00,6,0:50,1:00
8,H,01:10:00,7,1:00,1:10
9,I,01:20:00,8,1:10,1:20
10,J,01:30:00,9,1:20,1:30
11,K,01:40:00,10,1:30,1:40
12,L,01:50:00,11,1:40,1:50
13,M,02:00:00,12,1:50,2:00
14,N,02:10:00,13,2:00,2:10
15,O,02:20:00,14,2:10,2:20
16,P,02:30:00,15,2:20,2:30
17,Q,02:40:00,16,2:30,2:40
18,R,02:50:00,17,2:40,2:50
19,S,03:00:00,18,2:50,3:00
20,T,03:10:00,19,3:00,3:10
21,U,03:20:00,20,3:10,3:20
22,V,03:30:00,21,3:20,3:30
23,W,03:40:00,22,3:30,3:40
24,X,03:50:00,23,3:40,3:50
25,Y,04:00:00,24,3:50,4:00
26,Z,04:10:00,25,4:00,4:10
27,AA,04:20:00,26,4:10,4:20
28,AB,04:30:00,27,4:20,4:30
29,AC,04:40:00,28,4:30,4:40
30,AD,04:50:00,29,4:40,4:50
31,AE,05:00:00,30,4:50,5:00
32,AF,05:10:00,31,5:00,5:10
33,AG,05:20:00,32,5:10,5:20
34,AH,05:30:00,33,5:20,5:30
35,AI,05:40:00,34,5:30,5:40
36,AJ,05:50:00,35,5:40,5:50
37,AK,06:00:00,36,5:50,6:00
38,AL,06:10:00,37,6:00,6:10
39,AM,06:20:00,38,6:10,6:20
40,AN,06:30:00,39,6:20,6:30
41,AO,06:40:00,40,6:30,6:40
42,AP,06:50:00,41,6:40,6:50
43,AQ,07:00:00,42,6:50,7:00
44,AR,07:10:00,43,7:00,7:10
45,AS,07:20:00,44,7:10,7:20
46,AT,07:30:00,45,7:20,7:30
47,AU,07:40:00,46,7:30,7:40
48,AV,07:50:00,47,7:40,7:50
49,AW,08:00:00,48,7:50,8:00
50,AX,08:10:00,49,8:00,8:10
51,AY,08:20:00,50,8:10,8:20
52,AZ,08:30:00,51,8:20,8:30
53,BA,08:40:00,52,8:30,8:40
54,BB,08:50:00,53,8:40,8:50
55,BC,09:00:00,54,8:50,9:00
56,BD,09:10:00,55,9:00,9:10
57,BE,09:20:00,56,9:10,9:20
58,BF,09:30:00,57,9:20,9:30
59,BG,09:40:00,58,9:30,9:40
60,BH,09:50:00,59,9:40,9:50
61,BI,10:00:00,60,9:50,10:00
62,BJ,10:10:00,61,10:00,10:10
63,BK,10:20:00,62,10:10,10:20
64,BL,10:30:00,63,10:20,10:30
65,BM,10:40:00,64,10:30,10:40
66,BN,10:50:00,65,10:40,10:50
67,BO,11:00:00,66,10:50,11:00
68,BP,11:10:00,67,11:00,11:10
69,BQ,11:20:00,68,11:10,11:20
70,BR,11:30:00,69,11:20,11:30
71,BS,11:40:00,70,11:30,11:40
72,BT,11:50:00,71,11:40,11:50
73,BU,12:00:00,72,11:50,12:00
74,BV,12:10:00,73,12:00,12:10
75,BW,12:20:00,74,12:10,12:20
76,BX,12:30:00,75,12:20,12:30
77,BY,12:40:00,76,12:30,12:40
78,BZ,12:50:00,77,12:40,12:50
79,CA,13:00:00,78,12:50,13:00
80,CB,13:10:00,79,13:00,13:10
81,CC,13:20:00,80,13:10,13:20
82,CD,13:30:00,81,13:20,13:30
83,CE,13:40:00,82,13:30,13:40
84,CF,13:50:00,83,13:40,13:50
85,CG,14:00:00,84,13:50,14:00
86,CH,14:10:00,85,14:00,14:10
87,CI,14:20:00,86,14:10,14:20
88,CJ,14:30:00,87,14:20,14:30
89,CK,14:40:00,88,14:30,14:40
90,CL,14:50:00,89,14:40,14:50
91,CM,15:00:00,90,14:50,15:00
92,CN,15:10:00,91,15:00,15:10
93,CO,15:20:00,92,15:10,15:20
94,CP,15:30:00,93,15:20,15:30
95,CQ,15:40:00,94,15:30,15:40
96,CR,15:50:00,95,15:40,15:50
97,CS,16:00:00,96,15:50,16:00
98,CT,16:10:00,97,16:00,16:10
99,CU,16:20:00,98,16:10,16:20
100,CV,16:30:00,99,16:20,16:30
101,CW,16:40:00,100,16:30,16:40
102,CX,16:50:00,101,16:40,16:50
103,CY,17:00:00,102,16:50,17:00
104,CZ,17:10:00,103,17:00,17:10
105,DA,17:20:00,104,17:10,17:20
106,DB,17:30:00,105,17:20,17:30
107,DC,17:40:00,106,17:30,17:40
108,DD,17:50:00,107,17:40,17:50
109,DE,18:00:00,108,17:50,18:00
110,DF,18:10:00,109,18:00,18:10
111,DG,18:20:00,110,18:10,18:20
112,DH,18:30:00,111,18:20,18:30
113,DI,18:40:00,112,18:30,18:40
114,DJ,18:50:00,113,18:40,18:50
115,DK,19:00:00,114,18:50,19:00
116,DL,19:10:00,115,19:00,19:10
117,DM,19:20:00,116,19:10,19:20
118,DN,19:30:00,117,19:20,19:30
119,DO,19:40:00,118,19:30,19:40
120,DP,19:50:00,119,19:40,19:50
121,DQ,20:00:00,120,19:50,20:00
122,DR,20:10:00,121,20:00,20:10
123,DS,20:20:00,122,20:10,20:20
124,DT,20:30:00,123,20:20,20:30
125,DU,20:40:00,124,20:30,20:40
126,DV,20:50:00,125,20:40,20:50
127,DW,21:00:00,126,20:50,21:00
128,DX,21:10:00,127,21:00,21:10
129,DY,21:20:00,128,21:10,21:20
130,DZ,21:30:00,129,21:20,21:30
131,EA,21:40:00,130,21:30,21:40
132,EB,21:50:00,131,21:40,21:50
133,EC,22:00:00,132,21:50,22:00
134,ED,22:10:00,133,22:00,22:10
135,EE,22:20:00,134,22:10,22:20
136,EF,22:30:00,135,22:20,22:30
137,EG,22:40:00,136,22:30,22:40
138,EH,22:50:00,137,22:40,22:50
139,EI,23:00:00,138,22:50,23:00
140,EJ,23:10:00,139,23:00,23:10
141,EK,23:20:00,140,23:10,23:20
142,EL,23:30:00,141,23:20,23:30
143,EM,23:40:00,142,23:30,23:40
144,EN,23:50:00,143,23:40,23:50
145,EO,0:00+1,144,23:50,0:00
146,EP,全天购电量,,,
147,EQ,全天购电费,,,
