编号,检查,结果,说明
A01,附件四日期与时段索引,PASS,365 天连续且无重复；144 段起点 10 分钟等差、终点=起点+10；首/末 2025-01-01/2025-12-31
A01,第二问矩阵日期与评分窗,PASS,365 天；评分日索引 31..364（334 天）
A01,4-2 评分期 334 天 × 144 段且无缺失,PASS,334 天 × 144 段；NaN/Inf = False
A01,4-3 评分期 334 天 × 144 段且无缺失,PASS,"334 天；形状 (334, 144)"
A02,实际价矩阵逐值等于附件四原始文件,PASS,"独立重读 附件4.xlsx Sheet1：形状 (365, 144)，逐值最大差 0.000e+00 元/kWh"
A02,价格有限且严格为正,PASS,min/max = 0.007600/1.793600 元/kWh；非正价 0 个
A02,kW→kWh 只乘一次 Δt,PASS,Δt = 0.166666666667 h；max|N − (L−PV)Δt| = 2.274e-13 kWh（未二次乘 Δt）
A02,4-2 净负荷与价格与独立来源逐值一致,PASS,max|N−N_附件二| = 0.000e+00 kWh；max|c−c_附件四| = 0.000e+00 元/kWh
A02,附件三原始表 → 张量逐值一致（365×4×24，独立重解析）,PASS,"独立重读 附件3.xlsx (1460, 26)：每 (日,τ) 恰 1 行；max|V_raw − 独立解析| = 0.000e+00 kW"
A02,附件三 10 min 展开规则与能量守恒（分段常数、每小时 6 段同值）,PASS,max|V_win_10min_kw − 分段常数(V_raw)| = 0.000e+00 kW；kWh = kW×Δt 最大差 0.000e+00 kWh；每小时 6 段能量 vs 原始小时值最大差 1.819e-12 kWh
A02,附件三窗口与全局时段对齐（lead k ↔ 绝对小时 (τ+k)，跨日记次日）,PASS,"对照附件二实际光伏：MAE(采用 τ+k) = 354.48 kW < MAE(τ+k+1) = 447.25 kW；据此 `V_win_10min_kwh[d,τ,h]` 即全局时段 d×144 + 36τ + h 的光伏，04 号脚本原样引用该键、不再平移"
A02,τ=0 口径年度发电量可独立复算（不四倍重复计数）,PASS,附件三 τ=0 全年 2001.51 万 kWh；附件二实际 2025.12 万 kWh；比值 0.9883
A03,"情景库可用展望 = min(24 h 窗, 数据终点截断)（输入侧口径）",PASS,"情景库对除 12/31 外全年 4 节点均给出 144 段（24 h 窗，可跨次日取值）；12/31 依次 [144, 108, 72, 36]；取值集合 [36, 72, 108, 144]。⚠️ 正式运行的**决策**展望另有日末截断（见下一条）"
A03,"决策展望 = min(库内可用, 当日剩余段数)；原点 = 节点全局时段号；无跨日 tail 节点",PASS,"1336 个节点：H 取值集合 [36, 72, 108, 144]（18 时节点 144→36、库内 12/31 截断仍生效）；原点取值集合 [0, 36, 72, 108]；tail 节点 0 个；异常 0 项"
A03,七天均值水平可独立复算（全部 365 天 × 4 节点）,PASS,max|level − mean(前 7 已实现日均价)| = 0.000e+00 元/kWh（仅用 d 之前的信息）
A03,节点净负荷特征只用「已观测 + 当时预报」,PASS,max|nhat − (已观测前缀 + 预报后缀)| = 5.821e-11 kWh；ti=0 全天用日前预报，ti>0 已过时段改用实测
A03,预测快照可追溯（5 种方法均落盘）,PASS,prev_day/mean7/ar1/net_load_regression/arx 的 base/corr/level/rho 均在快照内
A03,采用方法与预注册配置一致,PASS,4-2 → net_load_regression；4-3 → ar1
A05,4-2 全日 a ≡ g（不借规划加购电）,PASS,max|a−g| = 0.000e+00 kWh
A05,4-3 冻结首个采购更新前的已执行量、原始 g 不变,PASS,首 36 段 max|a−g| = 0.000e+00 kWh；全天 max|a−g| = 1048.5330 kWh（更新仅改后续时段）
A05,4-2 主链路结构上不接附件三数据入口,PASS,源码扫描（ATTACHMENT3_PATH / A3_FORECAST_NPZ）：无命中
A06,热启动可复算且计划输入等于真实库存,PASS,WARMUP：E_init = 6000.0000 → E(2/1) = 10800.0000 kWh（= 安全上限 10800）
A06,库存链由充放电独立递推复算一致（4-2）,PASS,335 点；max|E_链 − 递推| = 9.368e-11 kWh；E(2/1) = 10800.0000，E(12/31) = 9447.3425 kWh
A06,库存链由充放电独立递推复算一致（4-3）,PASS,335 点；max|E_链 − 递推| = 7.640e-11 kWh；E(12/31) = 9685.2841 kWh
A07,4-2 逐时段能量平衡 a+b+D−C−U = N,PASS,48096 段最大绝对残差 1.137e-13 kWh
A07,4-3 逐时段能量平衡 a+b+D−C−U = N,PASS,48096 段最大绝对残差 1.705e-13 kWh
A08,4-2 库存/功率/非负约束与执行层充放互斥,PASS,"E ∈ [1200.00, 10800.00] ⊂ [1200, 10800]；max C/D = 833.3333/833.3333 ≤ 833.3333 kWh；Σmin(C,D) = 0.000e+00 kWh"
A08,4-2 无「紧急购电为电池充电」,PASS,"全期 Σmin(b,C) = 0.000e+00 kWh"
A08,4-3 库存/功率/非负约束与执行层充放互斥,PASS,"E ∈ [1200.00, 10800.00] ⊂ [1200, 10800]；max C/D = 833.3333/833.3333 ≤ 833.3333 kWh；Σmin(C,D) = 0.000e+00 kWh"
A08,4-3 无「紧急购电为电池充电」,PASS,"全期 Σmin(b,C) = 0.000e+00 kWh"
A09,4-2 逐日账单定义式复算一致（独立公式 + 回读数据）,PASS,"334 天最大差 0.000e+00 元（容差 1.424e-03）；年度合计复算 14,240,625.708156 元"
A09,4-2 四项明细与账单闭合,PASS,max|计划+调整+紧急 − 账单| = 0.000e+00 元
A09,4-3 四段定义式 ≡ 等价式 $\sum c\{a+0.5|a−g|+5b\}$,PASS,逐日最大差 1.455e-11 元
A09,4-3 逐日账单定义式复算一致（独立公式 + 回读数据）,PASS,"334 天最大差 0.000e+00 元（容差 1.393e-03）；年度合计复算 13,929,637.505149 元"
A09,4-3 四项明细与账单闭合,PASS,max|计划+调整+紧急 − 账单| = 1.455e-11 元
A09,月/年聚合与逐日求和闭合（4-2）,PASS,"Σ月 = 14,240,625.708156 vs 逐年 = 14,240,625.708156 元"
A10,单时段动作是「含当期价」目标的全网格最优,PASS,"固定 (Hbar_next, E) 后，执行器返回解与暴力枚举最优值最大差 9.095e-13 元（12 个 (E, r) × 4 个价格 = 48 个测试点）"
A10,当期价确实进入本期最优化（不以动作必变为判据）,PASS,23 个测试点出现紧急购电；忽略当期价的「单纯最小化未来价值」规则在其中 9 个点上明显更差（最大差 6614.77 元）⇒ 当期价项已进入本时段最优化。动作取值 11 种，仅作观察，不作为判据（§13）
A04,4-2 未来实际价/净负荷/未发布预报扰动后当日决策不变,PASS,扰动 d>171（2025-06-22 起）的价格×3、净负荷×0.5、情景×3 后，171 日 g/a/b/C/D/U 最大变化 0.000e+00；与主档同窗最大差 0.000e+00
A04,4-2 扰动后次日信息已可见、允许变化,PASS,两日同跑：第 1 日计划最大变化 0.000e+00 kWh（仍不变）；第 2 日与主档一致 0.000e+00 kWh
A04,4-3 未来实际价/净负荷/未发布预报扰动后当日决策不变,PASS,扰动 d>171（2025-06-22 起）的价格×3、净负荷×0.5、情景×3 后，171 日 g/a/b/C/D/U 最大变化 0.000e+00；与主档同窗最大差 0.000e+00
A04,4-3 扰动后次日信息已可见、允许变化,PASS,两日同跑：第 1 日计划最大变化 0.000e+00 kWh（仍不变）；第 2 日与主档一致 0.000e+00 kWh
A04,预处理层输入量纲自洽（N=L−PV、N̂=L̂−V̂）,PASS,max|N−(L−PV)| = 0.000e+00 kWh；max|N̂−(L̂−V̂)| = 0.000e+00 kWh
A04,预处理层从原始输入重建＝正式产物（不读磁盘中间成品）,PASS,重建 净负荷特征/价格预测(2 方法)/365×4×2 节点情景 后与正式产物最大差 0.000e+00（最差点 nhat；nhat 0.000e+00；重建耗时 1.4 s）
A04,预处理层：未来扰动后过去节点预测/情景逐位不变（含 1 ULP 余量）,PASS,扰动 d ≥ 172（2025-06-22 起）的实际价×3+0.2、实际负荷/光伏/净负荷×0.5、未发布预报×0.5 后：净负荷特征（d ≤ 171）、价格预测 chat_base/chat_corr/level/ρ_p（d ≤ 171）、价格情景/基准价/窗口序号/情景数（d ≤ 171）、净负荷情景（d ≤ 170）最大变化 0.000e+00（最差点 nhat；阈 1e-9 为机器精度余量）
A04,预处理层：扰动确实已生效（正向对照，非空测试）,PASS,同一扰动在 d = 172 节点上引起的价格情景/净负荷情景/基准预测变化最小 2.310e+00、最大 5.378e+02（43.N_scen）⇒ 扰动未被静默忽略；`origin` 为已闭合窗口序号，与取值无关故不变
A04,"预处理层：边界节点 (D0, τ=18 h) 只读已发布预报",PASS,"节点 (2025-06-21, τ=18 h) 的 24 h 展望跨入次日、故合法读取次日**预报**：仅扰动 d ≥ 172 的**实际**量（价格/负荷/光伏/净负荷）时其净负荷情景变化 0.000e+00 kWh（应严格为 0）；仅扰动 d ≥ 172 的**预报**量（L̂/V̂/N̂/附件三）时变化 6.004e+02 kWh（应显著）⇒ 边界节点读取的是当时已发布预报，而非未来实际量"
A04,净负荷特征在 τ=12 h 处的信息截断正确,PASS,节点后（t ≥ 72 段）的**实际**净负荷 ×10 不改变特征（差 7.276e-12 kWh，阈 1e-6；残余 1 ULP 量级差异来自 numpy 对**列主序**数组的列切片归约，见下方说明，非前视）；节点前实际 ×10 改变 6.169e+04、节点后**预测** ×10 改变 1.423e+05
A04,（说明）列主序数组列切片归约的 1 ULP 差异已定位，不影响结论,PASS,"`net_load_feature` 对**(365,144) 列主序（F 序）** 数组取 `Na[:, :k0]` 后 `sum(axis=1)`，numpy 2.4.6 的向量化归约结果会受同一行**切片之外**（右侧列）取值影响，实测最大 ~3e-11 kWh（相对 ~1e-15）；显式逐元素求和不受影响，C 序数组亦不受影响。故本报告凡「逐位不变」类断言均留 1 ULP 余量（阈 1e-9），并在口径说明中同时提示：**机器精度级舍入差异不等于数值结论变化**。"
A11,4-2 LP 全部取得最优解（无静默回退）,PASS,状态码集合 [0]；LP 次数 2440；被执行的段数 48096 = 48096
A11,4-2 运行日志无异常终止（Traceback/ERROR）,PASS,06_4-2运行日志.txt：命中 0 处；LP 静默回退已由上一判据覆盖
A11,4-2 日志自检未通过项与报告披露逐条一致,PASS,06_4-2运行日志.txt 中 [FAIL] 0 处 vs 第四问_4-2结果报告.md 中 FAIL 行 0 处；一致即表示未通过项均已披露（≠ 该项通过）
A11,4-3 LP 全部取得最优解（无静默回退）,PASS,状态码集合 [0]；LP 次数 4998；被执行的段数 48096 = 48096
A11,4-3 运行日志无异常终止（Traceback/ERROR）,PASS,07_4-3运行日志.txt：命中 0 处；LP 静默回退已由上一判据覆盖
A11,4-3 日志自检未通过项与报告披露逐条一致,PASS,07_4-3运行日志.txt 中 [FAIL] 1 处 vs 第四问_4-3结果报告.md 中 FAIL 行 1 处；一致即表示未通过项均已披露（≠ 该项通过）
A11,第四问_4-2节点诊断.csv（1336 节点）无跳过、未收敛节点均已显式 pin,PASS,跳过 0 个；一致性界迭代未收敛 97 个，其中未被 pin 标记的 0 个（应为 0）；固定 a 重解（pinned）97 个；一致性界最大违背 5.289e-11 kWh；节点数 1336 = 4×天数
A11,第四问_4-2节点诊断.csv 跨期一致性退化幅度可解释且公开,PASS,"非 pinned 节点 max Σmin(C,D) = 0.000e+00 kWh（应严格为 0）；pinned 节点 97 个（τ=['0'] 日前规划节点），其中 Σmin(C,D) > 0 的 0 个、相对幅度最大 0.000e+00（超过 0.001 的 0 个）、绝对最大 0 kWh（诊断表按 4 位有效数字存盘；Σmin(C,D) 为跨 M 情景求和量，故 07 档该节点实际内存值可取 绝对量 ÷ M 量级估计）；退化属等价最优，执行层 Σmin(C,D) = 0"
A11,第四问_4-3节点诊断.csv（1336 节点）无跳过、未收敛节点均已显式 pin,PASS,跳过 0 个；一致性界迭代未收敛 139 个，其中未被 pin 标记的 0 个（应为 0）；固定 a 重解（pinned）139 个；一致性界最大违背 4.798e-11 kWh；节点数 1336 = 4×天数
A11,第四问_4-3节点诊断.csv 跨期一致性退化幅度可解释且公开,PASS,"非 pinned 节点 max Σmin(C,D) = 0.000e+00 kWh（应严格为 0）；pinned 节点 139 个（τ=['0', '12', '6'] 日前规划节点），其中 Σmin(C,D) > 0 的 0 个、相对幅度最大 0.000e+00（超过 0.001 的 0 个）、绝对最大 0 kWh（诊断表按 4 位有效数字存盘；Σmin(C,D) 为跨 M 情景求和量，故 07 档该节点实际内存值可取 绝对量 ÷ M 量级估计）；退化属等价最优，执行层 Σmin(C,D) = 0"
A12,4-2 同一入口 + 同配置 ⇒ 逐值一致,PASS,独立重跑 2025-06-20..06-22：g/a/b/C/D/U 最大差 0.000e+00，账单最大差 0.000e+00 元
A12,4-3 同一入口 + 同配置 ⇒ 逐值一致,PASS,独立重跑 2025-06-20..06-22：g/a/b/C/D/U 最大差 0.000e+00，账单最大差 0.000e+00 元
A12,运行类与读档类脚本共用同一入口/同一归档,PASS,06/07/09 均经 run_policy4；10/11/12 只读 BACKTEST_42_NPZ 归档（一致）；重跑复算逐值一致见上条
A13,4-2 表头/工作表名/日期列与模板一致,PASS,"工作表 ['计划购电量', '充放电量', '紧急购电量']；147 列表头文字全等；日期列 334 行全等"
A13,4-2 全部数据格回读等于内存轨迹,PASS,购电量逐值最大差 4.547e-13 kWh；费用最大差 7.276e-12 元；充放块/储电量/事件合计最大差 8.731e-11 kWh
A13,4-3 表头/工作表名/日期列与模板一致,PASS,"工作表 ['计划购电量', '调整购电量', '充放电量', '紧急购电量']；147 列表头文字全等；日期列 334 行全等"
A13,4-3 全部数据格回读等于内存轨迹,PASS,购电量逐值最大差 4.547e-13 kWh；费用最大差 7.276e-12 元；充放块/储电量/事件合计最大差 5.457e-12 kWh
A14,4-2 实际账单 = 计划 + 调整 + 紧急，且不含 $-\nu E_{end}$,PASS,"独立复算 14,240,625.708156 元 = 13,481,688.529548+0.000000+758,937.178608；期初 10800.0000 kWh（与热启动一致）、期末 9447.3425 kWh，期末残值 $\nu E_{end}=4,549.35$ 元未计入账单"
A14,4-3 实际账单 = 计划 + 调整 + 紧急，且不含 $-\nu E_{end}$,PASS,"独立复算 13,929,637.505149 元 = 13,264,942.556373+452,561.154750+212,133.794026；期初 10800.0000 kWh（与热启动一致）、期末 9685.2841 kWh，期末残值 $\nu E_{end}=4,663.93$ 元未计入账单"
A15,共享原始/只读来源指纹完整,PASS,"第四问_来源指纹.csv：13 项，含 ['附件1.xlsx', '附件2.xlsx', '附件3.xlsx', '附件4.xlsx']"
A15,数据文件字面量均指向正式来源,PASS,扫描 18 个源文件中的数据文件字面量；未命中历史中间结果/参考值路径
A15,source_mode = real（不使用 stub 数据源）,PASS,配置 source_mode = real；原始价矩阵与附件四逐值一致见 A02
A15,不写入第三题目录（只读快照）,PASS,写操作与 REF_Q3_DIR 同现：无
A15,第二问只读来源指向正式目录,PASS,REF_Q2_MATRIX_NPZ = …/第二问最终版/处理后数据/附件二_矩阵数据.npz
A16,网格/情景数/随机种子已记录,PASS,δ = 6.000 kWh（配置 6.0）；M_max = 30（配置 30）；seed = 20260912（配置 20260912）
A16,消融 CSV 与当前官方账单同口径（未引用不同基准数字）,N/A,"消融 CSV 主方案行 14,326,996.398702 元 ≠ 当前官方 4-2 年度账单 14,240,625.708156 元，二者基准不同；其派生的 `模型结果图/第四问_图6_*.csv` 同源。故整组 A16 敏感性判据不作为证据（缺当前证据不记为 PASS，也不记为 FAIL）。"
A16,网格细化 δ=6→3 后结论不变（阈值 1.000%）（依赖 09 消融）,N/A,消融 CSV 与当前官方账单基准不同；该项未重跑（单线程 4~5 h），故该判据不作为证据（缺当前证据不记为 PASS，也不记为 FAIL）
A16,情景数粗化至 2/3（M20）后结论不变（阈值 1.000%）（依赖 09 消融）,N/A,消融 CSV 与当前官方账单基准不同；该项未重跑（单线程 4~5 h），故该判据不作为证据（缺当前证据不记为 PASS，也不记为 FAIL）
A16,情景数极值粗化敏感性已如实记录（情景数不宜少于 20）（依赖 09 消融）,N/A,消融 CSV 与当前官方账单基准不同；该项未重跑（单线程 4~5 h），故该判据不作为证据（缺当前证据不记为 PASS，也不记为 FAIL）
A16,4-3 网格细化 δ=6→3 后结论不变（阈值 1.000%）（依赖 09 消融）,N/A,消融 CSV 与当前官方账单基准不同；该项未重跑（单线程 4~5 h），故该判据不作为证据（缺当前证据不记为 PASS，也不记为 FAIL）
