date,tau,M,fun_old,fun_new,accepted,d_a_l1,d_a_max,iters_old,iters_new,converged_new
2025-02-01,6,19,11866.111590,11738.197069,1,1547.112058,491.093170,1,1,1
2025-02-01,12,19,10202.143879,10135.187209,1,1142.138692,491.093170,1,1,1
2025-02-01,18,19,2968.266783,2968.266783,1,0.000000,0.000000,1,1,1
2025-02-02,6,20,40252.542164,40216.021665,1,1545.303854,173.607083,1,2,1
2025-02-02,12,20,28205.133719,28207.780699,0,0.000000,0.000000,1,1,1
2025-02-02,18,20,12006.554557,12006.554557,1,0.000000,0.000000,1,1,1
2025-02-03,6,21,47242.817191,47090.582111,1,3199.427226,602.035913,1,3,1
2025-02-03,12,21,32944.188156,33019.054467,0,0.000000,0.000000,1,2,1
2025-02-03,18,21,12012.053888,12012.053888,1,0.000000,0.000000,1,1,1
2025-02-04,6,22,50771.832916,50613.662682,1,2461.882960,190.464002,1,2,1
2025-02-04,12,22,36597.627833,35606.012840,1,4227.772179,916.788644,1,2,1
2025-02-04,18,22,11821.939069,11821.939069,1,0.000000,0.000000,1,1,1
2025-02-05,6,23,48822.755100,48741.842149,1,395.055544,138.761398,1,2,1
2025-02-05,12,23,33234.467198,33240.010646,0,0.000000,0.000000,1,1,1
2025-02-05,18,23,11473.528428,11473.528428,1,0.000000,0.000000,1,1,1
2025-02-06,6,24,50159.368723,49802.833058,1,4081.574698,552.001476,1,3,1
2025-02-06,12,24,35841.125557,34613.194351,1,5182.054291,887.631830,1,2,1
2025-02-06,18,24,12281.181732,12281.181732,1,0.000000,0.000000,1,1,1
2025-02-07,6,25,12850.129712,12808.904553,1,1116.318426,441.246132,1,1,1
2025-02-07,12,25,10645.200236,10330.414599,1,2060.089555,491.627961,1,1,1
2025-02-07,18,25,3163.681023,3163.681023,1,0.000000,0.000000,1,1,1
2025-02-08,6,26,9774.266899,9768.872178,1,73.525471,45.162269,1,1,1
2025-02-08,12,26,8645.043222,8645.043222,1,0.000000,0.000000,1,1,1
2025-02-08,18,26,3903.510875,3903.510875,1,0.000000,0.000000,1,1,1
2025-02-09,6,27,41605.623738,41607.643670,0,0.000000,0.000000,1,1,1
2025-02-09,12,27,27629.441343,27550.379867,1,738.831725,625.857477,1,2,1
2025-02-09,18,27,10763.132302,10763.132302,1,0.000000,0.000000,1,1,1
2025-02-10,6,28,41710.891314,40516.362257,1,6448.400064,790.986018,1,4,0
2025-02-10,12,28,31248.161143,31256.819439,0,0.000000,0.000000,1,1,1
2025-02-10,18,28,11130.234726,11130.234726,1,0.000000,0.000000,1,1,1
2025-02-11,6,29,42129.552384,41574.628122,1,3430.524437,399.602511,1,2,1
2025-02-11,12,29,32661.165183,32061.095352,1,3506.151925,500.014066,1,2,1
2025-02-11,18,29,11843.419906,11843.419906,1,0.000000,0.000000,1,1,1
2025-02-12,6,30,42937.457972,42198.102726,1,4573.678116,778.061529,1,2,1
2025-02-12,12,30,31152.741478,31115.729758,1,807.648710,95.981229,1,2,1
2025-02-12,18,30,11971.433679,11971.433679,1,0.000000,0.000000,1,1,1
2025-02-13,6,30,37337.705026,36602.949919,1,2975.894895,761.354969,1,2,1
2025-02-13,12,30,28732.803807,28601.172697,1,246.439268,229.222835,1,1,1
2025-02-13,18,30,11233.378299,11233.378299,1,0.000000,0.000000,1,1,1
2025-02-14,6,30,8788.799077,8543.888848,1,272.426930,70.441500,1,1,1
2025-02-14,12,30,8539.539624,8239.298650,1,322.875805,64.689148,1,1,1
2025-02-14,18,30,3382.274602,3382.274602,1,0.000000,0.000000,1,1,1
2025-02-15,6,30,7391.219580,7228.780881,1,546.298780,104.579536,1,1,1
2025-02-15,12,30,7221.596563,7128.738901,1,351.469075,68.633927,1,1,1
2025-02-15,18,30,3129.026039,3129.026039,1,0.000000,0.000000,1,1,1
2025-02-16,6,30,36028.002674,34147.252439,1,6019.209153,838.421825,1,2,1
2025-02-16,12,30,26628.209550,25486.041324,1,3391.073038,848.772951,1,2,1
2025-02-16,18,30,13607.883830,12116.426608,1,553.747673,518.128014,1,1,1
2025-02-17,6,30,40574.015699,38242.546979,1,6625.434844,755.191231,1,2,1
2025-02-17,12,30,28954.211555,27410.846265,1,4992.689216,779.087834,1,2,1
2025-02-17,18,30,11121.454929,11121.166231,1,2.875269,2.875269,1,1,1
2025-02-18,6,30,36165.751482,35914.813175,1,515.466332,147.645355,1,4,0
2025-02-18,12,30,26086.317807,26089.891416,0,0.000000,0.000000,1,1,1
2025-02-18,18,30,11360.695263,11360.695263,1,0.000000,0.000000,1,1,1
2025-02-19,6,30,35414.366006,35417.719801,0,0.000000,0.000000,1,2,1
2025-02-19,12,30,31610.742743,28626.919775,1,1843.291366,681.869718,1,2,1
2025-02-19,18,30,11170.234506,11126.617072,1,362.019729,333.104276,1,1,1
2025-02-20,6,30,37756.772599,36996.138520,1,2171.816698,549.486216,1,2,1
2025-02-20,12,30,26940.886561,26541.185801,1,1604.993326,449.400392,1,2,1
2025-02-20,18,30,11558.314575,11526.979832,1,273.365487,224.544001,1,1,1
2025-02-21,6,30,7508.619122,7508.619122,1,0.000000,0.000000,1,1,1
2025-02-21,12,30,7249.684597,7249.684597,1,0.000000,0.000000,1,1,1
2025-02-21,18,30,3163.605701,3163.605701,1,0.000000,0.000000,1,1,1
2025-02-22,6,30,7231.834332,7214.247249,1,110.578305,47.017565,1,2,1
2025-02-22,12,30,6568.383827,6568.383827,1,0.000000,0.000000,1,1,1
2025-02-22,18,30,3284.561757,3284.561757,1,0.000000,0.000000,1,1,1
2025-02-23,6,30,32467.314559,32325.081201,1,694.049456,198.672916,1,2,1
2025-02-23,12,30,25092.969959,24268.494517,1,2687.529293,461.166944,1,2,1
2025-02-23,18,30,12146.000384,12146.000384,1,0.000000,0.000000,1,1,1
2025-02-24,6,30,35114.703402,34941.717361,1,413.780211,169.162945,1,4,1
2025-02-24,12,30,26738.013524,26193.088167,1,1768.081963,276.468750,1,2,1
2025-02-24,18,30,12106.342327,12085.936502,1,231.096657,180.381135,1,1,1
2025-02-25,6,30,34429.860838,33965.300865,1,1392.575813,458.432658,1,2,1
2025-02-25,12,30,25555.679679,24411.424095,1,4252.987354,773.171136,1,3,1
2025-02-25,18,30,12173.455566,12138.769617,1,355.099701,292.143889,1,1,1
2025-02-26,6,30,32840.771768,31973.196981,1,1323.532892,353.651186,1,4,0
2025-02-26,12,30,32323.875030,27518.692500,1,2448.879233,654.128222,1,2,1
2025-02-26,18,30,12028.382740,12000.238718,1,334.454092,285.524275,1,1,1
2025-02-27,6,30,31607.900335,31608.260674,0,0.000000,0.000000,1,1,1
2025-02-27,12,30,24851.039708,24718.732723,1,299.228301,216.957555,1,1,1
2025-02-27,18,30,12193.522170,12160.748550,1,426.098111,312.505550,1,1,1
2025-02-28,6,30,7636.271326,7542.710957,1,355.795119,124.377692,1,1,1
2025-02-28,12,30,7085.894484,7061.786198,1,167.244827,50.854356,1,1,1
2025-02-28,18,30,3194.760254,3194.760254,1,0.000000,0.000000,1,1,1
2025-03-01,6,30,6867.768104,6762.014811,1,373.339326,74.814011,1,1,1
2025-03-01,12,30,6738.111277,6631.289677,1,453.233813,74.814011,1,1,1
2025-03-01,18,30,3091.667912,3088.574174,1,196.824211,196.824211,1,1,1
2025-03-02,6,30,32614.538264,30912.405026,1,1618.988934,609.360128,1,2,1
2025-03-02,12,30,24154.711308,23657.825233,1,1968.334600,401.303019,1,2,1
2025-03-02,18,30,13159.343116,12041.284311,1,461.544332,338.800548,1,1,1
2025-03-03,6,30,35958.736013,34689.018266,1,4590.949664,673.450128,1,3,1
2025-03-03,12,30,27287.388339,27009.108353,1,1557.694851,446.642836,1,2,1
2025-03-03,18,30,12115.949734,12115.949734,1,0.000000,0.000000,1,1,1
2025-03-04,6,30,34778.218452,33207.729793,1,1672.693844,252.003875,1,2,1
2025-03-04,12,30,25570.277199,25545.442952,1,55.446627,55.446627,1,1,1
2025-03-04,18,30,12822.057014,12795.471454,1,76.369916,26.835863,1,1,1
2025-03-05,6,30,32511.925372,31874.464121,1,2602.626494,381.671127,1,2,1
2025-03-05,12,30,26134.470895,25239.186687,1,3160.707097,729.389236,1,2,1
2025-03-05,18,30,12408.144581,12408.144581,1,0.000000,0.000000,1,1,1
2025-03-06,6,30,29640.434579,29582.266982,1,820.068726,148.358886,1,3,1
2025-03-06,12,30,25932.404591,25932.404591,1,0.000000,0.000000,1,1,1
2025-03-06,18,30,12036.939778,12036.939778,1,0.000000,0.000000,1,1,1
2025-03-07,6,30,7121.624726,7096.357347,1,150.292396,40.768155,1,1,1
2025-03-07,12,30,6937.905543,6894.849149,1,209.822998,57.596828,1,1,1
2025-03-07,18,30,3169.919110,3169.919110,1,0.000000,0.000000,1,1,1
2025-03-08,6,30,6777.792019,6607.925855,1,209.127157,149.001447,1,1,1
2025-03-08,12,30,6112.116721,6112.116721,1,0.000000,0.000000,1,1,1
2025-03-08,18,30,3463.608684,3463.608684,1,0.000000,0.000000,1,1,1
2025-03-09,6,30,26727.180743,24934.196154,1,7459.404522,896.936895,1,1,1
2025-03-09,12,30,22352.216189,22174.783820,1,981.750225,253.641249,1,1,1
2025-03-09,18,30,11201.728638,11184.196753,1,160.966039,160.966039,1,1,1
2025-03-10,6,30,31508.479558,30899.178891,1,791.927299,515.357122,1,2,1
2025-03-10,12,30,25291.926803,25291.926803,1,0.000000,0.000000,1,1,1
2025-03-10,18,30,12172.223880,12172.223880,1,0.000000,0.000000,1,1,1
2025-03-11,6,30,51143.742375,32702.038347,1,7954.357904,739.258752,1,4,0
2025-03-11,12,30,27780.030982,26060.842745,1,1178.398986,502.670257,1,1,1
2025-03-11,18,30,12783.893891,12783.893891,1,0.000000,0.000000,1,1,1
2025-03-12,6,30,30114.882530,28172.982729,1,7102.206809,827.364951,1,2,1
2025-03-12,12,30,25456.717661,25201.860988,1,1303.195146,171.740583,1,2,1
2025-03-12,18,30,12177.396022,12151.559547,1,276.541078,243.081380,1,1,1
2025-03-13,6,30,31923.887406,31919.141876,1,70.219294,31.923803,1,2,1
2025-03-13,12,30,24297.810643,24218.021843,1,591.718064,567.770031,1,1,1
2025-03-13,18,30,11872.954865,11853.545702,1,248.247542,237.343174,1,1,1
2025-03-14,6,30,7657.631632,7603.720413,1,204.194835,55.380761,1,1,1
2025-03-14,12,30,7161.638095,7152.056138,1,91.948591,37.760181,1,1,1
2025-03-14,18,30,3697.320506,3697.320506,1,0.000000,0.000000,1,1,1
2025-03-15,6,30,6657.717354,6656.408740,1,27.996771,17.983203,1,1,1
2025-03-15,12,30,6354.389317,6348.700523,1,53.308863,25.740732,1,1,1
2025-03-15,18,30,3390.644566,3390.644566,1,0.000000,0.000000,1,1,1
2025-03-16,6,30,29353.571675,27614.662955,1,1931.422893,472.460742,1,3,1
2025-03-16,12,30,22614.973058,22535.108234,1,584.452808,114.275117,1,2,1
2025-03-16,18,30,11729.695655,11698.799308,1,241.693490,240.907918,1,1,1
2025-03-17,6,30,25010.376374,24040.127185,1,4643.381137,738.790542,1,1,1
2025-03-17,12,30,24695.719774,24128.805291,1,775.551956,531.100944,1,2,1
2025-03-17,18,30,12534.750375,12534.750375,1,0.000000,0.000000,1,1,1
2025-03-18,6,30,31880.416706,30638.939946,1,3545.822179,643.067243,1,3,1
2025-03-18,12,30,23902.035260,23186.419214,1,3578.559259,791.176260,1,1,1
2025-03-18,18,30,12162.613127,12118.304197,1,364.180096,349.707898,1,1,1
2025-03-19,6,30,37835.650089,28977.070938,1,5114.703123,602.071424,1,4,0
2025-03-19,12,30,32435.892212,24674.039967,1,2997.027590,496.182708,1,4,0
2025-03-19,18,30,11920.918891,11881.909716,1,331.787024,275.921619,1,1,1
2025-03-20,6,30,27952.422695,26608.520985,1,5383.643977,955.871189,1,1,1
2025-03-20,12,30,25946.692487,25425.534729,1,2474.018332,302.348684,1,2,1
2025-03-20,18,30,12262.617445,12262.617445,1,0.000000,0.000000,1,1,1
2025-03-21,6,30,6738.229384,6735.518556,1,47.847400,23.773896,1,1,1
2025-03-21,12,30,6610.828857,6603.394290,1,49.505850,26.111167,1,1,1
2025-03-21,18,30,3228.793331,3228.793331,1,0.000000,0.000000,1,1,1
2025-03-22,6,30,6245.981610,6245.981610,1,0.000000,0.000000,1,1,1
2025-03-22,12,30,5983.629011,5981.605691,1,14.481150,9.929763,1,1,1
2025-03-22,18,30,3189.209296,3189.209296,1,0.000000,0.000000,1,1,1
2025-03-23,6,30,26021.871618,25740.312187,1,1670.017031,383.250467,1,2,1
2025-03-23,12,30,21750.492077,20697.082703,1,4523.450502,1048.533042,1,2,1
2025-03-23,18,30,12205.667355,12156.434587,1,415.405401,404.098824,1,1,1
2025-03-24,6,30,27239.350722,27014.962276,1,904.028642,585.903021,1,3,1
2025-03-24,12,30,22978.241712,22680.900432,1,1422.315152,419.399359,1,1,1
2025-03-24,18,30,12201.702039,12157.342339,1,357.765819,309.652268,1,1,1
2025-03-25,6,30,30573.775175,28182.548469,1,8837.884835,882.952162,1,2,1
2025-03-25,12,30,24173.251064,23399.183740,1,3547.082671,620.782805,1,1,1
2025-03-25,18,30,12085.216129,12058.168112,1,251.512667,234.707706,1,1,1
2025-03-26,6,30,25946.868121,25889.104384,1,202.886118,93.984750,1,2,1
2025-03-26,12,30,23468.865179,22868.252081,1,2711.616447,853.059542,1,2,1
2025-03-26,18,30,12598.339126,12551.264745,1,358.869216,329.178487,1,1,1
2025-03-27,6,30,27845.256291,27543.179018,1,1176.904414,582.979343,1,2,1
2025-03-27,12,30,22735.190395,22388.502589,1,2292.085038,567.613766,1,1,1
2025-03-27,18,30,12481.979409,12441.203089,1,315.677183,292.944450,1,1,1
2025-03-28,6,30,6531.674313,6531.674313,1,0.000000,0.000000,1,1,1
2025-03-28,12,30,6345.487987,6345.409971,1,0.833630,0.833630,1,1,1
2025-03-28,18,30,3402.310634,3402.310634,1,0.000000,0.000000,1,1,1
2025-03-29,6,30,6188.966017,5895.678028,1,394.069942,98.419218,1,1,1
2025-03-29,12,30,5616.322589,5496.957557,1,220.497862,68.110033,1,1,1
2025-03-29,18,30,3476.478240,3476.362797,1,8.675907,8.675907,1,1,1
2025-03-30,6,30,22751.083298,21799.528203,1,4669.487416,761.476002,1,2,1
2025-03-30,12,30,19632.917587,19111.475825,1,3109.369099,479.151942,1,1,1
2025-03-30,18,30,11809.295436,11809.295436,1,0.000000,0.000000,1,1,1
2025-03-31,6,30,46616.357857,29089.959347,1,8645.223356,1042.099978,1,4,0
2025-03-31,12,30,23081.408077,22169.345024,1,832.760511,503.461672,1,1,1
2025-03-31,18,30,11432.328512,11432.022710,1,11.162359,11.162359,1,1,1
2025-04-01,6,30,28126.924394,27966.719309,1,1035.437599,176.006426,1,2,1
2025-04-01,12,30,22774.891938,22027.110517,1,3331.096240,791.057337,1,1,1
2025-04-01,18,30,11796.398582,11778.712900,1,145.815618,118.450191,1,1,1
2025-04-02,6,30,30429.465375,29266.754298,1,1412.249798,637.000113,1,3,1
2025-04-02,12,30,20988.735740,20586.463467,1,2004.570750,666.382829,1,1,1
2025-04-02,18,30,10963.911032,10926.706108,1,347.288944,326.154164,1,1,1
2025-04-03,6,30,26774.070792,25823.062383,1,3467.798073,581.690783,1,3,1
2025-04-03,12,30,22935.496019,21758.161149,1,4326.200612,878.952405,1,1,1
2025-04-03,18,30,11080.747648,11064.274319,1,123.718613,90.046248,1,1,1
2025-04-04,6,30,5254.367935,5254.367935,1,0.000000,0.000000,1,1,1
2025-04-04,12,30,5308.373900,5303.344561,1,45.099361,21.427274,1,1,1
2025-04-04,18,30,2780.995157,2780.995157,1,0.000000,0.000000,1,1,1
2025-04-05,6,30,5416.551413,5093.640289,1,280.397485,280.397485,1,1,1
2025-04-05,12,30,4574.473380,4573.810801,1,10.399618,10.399618,1,1,1
2025-04-05,18,30,3736.554694,3629.519521,1,144.385613,130.782714,1,1,1
2025-04-06,6,30,21519.819438,21017.951632,1,2810.950300,573.354680,1,2,1
2025-04-06,12,30,20237.205066,19748.368235,1,2268.710240,563.872142,1,1,1
2025-04-06,18,30,11084.728051,11048.088167,1,236.625932,236.625932,1,1,1
2025-04-07,6,30,27231.302158,23584.247236,1,3463.153847,630.478795,1,4,0
2025-04-07,12,30,22085.137778,20529.421438,1,1173.906010,474.300957,1,2,1
2025-04-07,18,30,11015.781781,11015.781781,1,0.000000,0.000000,1,1,1
2025-04-08,6,30,24337.935535,23946.783028,1,2562.123103,609.135069,1,3,1
2025-04-08,12,30,21547.773505,20566.791898,1,4086.238914,902.086211,1,1,1
2025-04-08,18,30,11276.381704,11276.381704,1,0.000000,0.000000,1,1,1
2025-04-09,6,30,27509.844675,25919.179127,1,2010.875866,646.555412,1,4,0
2025-04-09,12,30,22423.054951,22302.758177,1,720.514403,151.431209,1,2,1
2025-04-09,18,30,11325.494458,11325.494458,1,0.000000,0.000000,1,1,1
2025-04-10,6,30,27821.104683,26924.286464,1,1894.999687,544.055708,1,4,1
2025-04-10,12,30,21182.408379,20389.400421,1,2789.772683,354.550586,1,1,1
2025-04-10,18,30,11834.355397,11694.772696,1,134.676823,97.590575,1,1,1
2025-04-11,6,30,6557.546475,5703.329680,1,686.318710,273.175196,1,2,1
2025-04-11,12,30,4657.578602,4651.772965,1,35.374298,19.433541,1,1,1
2025-04-11,18,30,3629.065121,3541.496966,1,121.699647,109.397787,1,1,1
2025-04-12,6,30,4702.567609,4630.729342,1,347.058684,111.092497,1,1,1
2025-04-12,12,30,4644.706345,4594.825830,1,196.768365,68.621119,1,1,1
2025-04-12,18,30,2923.400049,2923.400049,1,0.000000,0.000000,1,1,1
2025-04-13,6,30,19461.479747,19525.874195,0,0.000000,0.000000,1,2,1
2025-04-13,12,30,18102.374055,18103.055203,0,0.000000,0.000000,1,1,1
2025-04-13,18,30,10665.668423,10665.587141,1,3.229917,3.229917,1,1,1
2025-04-14,6,30,22762.653056,21298.382980,1,5518.564102,864.035567,1,3,1
2025-04-14,12,30,20868.498144,19859.753095,1,3559.082942,720.172718,1,2,1
2025-04-14,18,30,11108.739842,10912.920268,1,167.211370,134.093100,1,1,1
2025-04-15,6,30,26143.345112,22402.470856,1,3418.153765,491.345615,1,4,0
2025-04-15,12,30,18867.783373,18613.124391,1,362.254401,117.269598,1,1,1
2025-04-15,18,30,11764.273097,11190.642896,1,272.553152,128.644209,1,1,1
2025-04-16,6,30,28531.018420,24902.881880,1,3139.149646,496.304795,1,4,0
2025-04-16,12,30,19545.589003,19506.024992,1,486.826875,329.495809,1,2,1
2025-04-16,18,30,10593.697599,10593.418641,1,2.870274,2.870274,1,1,1
2025-04-17,6,30,31606.884155,24510.747294,1,4284.264182,497.261742,1,4,0
2025-04-17,12,30,19662.470601,19683.173463,0,0.000000,0.000000,1,2,1
2025-04-17,18,30,10861.761957,10861.110228,1,6.140259,6.140259,1,1,1
2025-04-18,6,30,4899.831389,4707.911799,1,184.064387,163.779640,1,1,1
2025-04-18,12,30,4514.664049,4513.465809,1,29.886054,17.419018,1,1,1
2025-04-18,18,30,3026.167792,3026.167792,1,0.000000,0.000000,1,1,1
2025-04-19,6,30,3708.156216,3701.569109,1,76.738731,28.649339,1,1,1
2025-04-19,12,30,3950.857872,3938.511305,1,100.222526,31.791776,1,1,1
2025-04-19,18,30,3039.981753,3039.981753,1,0.000000,0.000000,1,1,1
2025-04-20,6,30,19346.694242,18995.193280,1,966.823553,360.443145,1,4,1
2025-04-20,12,30,17659.702700,17614.042492,1,141.511793,44.821010,1,3,1
2025-04-20,18,30,11177.119903,11164.821811,1,68.047161,68.047161,1,1,1
2025-04-21,6,30,19902.201290,18611.944038,1,5382.943764,840.675250,1,1,1
2025-04-21,12,30,19341.602531,18365.034603,1,4077.720473,814.457550,1,1,1
2025-04-21,18,30,11238.617150,11231.851002,1,32.942781,25.870799,1,1,1
2025-04-22,6,30,28033.851059,22723.640350,1,3402.096212,466.849457,1,4,0
2025-04-22,12,30,19183.115464,18735.201700,1,497.588928,68.155018,1,1,1
2025-04-22,18,30,11062.700656,11062.700656,1,0.000000,0.000000,1,1,1
2025-04-23,6,30,27880.045137,21917.751134,1,3615.900271,530.005120,1,4,0
2025-04-23,12,30,19346.746809,18641.078908,1,595.322804,336.693686,1,2,1
2025-04-23,18,30,11407.728468,11049.702551,1,201.597900,168.442498,1,1,1
2025-04-24,6,30,17793.508686,17793.508686,1,0.000000,0.000000,1,1,1
2025-04-24,12,30,18963.574589,18570.016906,1,462.301503,71.073794,1,1,1
2025-04-24,18,30,11127.033515,11126.008204,1,8.308340,8.308340,1,1,1
2025-04-25,6,30,4324.881818,4324.732057,1,4.438354,4.438354,1,1,1
2025-04-25,12,30,4085.320333,3995.909269,1,314.496539,71.886298,1,1,1
2025-04-25,18,30,2552.628632,2552.628632,1,0.000000,0.000000,1,1,1
2025-04-26,6,30,3792.359036,3780.012098,1,95.463964,38.618455,1,1,1
2025-04-26,12,30,3672.240727,3672.240727,1,0.000000,0.000000,1,1,1
2025-04-26,18,30,2871.883221,2871.883221,1,0.000000,0.000000,1,1,1
2025-04-27,6,30,20558.917621,18490.520268,1,1881.136662,501.459791,1,4,1
2025-04-27,12,30,16132.924431,16040.447101,1,364.019088,87.274451,1,1,1
2025-04-27,18,30,11412.233009,11076.394913,1,182.630025,156.759226,1,1,1
2025-04-28,6,30,24176.331756,23352.073825,1,1304.737330,180.643655,1,4,0
2025-04-28,12,30,20922.648925,20260.066911,1,2892.031336,803.962394,1,1,1
2025-04-28,18,30,10848.655467,10848.655467,1,0.000000,0.000000,1,1,1
2025-04-29,6,30,19313.917977,19300.783298,1,882.768289,489.889311,1,3,1
2025-04-29,12,30,19674.140061,19178.938980,1,1506.153882,583.020941,1,1,1
2025-04-29,18,30,11209.578395,11084.964223,1,98.354335,50.843911,1,1,1
2025-04-30,6,30,19177.166788,18977.590477,1,551.418956,143.524185,1,2,1
2025-04-30,12,30,18346.640641,18350.506113,0,0.000000,0.000000,1,2,1
2025-04-30,18,30,11458.875789,11220.727427,1,144.304836,136.851315,1,1,1
2025-05-01,6,30,21987.378809,19651.460688,1,1443.963096,505.356616,1,3,1
2025-05-01,12,30,17921.149968,17808.848149,1,570.926961,90.820301,1,1,1
2025-05-01,18,30,13963.191392,12570.338125,1,421.789391,402.511245,1,1,1
2025-05-02,6,30,5532.688187,5532.688187,1,0.000000,0.000000,1,1,1
2025-05-02,12,30,5423.902374,5401.142924,1,138.417214,36.460426,1,1,1
2025-05-02,18,30,4676.341939,4069.438639,1,282.551049,215.462002,1,1,1
2025-05-03,6,30,5461.759898,5436.142600,1,134.551430,47.594478,1,1,1
2025-05-03,12,30,5557.467588,5557.467588,1,0.000000,0.000000,1,1,1
2025-05-03,18,30,4105.076818,4105.076818,1,0.000000,0.000000,1,1,1
2025-05-04,6,30,20554.881309,19975.457280,1,4370.800388,691.681818,1,3,1
2025-05-04,12,30,20189.861785,19277.964082,1,4019.310352,692.522249,1,1,1
2025-05-04,18,30,13216.571343,13216.571343,1,0.000000,0.000000,1,1,1
2025-05-05,6,30,23715.875451,23538.708821,1,1732.336375,191.382400,1,2,1
2025-05-05,12,30,22183.507120,21443.951185,1,2490.276126,271.673357,1,2,1
2025-05-05,18,30,13203.604135,13203.604135,1,0.000000,0.000000,1,1,1
2025-05-06,6,30,29094.912301,24330.999788,1,3301.263226,1001.835667,1,4,0
2025-05-06,12,30,22360.486266,21641.001392,1,620.852036,211.924176,1,4,0
2025-05-06,18,30,14232.433424,14232.433424,1,0.000000,0.000000,1,1,1
2025-05-07,6,30,27468.689396,24889.471398,1,2240.011596,436.002439,1,4,0
2025-05-07,12,30,24352.143927,22927.967006,1,868.384830,336.305129,1,1,1
2025-05-07,18,30,14110.233447,14110.233447,1,0.000000,0.000000,1,1,1
2025-05-08,6,30,23533.383419,23011.124740,1,3617.304240,813.050501,1,1,1
2025-05-08,12,30,22239.653871,22133.503444,1,775.554456,376.773883,1,1,1
2025-05-08,18,30,15114.671538,15114.671538,1,0.000000,0.000000,1,1,1
2025-05-09,6,30,7403.159001,7022.823569,1,457.946982,174.328444,1,1,1
2025-05-09,12,30,6650.711179,6541.817224,1,209.044779,50.175097,1,1,1
2025-05-09,18,30,5784.395705,5296.635902,1,244.636298,203.423242,1,1,1
2025-05-10,6,30,7494.486815,6967.972480,1,476.255939,116.937984,1,1,1
2025-05-10,12,30,6498.961940,6431.452055,1,174.723560,45.342475,1,1,1
2025-05-10,18,30,5271.230538,5269.858657,1,10.021243,10.021243,1,1,1
2025-05-11,6,30,21585.710053,21547.827223,1,693.397560,124.844047,1,2,1
2025-05-11,12,30,20076.031410,19788.581022,1,1452.419289,535.396488,1,1,1
2025-05-11,18,30,14097.142841,14097.142841,1,0.000000,0.000000,1,1,1
2025-05-12,6,30,35761.944090,25644.175276,1,5577.833265,649.641457,1,2,1
2025-05-12,12,30,22326.574891,22072.409039,1,564.267713,97.856967,1,2,1
2025-05-12,18,30,14672.807351,14672.807351,1,0.000000,0.000000,1,1,1
2025-05-13,6,30,24712.048045,23378.772459,1,6198.666316,960.252262,1,2,1
2025-05-13,12,30,22131.533223,22131.533223,1,0.000000,0.000000,1,1,1
2025-05-13,18,30,14995.754558,14995.754558,1,0.000000,0.000000,1,1,1
2025-05-14,6,30,25441.141434,24802.176469,1,1204.300087,526.379559,1,4,1
2025-05-14,12,30,22721.526613,21914.957270,1,3315.455690,521.313000,1,1,1
2025-05-14,18,30,14198.923790,14198.923790,1,0.000000,0.000000,1,1,1
2025-05-15,6,30,28323.700181,25763.767868,1,2688.418290,571.268717,1,4,1
2025-05-15,12,30,23042.621312,22451.209346,1,2062.714384,686.451229,1,1,1
2025-05-15,18,30,13930.335760,13930.335760,1,0.000000,0.000000,1,1,1
2025-05-16,6,30,7385.376452,7196.030613,1,325.650910,95.316278,1,1,1
2025-05-16,12,30,6727.852705,6677.375989,1,267.562610,51.313729,1,1,1
2025-05-16,18,30,4986.721362,4986.721362,1,0.000000,0.000000,1,1,1
2025-05-17,6,30,6646.589111,6625.873866,1,127.705358,45.716550,1,1,1
2025-05-17,12,30,6557.383758,6557.383758,1,0.000000,0.000000,1,1,1
2025-05-17,18,30,5570.079572,5567.369072,1,11.083778,11.083778,1,1,1
2025-05-18,6,30,22871.363282,22320.355741,1,3645.667979,618.709761,1,1,1
2025-05-18,12,30,21811.657217,20795.568988,1,4014.306139,737.263423,1,1,1
2025-05-18,18,30,13854.303773,13854.303773,1,0.000000,0.000000,1,1,1
2025-05-19,6,30,21428.751360,21102.518789,1,1716.625676,471.601938,1,1,1
2025-05-19,12,30,20793.772856,20686.904816,1,722.867600,368.420996,1,1,1
2025-05-19,18,30,14210.447079,14210.447079,1,0.000000,0.000000,1,1,1
2025-05-20,6,30,25168.015492,23657.280093,1,1866.865558,557.112926,1,4,0
2025-05-20,12,30,21324.581827,21324.581827,1,0.000000,0.000000,1,1,1
2025-05-20,18,30,14591.774544,14591.774544,1,0.000000,0.000000,1,1,1
2025-05-21,6,30,32158.681298,25870.765183,1,4544.086187,552.093141,1,4,0
2025-05-21,12,30,21633.722885,21524.351747,1,586.005118,350.387224,1,2,1
2025-05-21,18,30,15302.516213,15259.756203,1,83.808110,48.390869,1,1,1
2025-05-22,6,30,21612.730223,21612.317916,1,5.238826,4.214678,1,1,1
2025-05-22,12,30,21514.905341,21330.358766,1,750.545268,111.823715,1,1,1
2025-05-22,18,30,14787.818918,14787.818918,1,0.000000,0.000000,1,1,1
2025-05-23,6,30,6764.829472,6764.829472,1,0.000000,0.000000,1,1,1
2025-05-23,12,30,7367.880526,7215.553561,1,319.664003,79.488759,1,1,1
2025-05-23,18,30,5588.493417,5554.354955,1,77.646309,77.646309,1,1,1
2025-05-24,6,30,6753.119313,6695.225043,1,212.678151,72.145180,1,1,1
2025-05-24,12,30,6430.312305,6407.424155,1,173.243004,41.367650,1,1,1
2025-05-24,18,30,5314.482672,5314.482672,1,0.000000,0.000000,1,1,1
2025-05-25,6,30,20115.420237,19929.662297,1,1531.034268,612.289109,1,2,1
2025-05-25,12,30,19436.335720,19108.641927,1,1828.487346,514.500106,1,1,1
2025-05-25,18,30,14000.649758,14000.649758,1,0.000000,0.000000,1,1,1
2025-05-26,6,30,26096.427423,24303.224807,1,1816.435397,636.516199,1,3,1
2025-05-26,12,30,23828.314479,22753.228283,1,832.368298,374.598354,1,1,1
2025-05-26,18,30,14168.875053,14168.875053,1,0.000000,0.000000,1,1,1
2025-05-27,6,30,30916.594744,24564.433358,1,4212.173729,503.826430,1,4,0
2025-05-27,12,30,21389.946649,21036.361518,1,410.344048,375.773998,1,1,1
2025-05-27,18,30,14166.007705,14166.007705,1,0.000000,0.000000,1,1,1
2025-05-28,6,30,23508.700819,22903.705787,1,2170.370838,351.975543,1,2,1
2025-05-28,12,30,22048.896435,21713.396356,1,1296.195455,357.227968,1,1,1
2025-05-28,18,30,14398.628268,14398.628268,1,0.000000,0.000000,1,1,1
2025-05-29,6,30,26010.523206,24818.786500,1,1482.946398,543.661823,1,2,1
2025-05-29,12,30,21608.180153,21296.493757,1,1485.408328,353.217712,1,1,1
2025-05-29,18,30,14740.316655,14740.316655,1,0.000000,0.000000,1,1,1
2025-05-30,6,30,7663.846219,7651.189329,1,80.822362,47.967366,1,1,1
2025-05-30,12,30,7336.502993,7336.431408,1,1.136756,1.136756,1,1,1
2025-05-30,18,30,6554.652982,6363.787240,1,284.380997,170.786069,1,1,1
2025-05-31,6,30,6862.747572,6682.518318,1,591.466988,125.776650,1,1,1
2025-05-31,12,30,6799.423755,6595.513265,1,648.739140,143.257933,1,1,1
2025-05-31,18,30,5400.767547,5400.767547,1,0.000000,0.000000,1,1,1
2025-06-01,6,30,29899.880122,28972.930610,1,5505.657398,845.914649,1,2,1
2025-06-01,12,30,25500.166880,23283.171753,1,7164.251797,905.608143,1,1,1
2025-06-01,18,30,19677.278705,16425.785104,1,1006.813841,711.215768,1,1,1
2025-06-02,6,30,38779.890783,35351.621785,1,12501.181302,940.664194,1,2,1
2025-06-02,12,30,32227.140957,31456.101842,1,4089.490315,719.345948,1,1,1
2025-06-02,18,30,18392.922353,18392.922353,1,0.000000,0.000000,1,1,1
2025-06-03,6,30,36596.509660,36416.937453,1,1246.928723,183.956513,1,3,1
2025-06-03,12,30,29813.393529,29123.711624,1,3210.462813,698.621849,1,1,1
2025-06-03,18,30,18535.477324,18535.477324,1,0.000000,0.000000,1,1,1
2025-06-04,6,30,41566.019383,36314.158445,1,17889.552559,1047.081146,1,2,1
2025-06-04,12,30,35658.651269,35012.047296,1,2882.798449,329.850254,1,1,1
2025-06-04,18,30,18258.431507,18258.431507,1,0.000000,0.000000,1,1,1
2025-06-05,6,30,35986.078327,35729.942412,1,1536.020446,210.325047,1,2,1
2025-06-05,12,30,31473.195740,31073.156093,1,1624.903161,647.311866,1,1,1
2025-06-05,18,30,19216.227012,19216.227012,1,0.000000,0.000000,1,1,1
2025-06-06,6,30,10718.914397,10509.779765,1,853.821786,147.338082,1,1,1
2025-06-06,12,30,10676.335479,10444.937941,1,1060.094431,161.227415,1,1,1
2025-06-06,18,30,9364.057064,8550.326942,1,420.364011,236.102134,1,1,1
2025-06-07,6,30,12063.590487,11422.011334,1,3296.242841,618.698969,1,1,1
2025-06-07,12,30,12112.885200,11783.475396,1,1880.403763,618.698969,1,1,1
2025-06-07,18,30,8446.246571,8446.246571,1,0.000000,0.000000,1,1,1
2025-06-08,6,30,35837.289585,34481.619092,1,4741.641968,823.504303,1,4,0
2025-06-08,12,30,31127.709242,30489.220333,1,2574.888649,648.489836,1,1,1
2025-06-08,18,30,19036.112763,19036.112763,1,0.000000,0.000000,1,1,1
2025-06-09,6,30,38407.801942,36792.106485,1,6822.864247,891.373719,1,2,1
2025-06-09,12,30,34093.825497,34074.038766,1,304.603196,69.346961,1,1,1
2025-06-09,18,30,18452.488249,18452.488249,1,0.000000,0.000000,1,1,1
2025-06-10,6,30,35526.779864,35491.830821,1,1223.961369,401.836223,1,2,1
2025-06-10,12,30,36042.662964,35814.366511,1,447.489588,106.100502,1,1,1
2025-06-10,18,30,19181.153802,19181.153802,1,0.000000,0.000000,1,1,1
2025-06-11,6,30,40334.586615,40152.786393,1,1098.597595,203.253949,1,1,1
2025-06-11,12,30,36602.176973,36601.079099,1,180.835304,50.901825,1,1,1
2025-06-11,18,30,19277.762321,19277.762321,1,0.000000,0.000000,1,1,1
2025-06-12,6,30,38483.003345,38474.676338,1,449.083457,211.446628,1,2,1
2025-06-12,12,30,34284.553686,34164.089495,1,1143.793334,358.319021,1,1,1
2025-06-12,18,30,19121.413104,19121.413104,1,0.000000,0.000000,1,1,1
2025-06-13,6,30,11463.656762,11385.437939,1,377.259220,90.003617,1,1,1
2025-06-13,12,30,11485.422474,11485.422474,1,0.000000,0.000000,1,1,1
2025-06-13,18,30,9330.808590,8867.937060,1,304.350268,171.999268,1,1,1
2025-06-14,6,30,12331.874961,12328.086707,1,42.266920,22.445480,1,1,1
2025-06-14,12,30,12165.035397,12100.571643,1,650.786197,120.144136,1,1,1
2025-06-14,18,30,9004.062462,9004.062462,1,0.000000,0.000000,1,1,1
2025-06-15,6,30,38088.441078,36153.268612,1,2426.309728,697.539092,1,2,1
2025-06-15,12,30,31875.317071,31875.317071,1,0.000000,0.000000,1,1,1
2025-06-15,18,30,18574.056624,18574.056624,1,0.000000,0.000000,1,1,1
2025-06-16,6,30,39473.343489,38840.597209,1,1189.428952,503.750747,1,2,1
2025-06-16,12,30,35090.480456,35090.480456,1,0.000000,0.000000,1,1,1
2025-06-16,18,30,19839.357103,19839.357103,1,0.000000,0.000000,1,1,1
2025-06-17,6,30,44563.710371,42252.417234,1,2417.895315,545.782958,1,3,1
2025-06-17,12,30,36302.229061,36302.229061,1,0.000000,0.000000,1,1,1
2025-06-17,18,30,18581.856412,18581.856412,1,0.000000,0.000000,1,1,1
2025-06-18,6,30,44224.976763,42109.783656,1,2270.210565,550.586700,1,3,1
2025-06-18,12,30,35110.728761,34690.112656,1,2348.489489,720.070363,1,1,1
2025-06-18,18,30,19139.677291,19139.677291,1,0.000000,0.000000,1,1,1
2025-06-19,6,30,36465.851146,35470.158664,1,2963.510937,807.100494,1,2,1
2025-06-19,12,30,37092.896443,33323.399471,1,2336.958979,577.417818,1,1,1
2025-06-19,18,30,18887.461313,18887.461313,1,0.000000,0.000000,1,1,1
2025-06-20,6,30,12603.109071,12600.223292,1,45.817614,29.282460,1,1,1
2025-06-20,12,30,12376.191923,12371.074283,1,118.167531,35.366600,1,1,1
2025-06-20,18,30,8450.857481,8450.857481,1,0.000000,0.000000,1,1,1
2025-06-21,6,30,11496.580883,11496.580883,1,0.000000,0.000000,1,1,1
2025-06-21,12,30,11210.723280,11210.723280,1,0.000000,0.000000,1,1,1
2025-06-21,18,30,8277.001431,8277.001431,1,0.000000,0.000000,1,1,1
2025-06-22,6,30,34707.226412,33531.433917,1,2347.772737,504.985788,1,2,1
2025-06-22,12,30,29743.358432,29651.514370,1,812.106514,313.072829,1,1,1
2025-06-22,18,30,18830.369123,18830.369123,1,0.000000,0.000000,1,1,1
2025-06-23,6,30,36178.080564,36129.645924,1,179.472644,117.010153,1,1,1
2025-06-23,12,30,31705.180432,31700.459023,1,364.477148,109.686294,1,2,1
2025-06-23,18,30,19009.012309,19009.012309,1,0.000000,0.000000,1,1,1
2025-06-24,6,30,42165.602299,41992.985705,1,1541.311006,267.391839,1,2,1
2025-06-24,12,30,37127.403061,36981.854720,1,1466.457183,479.983058,1,4,0
2025-06-24,18,30,18664.124037,18664.124037,1,0.000000,0.000000,1,1,1
2025-06-25,6,30,39647.578718,39323.916777,1,1106.252719,371.255698,1,2,1
2025-06-25,12,30,33099.073095,32668.257799,1,1274.892147,426.300418,1,1,1
2025-06-25,18,30,19475.153810,19475.153810,1,0.000000,0.000000,1,1,1
2025-06-26,6,30,37961.266637,36485.803694,1,1938.447295,487.364426,1,2,1
2025-06-26,12,30,31277.313247,31277.313247,1,0.000000,0.000000,1,1,1
2025-06-26,18,30,19046.259963,19046.259963,1,0.000000,0.000000,1,1,1
2025-06-27,6,30,12663.976926,12617.685979,1,367.055659,72.107217,1,1,1
2025-06-27,12,30,12326.933250,12242.087990,1,526.159601,107.461852,1,1,1
2025-06-27,18,30,8520.342557,8520.342557,1,0.000000,0.000000,1,1,1
2025-06-28,6,30,11782.053813,11525.174247,1,443.695485,126.611744,1,2,1
2025-06-28,12,30,10655.556449,10655.556449,1,0.000000,0.000000,1,1,1
2025-06-28,18,30,7677.852801,7677.852801,1,0.000000,0.000000,1,1,1
2025-06-29,6,30,35559.319308,33272.828531,1,2373.437177,840.537015,1,2,1
2025-06-29,12,30,41692.083002,31868.240971,1,4269.305391,772.794865,1,1,1
2025-06-29,18,30,18138.493010,18138.493010,1,0.000000,0.000000,1,1,1
2025-06-30,6,30,36708.471756,36743.756134,0,0.000000,0.000000,1,2,1
2025-06-30,12,30,32504.258900,32505.519928,0,0.000000,0.000000,1,1,1
2025-06-30,18,30,18801.243348,18801.243348,1,0.000000,0.000000,1,1,1
2025-07-01,6,30,44686.807207,36535.198194,1,4774.787072,714.850451,1,3,1
2025-07-01,12,30,50180.448401,35553.191382,1,4679.006936,796.304520,1,1,1
2025-07-01,18,30,34015.295630,24837.314637,1,2232.079110,678.926677,1,1,1
2025-07-02,6,30,41702.021040,41604.450618,1,415.624943,232.865852,1,2,1
2025-07-02,12,30,37725.561119,37725.561119,1,0.000000,0.000000,1,1,1
2025-07-02,18,30,22445.711111,22445.711111,1,0.000000,0.000000,1,1,1
2025-07-03,6,30,51694.979523,49537.887821,1,2370.837403,546.384998,1,3,1
2025-07-03,12,30,39275.139662,39124.764032,1,1666.031455,524.132402,1,2,1
2025-07-03,18,30,23514.893538,23514.893538,1,0.000000,0.000000,1,1,1
2025-07-04,6,30,17141.799974,17111.232240,1,190.478224,56.173427,1,1,1
2025-07-04,12,30,15249.981927,15249.981927,1,0.000000,0.000000,1,1,1
2025-07-04,18,30,12786.656605,12783.264003,1,20.379006,19.471697,1,1,1
2025-07-05,6,30,16894.155347,16894.155347,1,0.000000,0.000000,1,1,1
2025-07-05,12,30,16414.053389,16414.053389,1,0.000000,0.000000,1,1,1
2025-07-05,18,30,12791.094334,12791.094334,1,0.000000,0.000000,1,1,1
2025-07-06,6,30,61745.207318,50225.558933,1,6384.574570,805.781633,1,4,1
2025-07-06,12,30,40945.027725,40939.774281,1,77.399599,30.916151,1,2,1
2025-07-06,18,30,24014.089175,24014.089175,1,0.000000,0.000000,1,1,1
2025-07-07,6,30,41082.144492,40509.406020,1,3126.040343,560.974794,1,2,1
2025-07-07,12,30,39647.254355,39647.254355,1,0.000000,0.000000,1,1,1
2025-07-07,18,30,22821.923418,22821.921647,1,0.630707,0.466274,1,1,1
2025-07-08,6,30,43820.317209,42998.588241,1,3802.706294,532.896960,1,2,1
2025-07-08,12,30,39619.348626,39619.348626,1,0.000000,0.000000,1,1,1
2025-07-08,18,30,23543.667732,23543.667732,1,0.000000,0.000000,1,1,1
2025-07-09,6,30,44334.358939,43846.331533,1,2208.139685,540.043863,1,2,1
2025-07-09,12,30,39878.575700,38735.026381,1,4975.234168,883.437240,1,2,1
2025-07-09,18,30,23842.207779,23842.207779,1,0.000000,0.000000,1,1,1
2025-07-10,6,30,40853.841289,40839.903153,1,163.093552,62.847112,1,2,1
2025-07-10,12,30,39020.928153,38646.614692,1,464.724702,416.756572,1,1,1
2025-07-10,18,30,22872.107399,22872.107399,1,0.000000,0.000000,1,1,1
2025-07-11,6,30,17001.486351,17001.007050,1,6.724397,6.724397,1,1,1
2025-07-11,12,30,16267.217938,16166.885096,1,453.271723,70.996500,1,1,1
2025-07-11,18,30,11723.937389,11723.937389,1,0.000000,0.000000,1,1,1
2025-07-12,6,30,17431.795177,17278.459110,1,242.403600,61.240089,1,1,1
2025-07-12,12,30,17408.977299,17101.361210,1,498.653925,95.274622,1,1,1
2025-07-12,18,30,12472.230730,12472.230730,1,0.000000,0.000000,1,1,1
2025-07-13,6,30,44204.306494,42853.162602,1,6016.254419,815.121098,1,2,1
2025-07-13,12,30,40077.537909,38271.869619,1,7322.314805,899.128268,1,3,1
2025-07-13,18,30,24508.462386,24506.500583,1,29.245488,16.533917,1,1,1
2025-07-14,6,30,38962.786320,38573.261172,1,1951.601826,388.801148,1,2,1
2025-07-14,12,30,37158.093858,37158.954445,0,0.000000,0.000000,1,2,1
2025-07-14,18,30,23714.255611,23714.255611,1,0.000000,0.000000,1,1,1
2025-07-15,6,30,42013.738096,40993.934736,1,5439.969606,881.900868,1,1,1
2025-07-15,12,30,39819.061074,39423.635112,1,3083.572189,869.885904,1,1,1
2025-07-15,18,30,24950.274837,24938.467306,1,35.158456,14.410924,1,1,1
2025-07-16,6,30,40045.895821,39253.270414,1,3331.150998,826.418895,1,2,1
2025-07-16,12,30,39477.549346,39496.652968,0,0.000000,0.000000,1,1,1
2025-07-16,18,30,23235.913435,23235.913435,1,0.000000,0.000000,1,1,1
2025-07-17,6,30,44519.598533,42504.435345,1,2214.073616,575.756052,1,1,1
2025-07-17,12,30,39010.795139,38576.325783,1,565.549515,120.880791,1,4,1
2025-07-17,18,30,23625.296116,23625.296116,1,0.000000,0.000000,1,1,1
2025-07-18,6,30,17687.671044,17283.755818,1,1520.853501,217.272063,1,1,1
2025-07-18,12,30,17013.565571,16563.996625,1,1318.373048,217.272063,1,1,1
2025-07-18,18,30,12082.602744,12082.602744,1,0.000000,0.000000,1,1,1
2025-07-19,6,30,17525.277161,16918.394409,1,2169.616538,246.386240,1,1,1
2025-07-19,12,30,17220.855526,16879.220682,1,1590.882041,246.386240,1,1,1
2025-07-19,18,30,12167.853919,12167.853919,1,0.000000,0.000000,1,1,1
2025-07-20,6,30,40620.657155,40669.179025,0,0.000000,0.000000,1,2,1
2025-07-20,12,30,36914.063866,36306.565549,1,4113.700793,816.599800,1,1,1
2025-07-20,18,30,23109.029505,23109.029505,1,0.000000,0.000000,1,1,1
2025-07-21,6,30,41247.409051,40962.816476,1,3070.050082,825.263486,1,2,1
2025-07-21,12,30,40642.586502,40707.644721,0,0.000000,0.000000,1,1,1
2025-07-21,18,30,24129.357740,24129.357740,1,0.000000,0.000000,1,1,1
2025-07-22,6,30,70398.636403,49832.706630,1,9473.297962,894.508972,1,4,1
2025-07-22,12,30,38401.783395,38347.245202,1,1263.543686,171.372002,1,4,0
2025-07-22,18,30,23255.276042,23255.276042,1,0.000000,0.000000,1,1,1
2025-07-23,6,30,46833.119493,44447.067103,1,9693.561778,885.948782,1,3,1
2025-07-23,12,30,42478.810800,41765.713990,1,4300.599225,809.242555,1,1,1
2025-07-23,18,30,23810.033503,23810.033503,1,0.000000,0.000000,1,1,1
2025-07-24,6,30,46194.058636,45118.204516,1,6045.269034,679.276630,1,3,1
2025-07-24,12,30,43532.313870,42202.250265,1,5674.886575,845.179620,1,2,1
2025-07-24,18,30,24204.337149,24204.337149,1,0.000000,0.000000,1,1,1
2025-07-25,6,30,18052.996480,18043.487818,1,79.392044,49.977967,1,1,1
2025-07-25,12,30,17682.205757,17679.374118,1,17.677911,17.677911,1,1,1
2025-07-25,18,30,12694.990579,12694.990579,1,0.000000,0.000000,1,1,1
2025-07-26,6,30,16171.208410,16001.267897,1,310.430561,62.963763,1,1,1
2025-07-26,12,30,15701.440375,15698.644214,1,27.551150,22.818375,1,1,1
2025-07-26,18,30,12550.596686,12550.590170,1,6.836364,6.836364,1,1,1
2025-07-27,6,30,38140.785691,37787.161461,1,1360.261926,268.073747,1,2,1
2025-07-27,12,30,34370.837304,34108.561053,1,1151.133566,565.957379,1,1,1
2025-07-27,18,30,23325.471322,23177.112536,1,198.725191,91.010748,1,2,1
2025-07-28,6,30,44825.856075,44252.608514,1,658.355873,202.460956,1,3,1
2025-07-28,12,30,40702.990956,40703.151718,0,0.000000,0.000000,1,1,1
2025-07-28,18,30,24824.907585,24540.423271,1,272.431630,73.751449,1,2,1
2025-07-29,6,30,52067.316978,45839.724043,1,4476.011385,879.211735,1,4,0
2025-07-29,12,30,39296.625418,39343.146920,0,0.000000,0.000000,1,1,1
2025-07-29,18,30,22798.317527,22798.317527,1,0.000000,0.000000,1,1,1
2025-07-30,6,30,59094.108375,44903.105918,1,7916.507089,807.667722,1,2,1
2025-07-30,12,30,49316.244775,40686.104185,1,3046.763195,534.113041,1,2,1
2025-07-30,18,30,24262.515804,24262.515804,1,0.000000,0.000000,1,1,1
2025-07-31,6,30,44864.106028,42731.989840,1,2220.355684,614.157237,1,1,1
2025-07-31,12,30,42462.425147,40139.302771,1,1256.970328,536.268699,1,2,1
2025-07-31,18,30,24055.981941,24034.725844,1,84.441479,25.434912,1,1,1
2025-08-01,6,30,17259.948638,17032.479050,1,583.055983,138.475117,1,1,1
2025-08-01,12,30,17026.244684,16832.594392,1,608.502515,131.574258,1,1,1
2025-08-01,18,30,11832.540994,11832.540994,1,0.000000,0.000000,1,1,1
2025-08-02,6,30,15946.507385,15627.417462,1,954.681893,150.661818,1,1,1
2025-08-02,12,30,15867.164199,15730.726637,1,653.434510,96.389105,1,1,1
2025-08-02,18,30,11442.963757,11442.963757,1,0.000000,0.000000,1,1,1
2025-08-03,6,30,32942.870591,31961.833406,1,1133.579849,248.360440,1,2,1
2025-08-03,12,30,29689.456435,29711.695183,0,0.000000,0.000000,1,2,1
2025-08-03,18,30,21092.233990,21092.233990,1,0.000000,0.000000,1,1,1
2025-08-04,6,30,39347.337432,38237.597096,1,1167.052165,405.798982,1,1,1
2025-08-04,12,30,35823.508904,35014.162963,1,3385.531912,839.673868,1,2,1
2025-08-04,18,30,23301.126986,23301.126986,1,0.000000,0.000000,1,1,1
2025-08-05,6,30,40396.688394,37827.310895,1,2224.942009,407.305285,1,4,0
2025-08-05,12,30,34947.102320,35052.515465,0,0.000000,0.000000,1,1,1
2025-08-05,18,30,22542.920529,22542.920529,1,0.000000,0.000000,1,1,1
2025-08-06,6,30,39876.314004,39224.091771,1,3683.058072,721.217683,1,2,1
2025-08-06,12,30,39023.807070,38415.431395,1,3299.997872,716.567491,1,2,1
2025-08-06,18,30,22387.130136,22387.130136,1,0.000000,0.000000,1,1,1
2025-08-07,6,30,38369.595197,37329.586210,1,7080.864987,773.446026,1,3,1
2025-08-07,12,30,34835.340949,34201.983657,1,3218.358229,817.021892,1,1,1
2025-08-07,18,30,21719.809088,21719.809088,1,0.000000,0.000000,1,1,1
2025-08-08,6,30,16050.776299,16050.776299,1,0.000000,0.000000,1,1,1
2025-08-08,12,30,15814.841519,15814.841519,1,0.000000,0.000000,1,1,1
2025-08-08,18,30,12057.378177,12057.378177,1,0.000000,0.000000,1,1,1
2025-08-09,6,30,14359.236730,14340.772070,1,132.950057,51.085638,1,1,1
2025-08-09,12,30,14407.066562,14407.066562,1,0.000000,0.000000,1,1,1
2025-08-09,18,30,10732.781184,10732.781184,1,0.000000,0.000000,1,1,1
2025-08-10,6,30,30925.132171,30809.784739,1,1993.704591,320.284331,1,2,1
2025-08-10,12,30,31040.484071,31027.333764,1,1878.166169,385.071296,1,2,1
2025-08-10,18,30,20968.763067,20771.545994,1,170.484898,104.156504,1,1,1
2025-08-11,6,30,35768.970462,35413.475213,1,554.381924,114.650291,1,1,1
2025-08-11,12,30,33078.712250,33030.518083,1,587.326650,442.309286,1,1,1
2025-08-11,18,30,22138.729191,22138.729191,1,0.000000,0.000000,1,1,1
2025-08-12,6,30,37948.264616,37804.107490,1,1363.674164,225.387385,1,2,1
2025-08-12,12,30,35328.298229,34954.724730,1,2456.556378,747.573097,1,1,1
2025-08-12,18,30,22466.977666,22466.977666,1,0.000000,0.000000,1,1,1
2025-08-13,6,30,36790.261393,35406.551638,1,1458.254884,511.767357,1,2,1
2025-08-13,12,30,38040.210908,34698.788953,1,1300.566901,496.945009,1,1,1
2025-08-13,18,30,22168.062458,22168.062458,1,0.000000,0.000000,1,1,1
2025-08-14,6,30,42140.608073,38351.940051,1,2877.800930,479.440086,1,3,1
2025-08-14,12,30,34662.844844,34725.740469,0,0.000000,0.000000,1,2,1
2025-08-14,18,30,22064.580134,22064.580134,1,0.000000,0.000000,1,1,1
2025-08-15,6,30,16624.172602,16436.473307,1,537.191449,133.212693,1,1,1
2025-08-15,12,30,16327.221228,16037.060031,1,825.120230,148.236791,1,1,1
2025-08-15,18,30,11301.124106,11301.124106,1,0.000000,0.000000,1,1,1
2025-08-16,6,30,16375.286398,15398.565111,1,2401.187485,232.793571,1,1,1
2025-08-16,12,30,15455.127955,14764.397660,1,2201.222159,250.128050,1,1,1
2025-08-16,18,30,10844.760992,10844.760992,1,0.000000,0.000000,1,1,1
2025-08-17,6,30,30632.757803,30684.338561,0,0.000000,0.000000,1,3,1
2025-08-17,12,30,30255.488615,29693.063242,1,2899.934267,746.151362,1,1,1
2025-08-17,18,30,20457.423096,20457.423096,1,0.000000,0.000000,1,1,1
2025-08-18,6,30,35085.067731,35105.494734,0,0.000000,0.000000,1,2,1
2025-08-18,12,30,33274.204409,32702.577713,1,2004.864484,440.263990,1,1,1
2025-08-18,18,30,22061.537321,22061.537321,1,0.000000,0.000000,1,1,1
2025-08-19,6,30,33941.816108,33716.389389,1,1487.217500,166.681934,1,2,1
2025-08-19,12,30,33880.899571,33833.479815,1,1383.326672,516.928262,1,1,1
2025-08-19,18,30,21845.244722,21845.244722,1,0.000000,0.000000,1,1,1
2025-08-20,6,30,37546.918204,36800.596835,1,3925.731082,771.832531,1,1,1
2025-08-20,12,30,34984.738706,34160.144684,1,3753.586890,894.839863,1,1,1
2025-08-20,18,30,24381.552395,23729.105125,1,332.002945,243.531410,1,1,1
2025-08-21,6,30,35552.532150,34798.885816,1,5013.667012,778.678075,1,4,1
2025-08-21,12,30,34256.390433,33657.372479,1,2522.330528,802.267751,1,1,1
2025-08-21,18,30,21685.436010,21685.436010,1,0.000000,0.000000,1,1,1
2025-08-22,6,30,16111.538842,15833.118346,1,742.571062,139.872016,1,1,1
2025-08-22,12,30,15589.478340,15401.119445,1,579.536387,136.763822,1,1,1
2025-08-22,18,30,11430.230425,11400.350575,1,68.445106,26.640383,1,1,1
2025-08-23,6,30,14975.148064,14799.236565,1,307.416165,66.656865,1,1,1
2025-08-23,12,30,14770.432450,14631.919969,1,279.388500,61.338017,1,1,1
2025-08-23,18,30,11132.743373,11122.394951,1,58.235130,29.317555,1,1,1
2025-08-24,6,30,30755.355603,29732.160356,1,3658.241583,890.488667,1,3,1
2025-08-24,12,30,30714.886864,30760.026077,0,0.000000,0.000000,1,1,1
2025-08-24,18,30,20483.431490,20483.431490,1,0.000000,0.000000,1,1,1
2025-08-25,6,30,45365.836740,41767.944663,1,13367.474491,1035.518271,1,4,0
2025-08-25,12,30,41373.366266,38441.860781,1,8293.154984,860.342643,1,1,1
2025-08-25,18,30,21694.289304,21694.289304,1,0.000000,0.000000,1,1,1
2025-08-26,6,30,37109.335028,36653.251238,1,641.455171,421.178977,1,4,0
2025-08-26,12,30,34505.294614,34589.335301,0,0.000000,0.000000,1,2,1
2025-08-26,18,30,21794.246022,21794.246022,1,0.000000,0.000000,1,1,1
2025-08-27,6,30,49963.906741,40664.194453,1,5163.085081,944.052804,1,4,0
2025-08-27,12,30,34483.014007,33943.115775,1,686.630882,197.204524,1,2,1
2025-08-27,18,30,21020.844841,21020.770734,1,8.551831,8.551831,1,1,1
2025-08-28,6,30,48076.209396,39900.217426,1,4803.304471,883.189570,1,4,0
2025-08-28,12,30,46612.464811,35971.899463,1,3149.250039,616.462906,1,3,1
2025-08-28,18,30,21533.607281,21518.391934,1,81.934082,35.744117,1,1,1
2025-08-29,6,30,16626.765633,16234.839376,1,1068.736230,193.455816,1,1,1
2025-08-29,12,30,16524.928893,16352.701916,1,501.941573,103.994863,1,1,1
2025-08-29,18,30,11342.432251,11342.432251,1,0.000000,0.000000,1,1,1
2025-08-30,6,30,14623.541860,14623.541860,1,0.000000,0.000000,1,1,1
2025-08-30,12,30,14230.438241,14207.124514,1,146.942126,71.000652,1,1,1
2025-08-30,18,30,10523.536031,10523.536031,1,0.000000,0.000000,1,1,1
2025-08-31,6,30,35574.043651,33960.414712,1,1737.461444,367.926308,1,4,0
2025-08-31,12,30,31288.001041,31335.692180,0,0.000000,0.000000,1,1,1
2025-08-31,18,30,20146.281665,20146.281665,1,0.000000,0.000000,1,1,1
2025-09-01,6,30,36904.659674,35088.946463,1,8134.889037,870.413642,1,4,0
2025-09-01,12,30,34183.144586,33483.157492,1,3183.958252,651.730636,1,1,1
2025-09-01,18,30,20026.948808,20020.746877,1,58.619905,36.708458,1,1,1
2025-09-02,6,30,31318.924247,28429.881157,1,2887.368918,389.338538,1,4,0
2025-09-02,12,30,24898.850558,24896.944108,1,21.485551,21.485551,1,1,1
2025-09-02,18,30,17006.726447,16866.432375,1,206.642063,71.489519,1,1,1
2025-09-03,6,30,27251.317287,27172.020899,1,1937.656658,462.691645,1,2,1
2025-09-03,12,30,26496.620472,26292.589772,1,1731.819689,493.895313,1,1,1
2025-09-03,18,30,17108.395078,16423.606931,1,376.337080,202.844147,1,1,1
2025-09-04,6,30,26265.710938,26269.547833,0,0.000000,0.000000,1,2,1
2025-09-04,12,30,25689.505525,25457.636230,1,977.885059,552.014902,1,1,1
2025-09-04,18,30,15629.700642,15544.754477,1,150.919485,58.244836,1,1,1
2025-09-05,6,30,12379.243897,12213.193845,1,549.788435,105.200738,1,1,1
2025-09-05,12,30,12237.142717,11978.691818,1,802.249687,144.344187,1,1,1
2025-09-05,18,30,7949.896268,7949.896268,1,0.000000,0.000000,1,1,1
2025-09-06,6,30,9132.576932,9112.129553,1,106.176461,32.632755,1,1,1
2025-09-06,12,30,8935.247480,8871.335673,1,309.065032,84.727293,1,1,1
2025-09-06,18,30,6254.518650,6254.518650,1,0.000000,0.000000,1,1,1
2025-09-07,6,30,32296.526412,23819.877365,1,4720.394249,825.429875,1,4,0
2025-09-07,12,30,19318.707534,19318.707534,1,0.000000,0.000000,1,1,1
2025-09-07,18,30,15612.661116,14022.188780,1,648.444836,613.571828,1,1,1
2025-09-08,6,30,28351.289373,28266.944957,1,2503.356492,574.051210,1,3,1
2025-09-08,12,30,26998.387044,26710.879302,1,1480.720341,574.051210,1,1,1
2025-09-08,18,30,16912.097295,15859.617632,1,484.250920,236.279284,1,1,1
2025-09-09,6,30,31289.271687,28285.115047,1,2454.739011,824.087502,1,3,1
2025-09-09,12,30,25250.313664,25078.077383,1,290.295420,104.712739,1,2,1
2025-09-09,18,30,16231.463904,15748.752316,1,332.856834,199.147139,1,1,1
2025-09-10,6,30,28564.992034,28084.323694,1,5744.238674,664.780035,1,4,1
2025-09-10,12,30,25982.313787,25979.234656,1,109.313164,33.928584,1,1,1
2025-09-10,18,30,15357.329570,15185.124259,1,201.781354,50.926336,1,1,1
2025-09-11,6,30,28856.827129,27194.644365,1,8118.182914,871.087074,1,3,1
2025-09-11,12,30,27602.729723,26229.639429,1,5624.196579,871.087074,1,1,1
2025-09-11,18,30,14366.932462,14366.932462,1,0.000000,0.000000,1,1,1
2025-09-12,6,30,11290.055429,11237.687173,1,231.185911,70.364658,1,1,1
2025-09-12,12,30,11172.896348,11172.346004,1,15.057989,13.519675,1,1,1
2025-09-12,18,30,7451.399797,7451.399797,1,0.000000,0.000000,1,1,1
2025-09-13,6,30,8387.726583,8383.422860,1,45.757014,21.546588,1,1,1
2025-09-13,12,30,8146.985930,8137.681778,1,70.898630,38.484748,1,1,1
2025-09-13,18,30,6493.106370,6170.917880,1,282.976057,282.976057,1,1,1
2025-09-14,6,30,23668.617671,22521.419894,1,4482.779630,607.420638,1,3,1
2025-09-14,12,30,20532.180834,20487.463802,1,1490.464539,367.721658,1,1,1
2025-09-14,18,30,18363.693976,14556.255329,1,1217.381535,660.670023,1,1,1
2025-09-15,6,30,26273.617979,26273.617979,1,0.000000,0.000000,1,1,1
2025-09-15,12,30,25549.264579,25549.264579,1,0.000000,0.000000,1,1,1
2025-09-15,18,30,15361.052599,15361.052599,1,0.000000,0.000000,1,1,1
2025-09-16,6,30,30797.286071,30216.812402,1,2521.248906,336.652366,1,3,1
2025-09-16,12,30,28461.020396,27008.501748,1,5292.232311,947.728703,1,1,1
2025-09-16,18,30,15112.314715,15112.314715,1,0.000000,0.000000,1,1,1
2025-09-17,6,30,30538.477947,30394.670702,1,1067.320469,483.085877,1,2,1
2025-09-17,12,30,27934.292540,27383.821765,1,3355.899336,870.759309,1,1,1
2025-09-17,18,30,14671.905841,14671.905841,1,0.000000,0.000000,1,1,1
2025-09-18,6,30,45636.385462,32290.178407,1,6536.224188,601.540436,1,4,1
2025-09-18,12,30,25437.423320,25438.040048,0,0.000000,0.000000,1,1,1
2025-09-18,18,30,14736.887345,14736.887345,1,0.000000,0.000000,1,1,1
2025-09-19,6,30,11742.986512,11741.527458,1,34.767676,31.462225,1,1,1
2025-09-19,12,30,11042.346083,10995.241985,1,228.099642,75.580290,1,1,1
2025-09-19,18,30,6997.160893,6997.160893,1,0.000000,0.000000,1,1,1
2025-09-20,6,30,9030.420952,8948.434046,1,217.489520,140.189697,1,1,1
2025-09-20,12,30,8454.755245,8396.543287,1,277.419704,90.244759,1,1,1
2025-09-20,18,30,6010.107059,5987.441338,1,39.407177,27.649030,1,1,1
2025-09-21,6,30,24451.854877,24534.313177,0,0.000000,0.000000,1,2,1
2025-09-21,12,30,21981.160396,21610.546085,1,1874.341367,344.417378,1,1,1
2025-09-21,18,30,13818.992053,13818.992053,1,0.000000,0.000000,1,1,1
2025-09-22,6,30,31470.796251,30201.741454,1,5808.086592,733.403960,1,2,1
2025-09-22,12,30,29568.249646,28570.160658,1,4394.277575,878.170492,1,3,1
2025-09-22,18,30,15441.892200,15441.892200,1,0.000000,0.000000,1,1,1
2025-09-23,6,30,31869.652350,31549.852183,1,1609.842523,653.548892,1,3,1
2025-09-23,12,30,28128.384206,27790.291190,1,2667.960040,751.978184,1,2,1
2025-09-23,18,30,15048.587550,15047.509694,1,50.109501,37.237881,1,1,1
2025-09-24,6,30,28035.342816,27904.454335,1,218.661852,206.340979,1,1,1
2025-09-24,12,30,33150.318359,27860.513975,1,2153.635784,432.219271,1,2,1
2025-09-24,18,30,15558.807599,15532.988401,1,80.131574,34.354035,1,1,1
2025-09-25,6,30,31318.474450,31124.439555,1,411.311429,161.692369,1,1,1
2025-09-25,12,30,26670.194989,26384.585687,1,1732.028042,477.140827,1,1,1
2025-09-25,18,30,14943.906601,14939.940701,1,72.235971,27.206529,1,1,1
2025-09-26,6,30,9927.591704,9819.565874,1,386.946203,90.335586,1,1,1
2025-09-26,12,30,9879.888580,9769.051079,1,394.574251,114.118485,1,1,1
2025-09-26,18,30,5588.910940,5588.910940,1,0.000000,0.000000,1,1,1
2025-09-27,6,30,9615.179653,9230.693663,1,657.231357,158.505912,1,1,1
2025-09-27,12,30,8113.557678,8113.557678,1,0.000000,0.000000,1,1,1
2025-09-27,18,30,6186.750605,6013.373155,1,193.339248,193.339248,1,1,1
2025-09-28,6,30,37545.800419,30783.932336,1,4645.560768,690.643014,1,2,1
2025-09-28,12,30,23314.248843,22962.746829,1,1969.314511,616.295262,1,1,1
2025-09-28,18,30,14272.647889,14272.647889,1,0.000000,0.000000,1,1,1
2025-09-29,6,30,31119.222838,29410.897662,1,6230.210547,784.307424,1,2,1
2025-09-29,12,30,27705.668038,27724.829491,0,0.000000,0.000000,1,1,1
2025-09-29,18,30,14438.666029,14418.910832,1,176.533910,72.256099,1,1,1
2025-09-30,6,30,31710.074486,31716.170293,0,0.000000,0.000000,1,1,1
2025-09-30,12,30,30601.643200,30388.280361,1,301.989986,274.434272,1,1,1
2025-09-30,18,30,14778.995050,14775.212713,1,32.556790,11.590183,1,1,1
2025-10-01,6,30,27628.254933,27500.039572,1,1159.096592,297.853671,1,2,1
2025-10-01,12,30,25999.541120,25406.850025,1,3034.465040,734.989504,1,1,1
2025-10-01,18,30,13972.396822,13944.253307,1,304.546048,95.109175,1,1,1
2025-10-02,6,30,28997.095047,26899.951773,1,7020.593584,845.558460,1,2,1
2025-10-02,12,30,24518.876595,23154.428692,1,5319.287274,845.558460,1,1,1
2025-10-02,18,30,12769.075724,12768.055733,1,10.180011,10.180011,1,1,1
2025-10-03,6,30,8646.791576,8639.441107,1,39.354106,39.354106,1,1,1
2025-10-03,12,30,8399.895357,8399.895357,1,0.000000,0.000000,1,1,1
2025-10-03,18,30,5042.849305,5042.849305,1,0.000000,0.000000,1,1,1
2025-10-04,6,30,6885.414154,6885.277612,1,21.296012,21.296012,1,1,1
2025-10-04,12,30,6704.770898,6702.675583,1,19.673686,16.135576,1,1,1
2025-10-04,18,30,4527.504736,4527.504736,1,0.000000,0.000000,1,1,1
2025-10-05,6,30,24987.443310,23022.511610,1,7439.403874,754.765172,1,2,1
2025-10-05,12,30,20033.630693,19938.353463,1,1473.297325,484.793934,1,1,1
2025-10-05,18,30,11673.398729,11673.398729,1,0.000000,0.000000,1,1,1
2025-10-06,6,30,25377.964200,24576.501073,1,898.543718,377.495838,1,2,1
2025-10-06,12,30,24224.775012,23682.006207,1,656.791264,335.936542,1,1,1
2025-10-06,18,30,13763.392459,13188.387057,1,444.158832,444.158832,1,1,1
2025-10-07,6,30,25651.183342,25629.127357,1,346.572643,194.236435,1,2,1
2025-10-07,12,30,22535.929762,22553.897479,0,0.000000,0.000000,1,1,1
2025-10-07,18,30,12174.470258,12174.470258,1,0.000000,0.000000,1,1,1
2025-10-08,6,30,23416.194411,23412.486853,1,123.653029,64.822519,1,2,1
2025-10-08,12,30,22109.793312,22112.820693,0,0.000000,0.000000,1,1,1
2025-10-08,18,30,12455.577584,12455.577584,1,0.000000,0.000000,1,1,1
2025-10-09,6,30,29085.158804,26157.056408,1,10956.484503,945.925579,1,2,1
2025-10-09,12,30,24089.761602,23275.482889,1,3783.748982,945.925579,1,1,1
2025-10-09,18,30,12352.876152,12352.876152,1,0.000000,0.000000,1,1,1
2025-10-10,6,30,7554.078639,7554.078639,1,0.000000,0.000000,1,1,1
2025-10-10,12,30,7195.750137,7195.750137,1,0.000000,0.000000,1,1,1
2025-10-10,18,30,4144.754103,4140.939271,1,24.961922,24.961922,1,1,1
2025-10-11,6,30,6268.941104,6268.925418,1,5.348334,5.348334,1,1,1
2025-10-11,12,30,6001.520443,6001.520443,1,0.000000,0.000000,1,1,1
2025-10-11,18,30,3875.781454,3833.001469,1,95.674781,95.674781,1,1,1
2025-10-12,6,30,22553.708386,22564.332590,0,0.000000,0.000000,1,2,1
2025-10-12,12,30,19235.010723,18973.795323,1,1832.975066,569.085595,1,1,1
2025-10-12,18,30,11664.310787,11647.291973,1,49.878967,19.824035,1,1,1
2025-10-13,6,30,26625.586480,25714.546816,1,4770.812713,847.968081,1,1,1
2025-10-13,12,30,24307.731649,23324.891823,1,4579.020264,847.968081,1,3,1
2025-10-13,18,30,12765.836033,12765.836033,1,0.000000,0.000000,1,1,1
2025-10-14,6,30,28570.308959,27264.572754,1,6593.718821,858.218280,1,2,1
2025-10-14,12,30,25391.945996,25205.650680,1,1112.978606,171.847553,1,2,1
2025-10-14,18,30,12254.709328,12254.709328,1,0.000000,0.000000,1,1,1
2025-10-15,6,30,30777.079195,28820.558407,1,7270.731849,933.342751,1,2,1
2025-10-15,12,30,26359.531165,25111.497461,1,4111.169547,878.544471,1,4,0
2025-10-15,18,30,11988.345964,11982.422616,1,60.433318,42.771296,1,1,1
2025-10-16,6,30,29065.878486,28862.403678,1,828.284149,300.327674,1,2,1
2025-10-16,12,30,24912.250846,24893.624387,1,447.292577,97.609815,1,2,1
2025-10-16,18,30,12778.756295,12778.756295,1,0.000000,0.000000,1,1,1
2025-10-17,6,30,7463.704613,7351.398781,1,388.255131,107.787272,1,1,1
2025-10-17,12,30,6833.684545,6801.794694,1,115.507446,56.450545,1,1,1
2025-10-17,18,30,3949.798609,3840.189643,1,150.642854,95.215611,1,1,1
2025-10-18,6,30,6811.656118,6750.440781,1,252.322139,117.897887,1,1,1
2025-10-18,12,30,6317.843143,6245.034677,1,293.055271,82.280314,1,1,1
2025-10-18,18,30,3334.512569,3334.512569,1,0.000000,0.000000,1,1,1
2025-10-19,6,30,26297.273451,26316.348836,0,0.000000,0.000000,1,2,1
2025-10-19,12,30,22438.218845,22248.154876,1,1054.242115,258.666845,1,2,1
2025-10-19,18,30,11849.371133,11849.371133,1,0.000000,0.000000,1,1,1
2025-10-20,6,30,32836.875843,32533.710861,1,1892.656092,142.682875,1,2,1
2025-10-20,12,30,26481.701862,25345.838309,1,3388.545064,718.371824,1,2,1
2025-10-20,18,30,11843.489302,11831.537776,1,93.702349,38.309833,1,1,1
2025-10-21,6,30,32552.400454,32541.810347,1,97.403468,80.896766,1,2,1
2025-10-21,12,30,27276.363715,27042.733829,1,1164.234140,147.576283,1,1,1
2025-10-21,18,30,12379.893843,12341.870625,1,271.907820,207.688822,1,1,1
2025-10-22,6,30,30442.769142,30424.569851,1,587.420610,76.117631,1,2,1
2025-10-22,12,30,25274.283447,25248.128258,1,87.017781,87.017781,1,1,1
2025-10-22,18,30,12061.621708,12040.364430,1,183.541573,54.997087,1,1,1
2025-10-23,6,30,35925.894681,31925.274177,1,13119.057565,817.372489,1,2,1
2025-10-23,12,30,25956.437005,25554.645218,1,1561.440459,247.145448,1,2,1
2025-10-23,18,30,11404.349753,11404.349753,1,0.000000,0.000000,1,1,1
2025-10-24,6,30,7165.249647,7165.249647,1,0.000000,0.000000,1,1,1
2025-10-24,12,30,6984.460748,6984.460748,1,0.000000,0.000000,1,1,1
2025-10-24,18,30,3861.851601,3755.364413,1,154.295894,154.295894,1,1,1
2025-10-25,6,30,6379.135432,6379.135432,1,0.000000,0.000000,1,1,1
2025-10-25,12,30,6254.868607,6254.868607,1,0.000000,0.000000,1,1,1
2025-10-25,18,30,3750.139121,3598.557767,1,193.505927,193.505927,1,1,1
2025-10-26,6,30,29142.423741,27189.817234,1,5974.310706,843.803008,1,3,1
2025-10-26,12,30,22014.430114,22014.430114,1,0.000000,0.000000,1,1,1
2025-10-26,18,30,11422.281921,11241.450198,1,196.252118,196.252118,1,1,1
2025-10-27,6,30,42550.644591,33645.908481,1,4857.836358,827.105991,1,3,1
2025-10-27,12,30,24345.223936,24344.346679,1,8.660970,8.660970,1,1,1
2025-10-27,18,30,10883.641850,10877.460984,1,52.924387,43.286005,1,1,1
2025-10-28,6,30,39419.735722,32979.348601,1,4112.312444,676.868465,1,2,1
2025-10-28,12,30,31462.414546,25600.282065,1,2448.457082,573.780454,1,3,1
2025-10-28,18,30,10830.605273,10830.605273,1,0.000000,0.000000,1,1,1
2025-10-29,6,30,34192.719510,34172.109884,1,88.275459,37.378846,1,1,1
2025-10-29,12,30,27448.152986,26854.834676,1,1659.392345,246.725979,1,2,1
2025-10-29,18,30,10959.489904,10959.489904,1,0.000000,0.000000,1,1,1
2025-10-30,6,30,32257.992078,31184.473140,1,1224.564434,219.348012,1,4,0
2025-10-30,12,30,27633.701622,25769.572674,1,1275.163215,381.154064,1,3,1
2025-10-30,18,30,12074.817057,12027.691266,1,70.116901,70.116901,1,1,1
2025-10-31,6,30,7752.548593,7575.845310,1,595.353884,144.462910,1,1,1
2025-10-31,12,30,7640.432958,7580.807071,1,245.626851,98.075719,1,1,1
2025-10-31,18,30,3171.767341,3171.767341,1,0.000000,0.000000,1,1,1
2025-11-01,6,30,6699.094771,6689.071107,1,91.549408,34.154990,1,1,1
2025-11-01,12,30,6737.072434,6737.072434,1,0.000000,0.000000,1,1,1
2025-11-01,18,30,3992.288867,3884.675974,1,142.874644,142.874644,1,1,1
2025-11-02,6,30,41099.584329,32593.627530,1,4534.950737,737.556206,1,2,1
2025-11-02,12,30,24222.115429,23743.341385,1,1710.278133,210.036127,1,2,1
2025-11-02,18,30,11025.163618,10985.469299,1,251.114526,248.581851,1,1,1
2025-11-03,6,30,35138.505714,34797.231695,1,1706.444787,753.138113,1,2,1
2025-11-03,12,30,28144.855846,27609.912358,1,1824.162544,303.809573,1,2,1
2025-11-03,18,30,12127.852441,12127.706389,1,8.383091,8.383091,1,1,1
2025-11-04,6,30,36663.163608,34192.061685,1,2074.529355,505.069420,1,4,1
2025-11-04,12,30,25266.201066,25091.193544,1,1151.132648,443.890056,1,1,1
2025-11-04,18,30,11715.761758,11715.761758,1,0.000000,0.000000,1,1,1
2025-11-05,6,30,36465.898544,34505.998191,1,6150.805170,522.213064,1,2,1
2025-11-05,12,30,29627.326280,28300.262525,1,3814.691390,503.401423,1,2,1
2025-11-05,18,30,11891.773592,11883.525305,1,79.367067,62.984540,1,1,1
2025-11-06,6,30,39716.115293,36800.228872,1,2380.130877,530.891562,1,4,0
2025-11-06,12,30,26818.025313,26819.850475,0,0.000000,0.000000,1,1,1
2025-11-06,18,30,11908.562184,11906.021018,1,37.644085,29.250539,1,1,1
2025-11-07,6,30,7730.922948,7730.922948,1,0.000000,0.000000,1,1,1
2025-11-07,12,30,7444.892759,7444.208819,1,12.372023,7.957756,1,1,1
2025-11-07,18,30,3734.907635,3395.971488,1,248.521770,248.521770,1,1,1
2025-11-08,6,30,7219.500077,7219.500077,1,0.000000,0.000000,1,1,1
2025-11-08,12,30,7077.552719,7077.552719,1,0.000000,0.000000,1,1,1
2025-11-08,18,30,2916.087632,2910.672052,1,25.001638,25.001638,1,1,1
2025-11-09,6,30,32034.506085,32052.880192,0,0.000000,0.000000,1,2,1
2025-11-09,12,30,25275.974403,24977.652148,1,1197.524863,295.647940,1,2,1
2025-11-09,18,30,11449.371644,11438.239164,1,101.919763,101.919763,1,1,1
2025-11-10,6,30,45771.319910,40806.649048,1,3022.966669,791.745784,1,2,1
2025-11-10,12,30,29658.795320,28918.814815,1,2138.233672,573.546511,1,3,1
2025-11-10,18,30,11605.307862,11593.057589,1,112.355730,100.180878,1,1,1
2025-11-11,6,30,39476.584602,39311.649471,1,947.177306,261.946499,1,2,1
2025-11-11,12,30,28676.575826,27896.215886,1,3025.815500,701.126089,1,2,1
2025-11-11,18,30,11923.469672,11906.354999,1,153.166450,113.838178,1,1,1
2025-11-12,6,30,46676.139207,40736.805565,1,3709.074424,464.268201,1,4,1
2025-11-12,12,30,27234.387008,26839.535527,1,1540.086808,601.173591,1,2,1
2025-11-12,18,30,12561.165762,12549.839004,1,87.877525,68.893353,1,1,1
2025-11-13,6,30,38738.617022,37111.132631,1,1744.026891,337.904428,1,4,1
2025-11-13,12,30,26908.717615,26641.770784,1,353.800462,237.415630,1,1,1
2025-11-13,18,30,13227.843272,12403.653958,1,349.487016,225.508713,1,1,1
2025-11-14,6,30,8112.975121,8110.390595,1,34.317777,21.346167,1,1,1
2025-11-14,12,30,8142.906908,8142.906908,1,0.000000,0.000000,1,1,1
2025-11-14,18,30,3567.045256,3369.280419,1,174.757698,174.757698,1,1,1
2025-11-15,6,30,7711.691775,7708.801666,1,22.717591,9.879383,1,1,1
2025-11-15,12,30,7505.207189,7466.940405,1,216.991632,68.058320,1,1,1
2025-11-15,18,30,3100.410329,3100.410329,1,0.000000,0.000000,1,1,1
2025-11-16,6,30,42320.381896,38522.041137,1,3170.897903,663.811156,1,3,1
2025-11-16,12,30,25455.191353,25455.191353,1,0.000000,0.000000,1,1,1
2025-11-16,18,30,12746.790654,12717.638729,1,220.408259,220.408259,1,1,1
2025-11-17,6,30,58469.244452,42721.744930,1,7119.663795,867.238939,1,3,1
2025-11-17,12,30,28048.278672,27945.385610,1,202.760138,194.172640,1,1,1
2025-11-17,18,30,11886.067604,11886.067604,1,0.000000,0.000000,1,1,1
2025-11-18,6,30,37646.691667,37609.691346,1,481.758013,85.109263,1,2,1
2025-11-18,12,30,31440.699508,31235.890770,1,419.950661,120.710456,1,1,1
2025-11-18,18,30,13773.853631,13149.033643,1,297.436458,287.528799,1,1,1
2025-11-19,6,30,57009.113008,45139.214719,1,5763.336709,819.190872,1,3,1
2025-11-19,12,30,28359.398999,28140.938226,1,1038.668652,352.929293,1,2,1
2025-11-19,18,30,12401.362272,12324.712704,1,664.821833,613.544943,1,1,1
2025-11-20,6,30,40200.224696,39428.444439,1,1057.696785,288.895106,1,1,1
2025-11-20,12,30,29908.059434,29831.351414,1,216.015689,115.358809,1,1,1
2025-11-20,18,30,13432.964750,13183.198135,1,184.196871,149.858431,1,1,1
2025-11-21,6,30,10875.108743,10388.100466,1,716.040866,351.070719,1,2,1
2025-11-21,12,30,8342.772404,8342.772404,1,0.000000,0.000000,1,1,1
2025-11-21,18,30,3564.301270,3372.301035,1,151.244495,151.244495,1,1,1
2025-11-22,6,30,8191.709039,8020.443803,1,755.686193,483.906831,1,1,1
2025-11-22,12,30,7763.673202,7645.383634,1,714.940906,483.906831,1,1,1
2025-11-22,18,30,3211.115472,3210.655778,1,8.135169,8.135169,1,1,1
2025-11-23,6,30,42965.823067,39905.711378,1,2607.214220,497.298468,1,4,0
2025-11-23,12,30,26564.743776,26457.171831,1,570.311185,71.525708,1,2,1
2025-11-23,18,30,12943.768632,12788.174009,1,978.003636,683.461818,1,1,1
2025-11-24,6,30,38897.273203,38747.311422,1,308.866723,211.668099,1,2,1
2025-11-24,12,30,28799.732306,28799.732306,1,0.000000,0.000000,1,1,1
2025-11-24,18,30,12466.855883,12389.961630,1,74.304537,22.654741,1,1,1
2025-11-25,6,30,45498.956114,43849.825926,1,4202.007764,417.314154,1,3,1
2025-11-25,12,30,33240.083957,31141.975753,1,5548.915936,830.800162,1,1,1
2025-11-25,18,30,12852.313794,12754.397384,1,888.134054,567.113003,1,1,1
2025-11-26,6,30,43679.212093,43298.145466,1,606.203989,139.246158,1,2,1
2025-11-26,12,30,31980.901590,31124.276531,1,2047.097179,234.320517,1,2,1
2025-11-26,18,30,12737.836925,12690.740023,1,440.452282,423.060580,1,1,1
2025-11-27,6,30,43414.228731,42976.633756,1,725.483982,103.757178,1,2,1
2025-11-27,12,30,30125.884438,29841.479819,1,1084.751434,297.943589,1,2,1
2025-11-27,18,30,12945.287243,12906.293343,1,364.610128,171.097802,1,1,1
2025-11-28,6,30,9818.158399,9805.907131,1,44.861729,32.041040,1,1,1
2025-11-28,12,30,8334.273698,8328.259129,1,83.616048,21.101449,1,1,1
2025-11-28,18,30,3675.593540,3498.535545,1,147.783193,147.783193,1,1,1
2025-11-29,6,30,11784.391725,10568.296224,1,6120.392680,732.590611,1,2,1
2025-11-29,12,30,9494.520733,8943.756206,1,2659.230723,656.112656,1,1,1
2025-11-29,18,30,3190.130522,3175.908145,1,432.457847,432.457847,1,1,1
2025-11-30,6,30,43165.706355,42218.693202,1,1438.948653,196.185986,1,4,1
2025-11-30,12,30,28887.519753,28882.327402,1,129.480284,95.803003,1,1,1
2025-11-30,18,30,12964.663332,12917.723429,1,64.187058,27.719581,1,1,1
2025-12-01,6,30,46888.227656,46762.673088,1,663.708519,102.246817,1,2,1
2025-12-01,12,30,33580.355200,33249.411094,1,1206.527127,118.915428,1,2,1
2025-12-01,18,30,13793.446890,13284.439434,1,264.259486,210.175576,1,1,1
2025-12-02,6,30,56478.345457,56402.614858,1,1075.724661,384.713689,1,2,1
2025-12-02,12,30,37332.690738,36478.291725,1,2212.937155,360.546866,1,2,1
2025-12-02,18,30,12738.016724,12635.289752,1,1069.469463,742.575047,1,1,1
2025-12-03,6,30,63322.370883,55172.413452,1,4468.069037,694.581625,1,4,0
2025-12-03,12,30,44423.749999,38270.283858,1,2294.454766,541.350556,1,3,1
2025-12-03,18,30,12959.468236,12929.935261,1,278.033244,276.614366,1,1,1
2025-12-04,6,30,54084.268470,53108.420768,1,3328.900432,788.008428,1,2,1
2025-12-04,12,30,38316.460756,36722.943865,1,3784.507058,362.360145,1,3,1
2025-12-04,18,30,11839.879363,11792.892698,1,542.555805,378.531108,1,1,1
2025-12-05,6,30,15244.889319,15164.749959,1,307.174042,172.861940,1,1,1
2025-12-05,12,30,12009.313682,12009.313682,1,0.000000,0.000000,1,1,1
2025-12-05,18,30,4217.722998,4217.722998,1,0.000000,0.000000,1,1,1
2025-12-06,6,30,15358.916996,15261.626080,1,1340.589104,535.593951,1,2,1
2025-12-06,12,30,11236.292416,10930.723678,1,1215.206498,395.830184,1,4,0
2025-12-06,18,30,4358.192932,4321.608905,1,450.312162,428.078911,1,1,1
2025-12-07,6,30,55453.290761,53544.755975,1,6665.426136,929.577449,1,2,1
2025-12-07,12,30,36216.835802,34905.666520,1,3702.280391,652.987714,1,3,1
2025-12-07,18,30,12290.891432,12101.179184,1,1292.531252,696.414243,1,1,1
2025-12-08,6,30,56626.031538,56603.801693,1,406.092075,93.288297,1,2,1
2025-12-08,12,30,36519.847351,35120.664266,1,4205.546354,837.837519,1,2,1
2025-12-08,18,30,12209.308939,12129.682733,1,622.731244,320.174594,1,1,1
2025-12-09,6,30,55016.558876,54174.944592,1,3705.591394,362.958917,1,2,1
2025-12-09,12,30,35044.144599,34489.649412,1,1786.358344,427.676985,1,4,1
2025-12-09,18,30,12677.910093,12631.871778,1,327.618288,270.243153,1,1,1
2025-12-10,6,30,55479.147536,54568.056961,1,1122.304757,159.641066,1,2,1
2025-12-10,12,30,37492.192321,37447.643081,1,253.077477,45.436059,1,1,1
2025-12-10,18,30,11823.469397,11782.343297,1,335.123895,270.146849,1,1,1
2025-12-11,6,30,54558.798013,53572.258187,1,3964.498773,772.571652,1,2,1
2025-12-11,12,30,37014.207378,35140.892373,1,4329.113661,868.372318,1,2,1
2025-12-11,18,30,11859.795551,11854.245273,1,43.060586,32.954762,1,1,1
2025-12-12,6,30,16129.858432,15712.188014,1,842.514002,321.761888,1,2,1
2025-12-12,12,30,10906.721619,10905.330980,1,14.779748,14.779748,1,2,1
2025-12-12,18,30,3234.931092,3150.418348,1,108.023015,108.023015,1,1,1
2025-12-13,6,30,15615.393436,15483.535056,1,1174.865437,528.911267,1,2,1
2025-12-13,12,30,9404.562370,9164.463037,1,1280.461160,567.076259,1,2,1
2025-12-13,18,30,3177.597735,3177.557734,1,13.873916,13.873916,1,1,1
2025-12-14,6,30,53444.660463,52382.914162,1,1271.686991,115.656071,1,4,1
2025-12-14,12,30,34141.592845,34141.592845,1,0.000000,0.000000,1,1,1
2025-12-14,18,30,11991.604603,11936.445249,1,270.304525,130.786949,1,1,1
2025-12-15,6,30,61864.975562,56157.660468,1,2932.993869,311.003838,1,4,0
2025-12-15,12,30,35910.895719,35908.890233,1,4.930806,4.930806,1,1,1
2025-12-15,18,30,11700.142531,11519.158281,1,167.511830,76.537036,1,1,1
2025-12-16,6,30,56031.774373,55295.571221,1,2775.213500,726.858494,1,2,1
2025-12-16,12,30,36910.299396,35904.480902,1,2446.868387,762.115148,1,1,1
2025-12-16,18,30,12008.560367,12008.560367,1,0.000000,0.000000,1,1,1
2025-12-17,6,30,56713.393777,55002.114229,1,5194.853645,778.952777,1,2,1
2025-12-17,12,30,35185.044567,34571.340102,1,1737.860681,581.018336,1,1,1
2025-12-17,18,30,11801.171857,11582.801497,1,188.715416,52.950476,1,2,1
2025-12-18,6,30,54715.017477,54546.400423,1,479.812830,60.069745,1,2,1
2025-12-18,12,30,33395.774554,33274.307702,1,618.517140,385.931751,1,1,1
2025-12-18,18,30,11433.269901,11407.130855,1,196.950931,118.680650,1,1,1
2025-12-19,6,30,14910.842321,14126.667966,1,1324.376687,386.465909,1,1,1
2025-12-19,12,30,10382.873381,10388.069091,0,0.000000,0.000000,1,1,1
2025-12-19,18,30,4228.852519,3923.401388,1,226.795327,218.669358,1,1,1
2025-12-20,6,30,13890.387887,13253.238590,1,2906.122170,524.582472,1,1,1
2025-12-20,12,30,10283.837859,10283.279271,1,86.101594,40.749070,1,1,1
2025-12-20,18,30,3130.093997,3121.742279,1,300.474708,300.474708,1,1,1
2025-12-21,6,30,50665.439625,49773.145579,1,2700.468479,760.312704,1,2,1
2025-12-21,12,30,34382.051448,33385.346850,1,735.510656,172.181513,1,2,1
2025-12-21,18,30,11123.859551,11064.172589,1,378.113272,222.999738,1,1,1
2025-12-22,6,30,52711.244955,52598.446399,1,553.902361,129.243583,1,2,1
2025-12-22,12,30,34357.830396,34357.830396,1,0.000000,0.000000,1,1,1
2025-12-22,18,30,11160.505974,11157.511008,1,64.569997,64.569997,1,1,1
2025-12-23,6,30,54823.763981,53389.915607,1,3762.363885,809.754980,1,2,1
2025-12-23,12,30,34890.065586,34812.898678,1,465.720359,274.617433,1,2,1
2025-12-23,18,30,11500.243702,11500.243702,1,0.000000,0.000000,1,1,1
2025-12-24,6,30,53783.490483,53479.910232,1,1021.065242,145.656384,1,2,1
2025-12-24,12,30,35003.193996,34571.845921,1,1300.995934,615.002256,1,2,1
2025-12-24,18,30,11414.935985,11413.186036,1,13.780868,7.228614,1,1,1
2025-12-25,6,30,49458.149283,49401.030343,1,344.174304,48.005342,1,2,1
2025-12-25,12,30,43731.794129,37649.608425,1,2325.936099,766.918881,1,3,1
2025-12-25,18,30,11733.246252,11733.246252,1,0.000000,0.000000,1,1,1
2025-12-26,6,30,13324.407271,13321.432153,1,114.875464,25.988171,1,1,1
2025-12-26,12,30,11093.007454,11093.007454,1,0.000000,0.000000,1,1,1
2025-12-26,18,30,4182.788848,3922.649640,1,222.741014,189.807911,1,1,1
2025-12-27,6,30,13232.367770,13116.646870,1,833.075465,198.566321,1,2,1
2025-12-27,12,30,10136.815002,10134.152980,1,81.316377,42.729530,1,2,1
2025-12-27,18,30,3337.146018,3312.701940,1,402.753246,402.753246,1,1,1
2025-12-28,6,30,48247.400804,47990.403852,1,1415.954812,165.812250,1,2,1
2025-12-28,12,30,31523.626461,31140.606121,1,1162.604837,338.585772,1,2,1
2025-12-28,18,30,10707.185632,10688.735791,1,178.715583,149.197973,1,1,1
2025-12-29,6,30,52802.575959,51538.590024,1,953.108404,348.778702,1,3,1
2025-12-29,12,30,33229.518360,33229.518360,1,0.000000,0.000000,1,1,1
2025-12-29,18,30,10912.830135,10886.395382,1,202.874897,114.458681,1,1,1
2025-12-30,6,30,52145.434963,52091.210533,1,540.272528,123.679344,1,2,1
2025-12-30,12,30,33599.866442,33158.996296,1,1336.783509,479.905627,1,2,1
2025-12-30,18,30,11111.823822,11093.498681,1,183.053758,129.326369,1,1,1
2025-12-31,6,30,53163.018539,52820.341722,1,1751.644357,785.051891,1,3,1
2025-12-31,12,30,33473.180071,33473.180071,1,0.000000,0.000000,1,1,1
2025-12-31,18,30,10940.368735,10932.896225,1,94.620549,49.283889,1,1,1
