日期,分支,序号,时刻起,时刻止,时段序,计划g_kWh,有效a_kWh,紧急b_kWh,实际价_元每kWh,计划费_元,调整费_元,紧急费_元,小计_元
2025-03-20,4-2,1,10:00,10:10,61,0.000000,0.000000,0.000000,0.948000,0.000000,0.000000,0.000000,0.000000
2025-03-20,4-2,2,12:00,12:10,73,442.060917,442.060917,0.000000,0.451900,199.767328,0.000000,0.000000,199.767328
2025-03-20,4-2,3,14:00,14:10,85,0.000000,0.000000,0.000000,0.935100,0.000000,0.000000,0.000000,0.000000
2025-03-20,4-2,4,16:00,16:10,97,480.478109,480.478109,81.783441,0.876700,421.235158,0.000000,358.497714,779.732872
2025-03-20,4-2,5,18:00,18:10,109,0.000000,0.000000,0.000000,1.299300,0.000000,0.000000,0.000000,0.000000
2025-03-20,4-2,6,20:00,20:10,121,679.395582,679.395582,52.540935,1.278900,868.879010,0.000000,335.973008,1204.852018
2025-03-20,4-3,1,10:00,10:10,61,0.000000,0.000000,0.000000,0.948000,0.000000,-0.000000,0.000000,0.000000
2025-03-20,4-3,2,12:00,12:10,73,814.486645,512.137961,0.000000,0.451900,231.435144,68.315685,0.000000,299.750830
2025-03-20,4-3,3,14:00,14:10,85,-0.000000,0.000000,0.000000,0.935100,-0.000000,0.000000,0.000000,0.000000
2025-03-20,4-3,4,16:00,16:10,97,686.681966,663.551452,0.000000,0.876700,581.735558,10.139261,0.000000,591.874819
2025-03-20,4-3,5,18:00,18:10,109,0.000000,0.000000,0.000000,1.299300,0.000000,-0.000000,0.000000,0.000000
2025-03-20,4-3,6,20:00,20:10,121,692.118281,692.118281,0.000000,1.278900,885.150070,-0.000000,0.000000,885.150070
2025-06-21,4-2,1,10:00,10:10,61,0.000000,0.000000,0.000000,0.670200,0.000000,0.000000,0.000000,0.000000
2025-06-21,4-2,2,12:00,12:10,73,0.000000,0.000000,0.000000,0.247300,0.000000,0.000000,0.000000,0.000000
2025-06-21,4-2,3,14:00,14:10,85,0.000000,0.000000,0.000000,0.799300,0.000000,0.000000,0.000000,0.000000
2025-06-21,4-2,4,16:00,16:10,97,120.309877,120.309877,0.000000,0.574400,69.105993,0.000000,0.000000,69.105993
2025-06-21,4-2,5,18:00,18:10,109,381.997513,381.997513,0.000000,1.131400,432.191986,0.000000,0.000000,432.191986
2025-06-21,4-2,6,20:00,20:10,121,0.000000,0.000000,0.000000,1.161100,0.000000,0.000000,0.000000,0.000000
2025-06-21,4-3,1,10:00,10:10,61,0.000000,0.000000,0.000000,0.670200,0.000000,-0.000000,0.000000,0.000000
2025-06-21,4-3,2,12:00,12:10,73,0.000000,0.000000,0.000000,0.247300,0.000000,-0.000000,0.000000,0.000000
2025-06-21,4-3,3,14:00,14:10,85,0.000000,0.000000,0.000000,0.799300,0.000000,-0.000000,0.000000,0.000000
2025-06-21,4-3,4,16:00,16:10,97,175.677300,175.677300,0.000000,0.574400,100.909041,-0.000000,0.000000,100.909041
2025-06-21,4-3,5,18:00,18:10,109,487.905209,487.905209,0.000000,1.131400,552.015954,-0.000000,0.000000,552.015954
2025-06-21,4-3,6,20:00,20:10,121,0.000000,0.000000,0.000000,1.161100,0.000000,-0.000000,0.000000,0.000000
2025-09-23,4-2,1,10:00,10:10,61,0.000000,0.000000,0.000000,0.983900,0.000000,0.000000,0.000000,0.000000
2025-09-23,4-2,2,12:00,12:10,73,481.159980,481.159980,0.000000,0.348100,167.491789,0.000000,0.000000,167.491789
2025-09-23,4-2,3,14:00,14:10,85,0.000000,0.000000,0.000000,0.942200,0.000000,0.000000,0.000000,0.000000
2025-09-23,4-2,4,16:00,16:10,97,560.416647,560.416647,0.000000,0.932500,522.588524,0.000000,0.000000,522.588524
2025-09-23,4-2,5,18:00,18:10,109,0.000000,0.000000,0.000000,1.327300,0.000000,0.000000,0.000000,0.000000
2025-09-23,4-2,6,20:00,20:10,121,53.690619,53.690619,0.000000,1.268700,68.117288,0.000000,0.000000,68.117288
2025-09-23,4-3,1,10:00,10:10,61,0.000000,0.000000,0.000000,0.983900,0.000000,-0.000000,0.000000,0.000000
2025-09-23,4-3,2,12:00,12:10,73,537.666351,0.000000,0.000000,0.348100,0.000000,93.580828,0.000000,93.580828
2025-09-23,4-3,3,14:00,14:10,85,0.000000,0.000000,0.000000,0.942200,0.000000,-0.000000,0.000000,0.000000
2025-09-23,4-3,4,16:00,16:10,97,771.812786,738.277548,0.000000,0.932500,688.443813,15.635805,0.000000,704.079618
2025-09-23,4-3,5,18:00,18:10,109,0.000000,0.000000,0.000000,1.327300,0.000000,-0.000000,0.000000,0.000000
2025-09-23,4-3,6,20:00,20:10,121,53.690619,53.690619,0.000000,1.268700,68.117288,-0.000000,0.000000,68.117288
2025-12-21,4-2,1,10:00,10:10,61,0.000000,0.000000,0.000000,1.402700,0.000000,0.000000,0.000000,0.000000
2025-12-21,4-2,2,12:00,12:10,73,875.222349,875.222349,0.000000,0.693600,607.054221,0.000000,0.000000,607.054221
2025-12-21,4-2,3,14:00,14:10,85,0.000000,0.000000,0.000000,1.368900,0.000000,0.000000,0.000000,0.000000
2025-12-21,4-2,4,16:00,16:10,97,861.678962,861.678962,0.000000,0.980000,844.445382,0.000000,0.000000,844.445382
2025-12-21,4-2,5,18:00,18:10,109,704.854614,704.854614,0.000000,1.295700,913.280123,0.000000,0.000000,913.280123
2025-12-21,4-2,6,20:00,20:10,121,0.000000,0.000000,0.000000,1.513700,0.000000,0.000000,0.000000,0.000000
2025-12-21,4-3,1,10:00,10:10,61,0.000000,0.000000,0.000000,1.402700,0.000000,-0.000000,0.000000,0.000000
2025-12-21,4-3,2,12:00,12:10,73,888.687977,972.664202,0.000000,0.693600,616.393981,87.368865,0.000000,703.762845
2025-12-21,4-3,3,14:00,14:10,85,0.000000,0.000000,0.000000,1.368900,0.000000,-0.000000,0.000000,0.000000
2025-12-21,4-3,4,16:00,16:10,97,941.808742,947.684636,0.000000,0.980000,922.972567,8.637564,0.000000,931.610131
2025-12-21,4-3,5,18:00,18:10,109,703.536506,691.083096,0.000000,1.295700,895.436368,8.067942,0.000000,903.504309
2025-12-21,4-3,6,20:00,20:10,121,0.000000,0.000000,0.000000,1.513700,0.000000,-0.000000,0.000000,0.000000
