日期,日均价,日最低价,日最高价,日内标准差,期别
2025-01-01,0.9265,0.4038,1.5993,0.3773,预热期
2025-01-02,0.9266,0.3623,1.6098,0.3830,预热期
2025-01-03,0.7386,0.2766,1.4264,0.3313,预热期
2025-01-04,0.7303,0.3175,1.4459,0.3318,预热期
2025-01-05,0.9252,0.3910,1.5747,0.3773,预热期
2025-01-06,0.9290,0.3710,1.6135,0.3821,预热期
2025-01-07,0.9234,0.3841,1.5672,0.3794,预热期
2025-01-08,0.9174,0.3663,1.5968,0.3849,预热期
2025-01-09,0.9206,0.3070,1.5726,0.3824,预热期
2025-01-10,0.7293,0.2836,1.4151,0.3352,预热期
2025-01-11,0.7342,0.2503,1.4519,0.3359,预热期
2025-01-12,0.9254,0.3872,1.6226,0.3811,预热期
2025-01-13,0.9149,0.3812,1.5303,0.3727,预热期
2025-01-14,0.9169,0.3771,1.5809,0.3832,预热期
2025-01-15,0.9231,0.4052,1.5854,0.3837,预热期
2025-01-16,0.9151,0.3275,1.6041,0.3819,预热期
2025-01-17,0.7245,0.2934,1.4338,0.3246,预热期
2025-01-18,0.7224,0.2881,1.3945,0.3193,预热期
2025-01-19,0.9177,0.3757,1.5934,0.3757,预热期
2025-01-20,0.9135,0.3830,1.5695,0.3782,预热期
2025-01-21,0.8956,0.3668,1.5603,0.3764,预热期
2025-01-22,0.9191,0.3719,1.5811,0.3861,预热期
2025-01-23,0.9220,0.3400,1.6401,0.3792,预热期
2025-01-24,0.7099,0.2582,1.4135,0.3255,预热期
2025-01-25,0.7050,0.2605,1.4005,0.3291,预热期
2025-01-26,0.9162,0.3577,1.6006,0.3785,预热期
2025-01-27,0.8984,0.3871,1.5717,0.3739,预热期
2025-01-28,0.9057,0.3261,1.6056,0.3769,预热期
2025-01-29,0.8898,0.3689,1.5930,0.3692,预热期
2025-01-30,0.9001,0.3538,1.5522,0.3786,预热期
2025-01-31,0.7114,0.2432,1.4161,0.3236,预热期
2025-02-01,0.6515,0.2537,1.1766,0.2820,评分期
2025-02-02,0.8364,0.3697,1.3998,0.3255,评分期
2025-02-03,0.8448,0.3709,1.3447,0.3276,评分期
2025-02-04,0.8492,0.3810,1.3987,0.3284,评分期
2025-02-05,0.8483,0.3423,1.3848,0.3248,评分期
2025-02-06,0.8440,0.3228,1.4470,0.3280,评分期
2025-02-07,0.6440,0.2631,1.2102,0.2831,评分期
2025-02-08,0.6424,0.2752,1.1675,0.2795,评分期
2025-02-09,0.8414,0.3001,1.3378,0.3247,评分期
2025-02-10,0.8181,0.3637,1.3520,0.3178,评分期
2025-02-11,0.8285,0.3600,1.3430,0.3212,评分期
2025-02-12,0.8264,0.3727,1.3314,0.3231,评分期
2025-02-13,0.8148,0.3026,1.3496,0.3226,评分期
2025-02-14,0.6311,0.2247,1.1609,0.2701,评分期
2025-02-15,0.6378,0.2846,1.1564,0.2687,评分期
2025-02-16,0.8303,0.3400,1.3733,0.3254,评分期
2025-02-17,0.8174,0.3597,1.3221,0.3115,评分期
2025-02-18,0.8145,0.3707,1.3605,0.3218,评分期
2025-02-19,0.8164,0.3736,1.3304,0.3235,评分期
2025-02-20,0.8168,0.3079,1.3465,0.3201,评分期
2025-02-21,0.6208,0.2473,1.1504,0.2668,评分期
2025-02-22,0.6353,0.2472,1.2217,0.2785,评分期
2025-02-23,0.8154,0.3868,1.3750,0.3184,评分期
2025-02-24,0.8082,0.3649,1.3842,0.3160,评分期
2025-02-25,0.7941,0.3725,1.3107,0.3169,评分期
2025-02-26,0.8055,0.3378,1.3369,0.3147,评分期
2025-02-27,0.7979,0.3235,1.3501,0.3226,评分期
2025-02-28,0.6167,0.2409,1.1629,0.2734,评分期
2025-03-01,0.6142,0.2405,1.1576,0.2776,评分期
2025-03-02,0.8123,0.3093,1.3111,0.3207,评分期
2025-03-03,0.8119,0.3264,1.3164,0.3201,评分期
2025-03-04,0.8006,0.3381,1.3441,0.3096,评分期
2025-03-05,0.7945,0.3644,1.3305,0.3202,评分期
2025-03-06,0.7919,0.3327,1.3434,0.3157,评分期
2025-03-07,0.6085,0.1545,1.1883,0.2823,评分期
2025-03-08,0.5973,0.2100,1.1729,0.2707,评分期
2025-03-09,0.7838,0.3641,1.3356,0.3158,评分期
2025-03-10,0.8025,0.3691,1.3308,0.3071,评分期
2025-03-11,0.7894,0.3822,1.3372,0.3132,评分期
2025-03-12,0.7802,0.3500,1.3485,0.3168,评分期
2025-03-13,0.7996,0.3312,1.3317,0.3129,评分期
2025-03-14,0.5914,0.1602,1.1955,0.2811,评分期
2025-03-15,0.6048,0.2699,1.1777,0.2645,评分期
2025-03-16,0.7849,0.3598,1.3095,0.3157,评分期
2025-03-17,0.7602,0.3670,1.3189,0.3079,评分期
2025-03-18,0.7760,0.3707,1.3196,0.3120,评分期
2025-03-19,0.7718,0.3401,1.3494,0.3106,评分期
2025-03-20,0.7786,0.2794,1.3228,0.3099,评分期
2025-03-21,0.5703,0.1352,1.1788,0.2795,评分期
2025-03-22,0.5874,0.1546,1.1642,0.2767,评分期
2025-03-23,0.7672,0.3404,1.3289,0.3050,评分期
2025-03-24,0.7675,0.3336,1.3583,0.3121,评分期
2025-03-25,0.7713,0.3706,1.3143,0.3118,评分期
2025-03-26,0.7566,0.3654,1.3062,0.3168,评分期
2025-03-27,0.7664,0.3125,1.3182,0.3120,评分期
2025-03-28,0.5748,0.1269,1.1837,0.2849,评分期
2025-03-29,0.5631,0.0913,1.1833,0.2790,评分期
2025-03-30,0.7520,0.3471,1.3168,0.3116,评分期
2025-03-31,0.7607,0.3473,1.3379,0.3056,评分期
2025-04-01,0.7731,0.3582,1.3193,0.2965,评分期
2025-04-02,0.7723,0.3693,1.3316,0.3056,评分期
2025-04-03,0.7645,0.3202,1.3867,0.3125,评分期
2025-04-04,0.5595,0.0905,1.2001,0.2742,评分期
2025-04-05,0.5755,0.1482,1.1736,0.2735,评分期
2025-04-06,0.7557,0.3579,1.3107,0.2989,评分期
2025-04-07,0.7517,0.3671,1.3349,0.3019,评分期
2025-04-08,0.7519,0.3246,1.3574,0.3159,评分期
2025-04-09,0.7663,0.3756,1.3210,0.3024,评分期
2025-04-10,0.7580,0.2828,1.3433,0.3152,评分期
2025-04-11,0.5515,0.1092,1.1471,0.2710,评分期
2025-04-12,0.5639,0.2140,1.1558,0.2630,评分期
2025-04-13,0.7563,0.3493,1.3312,0.2979,评分期
2025-04-14,0.7466,0.3437,1.3446,0.2980,评分期
2025-04-15,0.7385,0.3275,1.3283,0.3088,评分期
2025-04-16,0.7624,0.3669,1.3640,0.2974,评分期
2025-04-17,0.7478,0.3043,1.3148,0.3032,评分期
2025-04-18,0.5594,0.1948,1.1711,0.2644,评分期
2025-04-19,0.5580,0.1113,1.1659,0.2721,评分期
2025-04-20,0.7454,0.3618,1.3046,0.2993,评分期
2025-04-21,0.7340,0.2898,1.3263,0.3009,评分期
2025-04-22,0.7510,0.3534,1.3399,0.2981,评分期
2025-04-23,0.7479,0.3289,1.3932,0.2973,评分期
2025-04-24,0.7362,0.3044,1.3490,0.3006,评分期
2025-04-25,0.5407,0.1126,1.1686,0.2756,评分期
2025-04-26,0.5378,0.0076,1.1960,0.2833,评分期
2025-04-27,0.7338,0.2720,1.3177,0.3102,评分期
2025-04-28,0.7661,0.3592,1.3403,0.3001,评分期
2025-04-29,0.7304,0.3089,1.3284,0.3011,评分期
2025-04-30,0.7294,0.3282,1.3318,0.2966,评分期
2025-05-01,0.7473,0.2921,1.3606,0.3097,评分期
2025-05-02,0.5870,0.2486,1.2187,0.2671,评分期
2025-05-03,0.5698,0.1400,1.2238,0.2750,评分期
2025-05-04,0.7461,0.3732,1.3892,0.2976,评分期
2025-05-05,0.7605,0.3375,1.3756,0.3132,评分期
2025-05-06,0.7532,0.3324,1.3430,0.3100,评分期
2025-05-07,0.7587,0.3470,1.3712,0.3081,评分期
2025-05-08,0.7617,0.3201,1.4134,0.3045,评分期
2025-05-09,0.5667,0.1705,1.1847,0.2760,评分期
2025-05-10,0.5753,0.1241,1.1933,0.2809,评分期
2025-05-11,0.7608,0.3089,1.3772,0.3071,评分期
2025-05-12,0.7518,0.3229,1.3827,0.2983,评分期
2025-05-13,0.7564,0.2841,1.3607,0.3069,评分期
2025-05-14,0.7476,0.2722,1.3983,0.3044,评分期
2025-05-15,0.7528,0.3356,1.3271,0.3000,评分期
2025-05-16,0.5454,0.0992,1.2252,0.2844,评分期
2025-05-17,0.5734,0.2134,1.2422,0.2734,评分期
2025-05-18,0.7507,0.3770,1.3468,0.2990,评分期
2025-05-19,0.7318,0.2653,1.3957,0.3110,评分期
2025-05-20,0.7566,0.3146,1.3730,0.3030,评分期
2025-05-21,0.7458,0.3110,1.3612,0.3050,评分期
2025-05-22,0.7462,0.3239,1.3576,0.3018,评分期
2025-05-23,0.5570,0.1593,1.1880,0.2719,评分期
2025-05-24,0.5532,0.1275,1.1755,0.2775,评分期
2025-05-25,0.7380,0.3608,1.4094,0.3056,评分期
2025-05-26,0.7525,0.3289,1.3799,0.2973,评分期
2025-05-27,0.7429,0.3312,1.3497,0.3093,评分期
2025-05-28,0.7513,0.2285,1.3888,0.3042,评分期
2025-05-29,0.7595,0.3164,1.3731,0.3137,评分期
2025-05-30,0.5610,0.0389,1.2666,0.2772,评分期
2025-05-31,0.5664,0.1409,1.2000,0.2797,评分期
2025-06-01,0.8192,0.3697,1.4060,0.3031,评分期
2025-06-02,0.8099,0.3546,1.3869,0.3197,评分期
2025-06-03,0.8063,0.3586,1.4412,0.3124,评分期
2025-06-04,0.8137,0.3598,1.4185,0.3061,评分期
2025-06-05,0.8221,0.3403,1.4022,0.3165,评分期
2025-06-06,0.6493,0.2445,1.2673,0.2804,评分期
2025-06-07,0.6503,0.2901,1.2859,0.2781,评分期
2025-06-08,0.7971,0.3642,1.4164,0.3040,评分期
2025-06-09,0.8193,0.3522,1.4169,0.3142,评分期
2025-06-10,0.8168,0.3770,1.4372,0.3144,评分期
2025-06-11,0.8317,0.2889,1.4420,0.3230,评分期
2025-06-12,0.8220,0.3069,1.4394,0.3231,评分期
2025-06-13,0.6400,0.2565,1.2980,0.2842,评分期
2025-06-14,0.6369,0.2585,1.2380,0.2747,评分期
2025-06-15,0.8178,0.3571,1.4464,0.3156,评分期
2025-06-16,0.8232,0.3023,1.3988,0.3116,评分期
2025-06-17,0.8286,0.3465,1.4509,0.3168,评分期
2025-06-18,0.8200,0.3499,1.4109,0.3117,评分期
2025-06-19,0.8079,0.3554,1.4236,0.3159,评分期
2025-06-20,0.6213,0.2668,1.2402,0.2766,评分期
2025-06-21,0.6095,0.1828,1.2633,0.2808,评分期
2025-06-22,0.8075,0.3355,1.4122,0.3117,评分期
2025-06-23,0.8049,0.3539,1.4023,0.3159,评分期
2025-06-24,0.8405,0.3611,1.4158,0.3200,评分期
2025-06-25,0.8163,0.3384,1.4004,0.3185,评分期
2025-06-26,0.8060,0.3376,1.4170,0.3172,评分期
2025-06-27,0.6051,0.1708,1.2437,0.2803,评分期
2025-06-28,0.6230,0.1995,1.2402,0.2826,评分期
2025-06-29,0.8118,0.3508,1.3938,0.3112,评分期
2025-06-30,0.8102,0.3316,1.4347,0.3103,评分期
2025-07-01,0.8908,0.3868,1.7322,0.3670,评分期
2025-07-02,0.8753,0.4184,1.7270,0.3577,评分期
2025-07-03,0.9014,0.3737,1.7936,0.3694,评分期
2025-07-04,0.6903,0.1337,1.5677,0.3477,评分期
2025-07-05,0.6843,0.1680,1.5334,0.3298,评分期
2025-07-06,0.8987,0.4315,1.7731,0.3726,评分期
2025-07-07,0.8774,0.3983,1.7052,0.3597,评分期
2025-07-08,0.8836,0.3935,1.7507,0.3708,评分期
2025-07-09,0.8792,0.3976,1.7416,0.3668,评分期
2025-07-10,0.8775,0.4072,1.7648,0.3672,评分期
2025-07-11,0.7069,0.2855,1.5451,0.3331,评分期
2025-07-12,0.6943,0.2556,1.5783,0.3371,评分期
2025-07-13,0.8543,0.3392,1.7345,0.3703,评分期
2025-07-14,0.8722,0.3522,1.7345,0.3694,评分期
2025-07-15,0.8721,0.3419,1.7416,0.3605,评分期
2025-07-16,0.8758,0.3718,1.6813,0.3555,评分期
2025-07-17,0.8748,0.3696,1.7092,0.3671,评分期
2025-07-18,0.6942,0.3031,1.5835,0.3354,评分期
2025-07-19,0.6803,0.1583,1.5795,0.3421,评分期
2025-07-20,0.8676,0.3497,1.7018,0.3610,评分期
2025-07-21,0.8792,0.3888,1.7317,0.3613,评分期
2025-07-22,0.8751,0.3953,1.7059,0.3599,评分期
2025-07-23,0.8756,0.4298,1.7196,0.3648,评分期
2025-07-24,0.8774,0.4014,1.7129,0.3654,评分期
2025-07-25,0.6770,0.1920,1.5162,0.3421,评分期
2025-07-26,0.6880,0.2778,1.5779,0.3304,评分期
2025-07-27,0.8771,0.3756,1.6917,0.3673,评分期
2025-07-28,0.8862,0.3783,1.7444,0.3628,评分期
2025-07-29,0.8846,0.4164,1.7497,0.3670,评分期
2025-07-30,0.8797,0.3727,1.6898,0.3632,评分期
2025-07-31,0.8814,0.3810,1.7439,0.3704,评分期
2025-08-01,0.6664,0.1568,1.5892,0.3380,评分期
2025-08-02,0.6622,0.1219,1.5378,0.3449,评分期
2025-08-03,0.8334,0.3408,1.6920,0.3674,评分期
2025-08-04,0.8448,0.3740,1.6947,0.3590,评分期
2025-08-05,0.8446,0.3346,1.7018,0.3627,评分期
2025-08-06,0.8577,0.3616,1.7116,0.3649,评分期
2025-08-07,0.8411,0.3292,1.7422,0.3632,评分期
2025-08-08,0.6380,0.0665,1.5268,0.3425,评分期
2025-08-09,0.6530,0.1714,1.5586,0.3381,评分期
2025-08-10,0.8487,0.3761,1.7523,0.3627,评分期
2025-08-11,0.8396,0.3636,1.7686,0.3691,评分期
2025-08-12,0.8574,0.3472,1.7091,0.3664,评分期
2025-08-13,0.8532,0.3789,1.7327,0.3614,评分期
2025-08-14,0.8501,0.3843,1.7384,0.3621,评分期
2025-08-15,0.6512,0.1119,1.6114,0.3478,评分期
2025-08-16,0.6473,0.0685,1.5409,0.3458,评分期
2025-08-17,0.8399,0.3386,1.7136,0.3707,评分期
2025-08-18,0.8476,0.3325,1.7616,0.3707,评分期
2025-08-19,0.8429,0.4324,1.7202,0.3582,评分期
2025-08-20,0.8663,0.4085,1.7251,0.3705,评分期
2025-08-21,0.8472,0.4163,1.7157,0.3606,评分期
2025-08-22,0.6605,0.1444,1.5612,0.3401,评分期
2025-08-23,0.6592,0.1405,1.5209,0.3463,评分期
2025-08-24,0.8410,0.3394,1.7075,0.3707,评分期
2025-08-25,0.8602,0.3974,1.7083,0.3674,评分期
2025-08-26,0.8444,0.3224,1.6987,0.3753,评分期
2025-08-27,0.8534,0.3375,1.7058,0.3765,评分期
2025-08-28,0.8635,0.3748,1.7227,0.3696,评分期
2025-08-29,0.6645,0.1616,1.5608,0.3381,评分期
2025-08-30,0.6547,0.1150,1.5978,0.3452,评分期
2025-08-31,0.8465,0.4046,1.7034,0.3691,评分期
2025-09-01,0.7517,0.3616,1.3670,0.3036,评分期
2025-09-02,0.7540,0.3185,1.3791,0.3170,评分期
2025-09-03,0.7610,0.3744,1.3826,0.3110,评分期
2025-09-04,0.7570,0.3556,1.3949,0.3203,评分期
2025-09-05,0.5586,0.1454,1.2232,0.2805,评分期
2025-09-06,0.5657,0.0700,1.2147,0.2961,评分期
2025-09-07,0.7593,0.3572,1.3878,0.3204,评分期
2025-09-08,0.7735,0.3635,1.3580,0.3177,评分期
2025-09-09,0.7519,0.2568,1.3770,0.3186,评分期
2025-09-10,0.7818,0.3604,1.3717,0.3212,评分期
2025-09-11,0.7531,0.3010,1.3680,0.3181,评分期
2025-09-12,0.5751,0.1120,1.2190,0.2871,评分期
2025-09-13,0.5665,0.0376,1.2673,0.2970,评分期
2025-09-14,0.7759,0.3774,1.3811,0.3187,评分期
2025-09-15,0.7617,0.3138,1.3666,0.3191,评分期
2025-09-16,0.7779,0.3741,1.3713,0.3142,评分期
2025-09-17,0.7781,0.3228,1.3545,0.3170,评分期
2025-09-18,0.7698,0.3550,1.4221,0.3232,评分期
2025-09-19,0.5933,0.2021,1.2857,0.2811,评分期
2025-09-20,0.5875,0.0958,1.2367,0.2925,评分期
2025-09-21,0.7738,0.3600,1.3742,0.3171,评分期
2025-09-22,0.7822,0.3810,1.3934,0.3206,评分期
2025-09-23,0.7818,0.3271,1.3866,0.3263,评分期
2025-09-24,0.7761,0.3701,1.3677,0.3155,评分期
2025-09-25,0.7776,0.3266,1.3825,0.3183,评分期
2025-09-26,0.5928,0.1786,1.1987,0.2828,评分期
2025-09-27,0.5997,0.2080,1.2231,0.2836,评分期
2025-09-28,0.7894,0.3864,1.3665,0.3160,评分期
2025-09-29,0.7878,0.3708,1.3651,0.3176,评分期
2025-09-30,0.7938,0.3589,1.3781,0.3306,评分期
2025-10-01,0.7382,0.2329,1.3138,0.3128,评分期
2025-10-02,0.7420,0.3234,1.3383,0.3133,评分期
2025-10-03,0.5580,0.0924,1.1747,0.2841,评分期
2025-10-04,0.5858,0.1320,1.1845,0.2804,评分期
2025-10-05,0.7526,0.3247,1.3030,0.3095,评分期
2025-10-06,0.7685,0.3294,1.3468,0.3060,评分期
2025-10-07,0.7658,0.3410,1.3141,0.3099,评分期
2025-10-08,0.7607,0.3700,1.3239,0.3048,评分期
2025-10-09,0.7578,0.3337,1.3793,0.3112,评分期
2025-10-10,0.5595,0.0390,1.1569,0.2869,评分期
2025-10-11,0.5846,0.1550,1.1840,0.2785,评分期
2025-10-12,0.7663,0.3076,1.3451,0.3133,评分期
2025-10-13,0.7647,0.3599,1.3254,0.3140,评分期
2025-10-14,0.7731,0.3194,1.3729,0.3150,评分期
2025-10-15,0.7761,0.3279,1.3505,0.3174,评分期
2025-10-16,0.7822,0.3224,1.3193,0.3208,评分期
2025-10-17,0.5888,0.1661,1.1647,0.2785,评分期
2025-10-18,0.5831,0.1762,1.1522,0.2730,评分期
2025-10-19,0.7894,0.3396,1.3441,0.3234,评分期
2025-10-20,0.7871,0.3284,1.3294,0.3211,评分期
2025-10-21,0.7953,0.3559,1.3281,0.3181,评分期
2025-10-22,0.7930,0.3376,1.3348,0.3235,评分期
2025-10-23,0.7813,0.3637,1.3254,0.3200,评分期
2025-10-24,0.5964,0.1355,1.1463,0.2813,评分期
2025-10-25,0.5985,0.1778,1.1720,0.2790,评分期
2025-10-26,0.7873,0.3661,1.3094,0.3157,评分期
2025-10-27,0.7829,0.3474,1.3209,0.3257,评分期
2025-10-28,0.7931,0.3814,1.3630,0.3207,评分期
2025-10-29,0.8070,0.3617,1.3399,0.3244,评分期
2025-10-30,0.7920,0.3217,1.3188,0.3204,评分期
2025-10-31,0.6177,0.2016,1.1689,0.2815,评分期
2025-11-01,0.6046,0.2088,1.1930,0.2802,评分期
2025-11-02,0.8022,0.3823,1.3248,0.3224,评分期
2025-11-03,0.8055,0.3421,1.3314,0.3229,评分期
2025-11-04,0.7976,0.3595,1.3350,0.3234,评分期
2025-11-05,0.8090,0.3759,1.3280,0.3194,评分期
2025-11-06,0.8151,0.3771,1.3718,0.3220,评分期
2025-11-07,0.6155,0.2158,1.1963,0.2871,评分期
2025-11-08,0.6173,0.2420,1.2197,0.2806,评分期
2025-11-09,0.8103,0.3516,1.3403,0.3267,评分期
2025-11-10,0.8190,0.2992,1.3367,0.3255,评分期
2025-11-11,0.8139,0.3475,1.3296,0.3257,评分期
2025-11-12,0.8124,0.3489,1.3537,0.3297,评分期
2025-11-13,0.8185,0.3456,1.3222,0.3239,评分期
2025-11-14,0.6291,0.2419,1.1899,0.2785,评分期
2025-11-15,0.6288,0.2532,1.1995,0.2733,评分期
2025-11-16,0.8206,0.3594,1.3416,0.3327,评分期
2025-11-17,0.8159,0.3623,1.3437,0.3260,评分期
2025-11-18,0.8219,0.3257,1.3419,0.3231,评分期
2025-11-19,0.8290,0.3761,1.3453,0.3202,评分期
2025-11-20,0.8212,0.3421,1.4244,0.3292,评分期
2025-11-21,0.6326,0.2524,1.1626,0.2782,评分期
2025-11-22,0.6367,0.2376,1.1753,0.2819,评分期
2025-11-23,0.8265,0.3495,1.3460,0.3298,评分期
2025-11-24,0.8211,0.3605,1.3475,0.3267,评分期
2025-11-25,0.8241,0.3452,1.3383,0.3277,评分期
2025-11-26,0.8299,0.2983,1.3677,0.3341,评分期
2025-11-27,0.8286,0.3187,1.3841,0.3306,评分期
2025-11-28,0.6340,0.2408,1.1840,0.2833,评分期
2025-11-29,0.6504,0.2736,1.1734,0.2794,评分期
2025-11-30,0.8396,0.3651,1.3886,0.3352,评分期
2025-12-01,0.9076,0.3610,1.5873,0.3766,评分期
2025-12-02,0.9153,0.3780,1.5840,0.3760,评分期
2025-12-03,0.9120,0.3713,1.5840,0.3739,评分期
2025-12-04,0.9051,0.3853,1.5836,0.3787,评分期
2025-12-05,0.7172,0.2354,1.4106,0.3362,评分期
2025-12-06,0.7272,0.3005,1.4053,0.3300,评分期
2025-12-07,0.9101,0.3908,1.6174,0.3813,评分期
2025-12-08,0.9085,0.3445,1.6698,0.3731,评分期
2025-12-09,0.9058,0.3418,1.5404,0.3864,评分期
2025-12-10,0.9162,0.3834,1.6143,0.3826,评分期
2025-12-11,0.8976,0.3300,1.5835,0.3810,评分期
2025-12-12,0.7238,0.2681,1.4560,0.3325,评分期
2025-12-13,0.7297,0.3133,1.4166,0.3313,评分期
2025-12-14,0.9207,0.3769,1.5687,0.3881,评分期
2025-12-15,0.9144,0.3509,1.5558,0.3814,评分期
2025-12-16,0.9109,0.3715,1.5512,0.3807,评分期
2025-12-17,0.9088,0.3507,1.5634,0.3749,评分期
2025-12-18,0.9095,0.3508,1.5699,0.3839,评分期
2025-12-19,0.7251,0.2621,1.3940,0.3314,评分期
2025-12-20,0.7190,0.2632,1.3841,0.3279,评分期
2025-12-21,0.9101,0.3905,1.5659,0.3796,评分期
2025-12-22,0.9193,0.3709,1.5876,0.3803,评分期
2025-12-23,0.9127,0.3848,1.5836,0.3771,评分期
2025-12-24,0.9083,0.3591,1.5470,0.3816,评分期
2025-12-25,0.9103,0.2502,1.6252,0.3815,评分期
2025-12-26,0.7238,0.2780,1.4434,0.3321,评分期
2025-12-27,0.7212,0.2681,1.4076,0.3380,评分期
2025-12-28,0.9059,0.3477,1.5651,0.3827,评分期
2025-12-29,0.9065,0.3684,1.5396,0.3751,评分期
2025-12-30,0.9005,0.3684,1.5554,0.3800,评分期
2025-12-31,0.9102,0.3518,1.5632,0.3824,评分期
