方法,区间类型,区间,MAE_元每kWh,RMSE_元每kWh,去漂移RMSE_元每kWh,偏差_元每kWh,样本数
昨日水平,总体,校准期（1月）,0.1020,0.1618,0.1618,-0.0048,17856
昨日水平,总体,评分期（2–12月）,0.0959,0.1302,0.1302,-0.0010,192168
昨日水平,总体,全年,0.0964,0.1332,0.1332,-0.0013,210024
七日均值,总体,校准期（1月）,0.0887,0.1427,0.1426,-0.0051,17856
七日均值,总体,评分期（2–12月）,0.0802,0.1040,0.1040,-0.0007,192168
七日均值,总体,全年,0.0809,0.1079,0.1078,-0.0010,210024
AR(1),总体,校准期（1月）,0.0918,0.1473,0.1471,-0.0066,17856
AR(1),总体,评分期（2–12月）,0.0828,0.1091,0.1091,-0.0004,192168
AR(1),总体,全年,0.0836,0.1129,0.1129,-0.0009,210024
净负荷回归,总体,校准期（1月）,0.0824,0.1435,0.1430,-0.0124,17856
净负荷回归,总体,评分期（2–12月）,0.0631,0.0906,0.0906,-0.0005,192168
净负荷回归,总体,全年,0.0648,0.0962,0.0962,-0.0015,210024
AR-X,总体,校准期（1月）,0.0814,0.1424,0.1423,-0.0069,17856
AR-X,总体,评分期（2–12月）,0.0526,0.0721,0.0714,+0.0103,192168
AR-X,总体,全年,0.0551,0.0805,0.0800,+0.0089,210024
昨日水平,月份,2025-01,0.1020,0.1618,0.1618,-0.0048,17856
昨日水平,月份,2025-02,0.0967,0.1314,0.1312,+0.0074,16128
昨日水平,月份,2025-03,0.0905,0.1270,0.1269,-0.0053,17856
昨日水平,月份,2025-04,0.0886,0.1249,0.1249,+0.0007,17280
昨日水平,月份,2025-05,0.0928,0.1258,0.1257,+0.0029,17856
昨日水平,月份,2025-06,0.0981,0.1295,0.1292,-0.0093,17280
昨日水平,月份,2025-07,0.0954,0.1320,0.1319,-0.0029,17856
昨日水平,月份,2025-08,0.1002,0.1359,0.1359,+0.0006,17856
昨日水平,月份,2025-09,0.1038,0.1367,0.1366,+0.0059,17280
昨日水平,月份,2025-10,0.0961,0.1269,0.1268,+0.0055,17856
昨日水平,月份,2025-11,0.0990,0.1324,0.1320,-0.0099,17280
昨日水平,月份,2025-12,0.0939,0.1297,0.1296,-0.0056,17640
七日均值,月份,2025-01,0.0887,0.1427,0.1426,-0.0051,17856
七日均值,月份,2025-02,0.0810,0.1073,0.1062,+0.0156,16128
七日均值,月份,2025-03,0.0736,0.0977,0.0976,+0.0046,17856
七日均值,月份,2025-04,0.0735,0.0969,0.0969,-0.0007,17280
七日均值,月份,2025-05,0.0775,0.0983,0.0982,+0.0030,17856
七日均值,月份,2025-06,0.0812,0.1034,0.1027,-0.0119,17280
七日均值,月份,2025-07,0.0836,0.1102,0.1094,-0.0133,17856
七日均值,月份,2025-08,0.0797,0.1042,0.1037,+0.0094,17856
七日均值,月份,2025-09,0.0888,0.1136,0.1133,+0.0078,17280
七日均值,月份,2025-10,0.0802,0.1005,0.1005,+0.0006,17856
七日均值,月份,2025-11,0.0804,0.1007,0.1006,-0.0053,17280
七日均值,月份,2025-12,0.0830,0.1103,0.1091,-0.0158,17640
AR(1),月份,2025-01,0.0918,0.1473,0.1471,-0.0066,17856
AR(1),月份,2025-02,0.0842,0.1181,0.1117,+0.0382,16128
AR(1),月份,2025-03,0.0721,0.1015,0.1004,+0.0149,17856
AR(1),月份,2025-04,0.0719,0.0997,0.0994,+0.0078,17280
AR(1),月份,2025-05,0.0786,0.1009,0.1008,+0.0030,17856
AR(1),月份,2025-06,0.0864,0.1083,0.1043,-0.0295,17280
AR(1),月份,2025-07,0.0887,0.1147,0.1118,-0.0255,17856
AR(1),月份,2025-08,0.0802,0.1084,0.1073,+0.0151,17856
AR(1),月份,2025-09,0.0923,0.1212,0.1182,+0.0264,17280
AR(1),月份,2025-10,0.0819,0.1026,0.1026,+0.0007,17856
AR(1),月份,2025-11,0.0850,0.1055,0.1040,-0.0176,17280
AR(1),月份,2025-12,0.0902,0.1176,0.1124,-0.0347,17640
净负荷回归,月份,2025-01,0.0824,0.1435,0.1430,-0.0124,17856
净负荷回归,月份,2025-02,0.0658,0.0967,0.0952,+0.0170,16128
净负荷回归,月份,2025-03,0.0558,0.0836,0.0835,-0.0042,17856
净负荷回归,月份,2025-04,0.0556,0.0822,0.0820,-0.0053,17280
净负荷回归,月份,2025-05,0.0597,0.0858,0.0858,-0.0022,17856
净负荷回归,月份,2025-06,0.0628,0.0860,0.0860,+0.0020,17280
净负荷回归,月份,2025-07,0.0702,0.1002,0.0976,-0.0229,17856
净负荷回归,月份,2025-08,0.0615,0.0871,0.0871,-0.0034,17856
净负荷回归,月份,2025-09,0.0766,0.1061,0.1030,+0.0254,17280
净负荷回归,月份,2025-10,0.0614,0.0848,0.0847,+0.0046,17856
净负荷回归,月份,2025-11,0.0615,0.0865,0.0865,+0.0015,17280
净负荷回归,月份,2025-12,0.0640,0.0948,0.0935,-0.0160,17640
AR-X,月份,2025-01,0.0814,0.1424,0.1423,-0.0069,17856
AR-X,月份,2025-02,0.0516,0.0730,0.0713,+0.0155,16128
AR-X,月份,2025-03,0.0498,0.0654,0.0607,+0.0246,17856
AR-X,月份,2025-04,0.0443,0.0587,0.0581,+0.0090,17280
AR-X,月份,2025-05,0.0442,0.0584,0.0584,-0.0004,17856
AR-X,月份,2025-06,0.0519,0.0684,0.0681,+0.0063,17280
AR-X,月份,2025-07,0.0565,0.0793,0.0762,-0.0221,17856
AR-X,月份,2025-08,0.0492,0.0662,0.0662,+0.0023,17856
AR-X,月份,2025-09,0.0659,0.0913,0.0864,+0.0295,17280
AR-X,月份,2025-10,0.0653,0.0864,0.0706,+0.0498,17856
AR-X,月份,2025-11,0.0487,0.0641,0.0625,+0.0143,17280
AR-X,月份,2025-12,0.0513,0.0739,0.0725,-0.0144,17640
昨日水平,时段类型,峰段,0.1119,0.1534,,-0.0147,52536
昨日水平,时段类型,谷段,0.0524,0.0737,,+0.0217,52547
七日均值,时段类型,峰段,0.0982,0.1270,,-0.0145,52536
七日均值,时段类型,谷段,0.0499,0.0717,,+0.0219,52547
AR(1),时段类型,峰段,0.1014,0.1342,,-0.0143,52536
AR(1),时段类型,谷段,0.0511,0.0730,,+0.0218,52547
净负荷回归,时段类型,峰段,0.0727,0.1050,,-0.0147,52536
净负荷回归,时段类型,谷段,0.0347,0.0492,,+0.0221,52547
AR-X,时段类型,峰段,0.0893,0.1278,,+0.0008,52536
AR-X,时段类型,谷段,0.0493,0.0686,,+0.0276,52547
昨日水平,回退记录,2025-01-01 τ=0,no_history→固定正价先验,,,0.5000,0
昨日水平,回退记录,2025-01-01 τ=0,no_history→固定正价先验,,,0.5000,0
昨日水平,回退记录,2025-01-01 τ=6,no_history→固定正价先验,,,0.5000,0
昨日水平,回退记录,2025-01-01 τ=12,no_history→固定正价先验,,,0.5000,0
昨日水平,回退记录,2025-01-01 τ=18,no_history→固定正价先验,,,0.5000,0
七日均值,回退记录,2025-01-01 τ=0,no_history→固定正价先验,,,0.5000,0
七日均值,回退记录,2025-01-01 τ=0,no_history→固定正价先验,,,0.5000,0
七日均值,回退记录,2025-01-01 τ=6,no_history→固定正价先验,,,0.5000,0
七日均值,回退记录,2025-01-01 τ=12,no_history→固定正价先验,,,0.5000,0
七日均值,回退记录,2025-01-01 τ=18,no_history→固定正价先验,,,0.5000,0
AR(1),回退记录,2025-01-01 τ=0,样本不足(0<8)→昨日水平,,,0.5000,0
AR(1),回退记录,2025-01-02 τ=0,样本不足(1<8)→昨日水平,,,0.9265,1
AR(1),回退记录,2025-01-03 τ=0,样本不足(2<8)→昨日水平,,,0.9266,2
AR(1),回退记录,2025-01-04 τ=0,样本不足(3<8)→昨日水平,,,0.7386,3
AR(1),回退记录,2025-01-05 τ=0,样本不足(4<8)→昨日水平,,,0.7303,4
AR(1),回退记录,2025-01-06 τ=0,样本不足(5<8)→昨日水平,,,0.9252,5
AR(1),回退记录,2025-01-07 τ=0,样本不足(6<8)→昨日水平,,,0.9290,6
AR(1),回退记录,2025-01-08 τ=0,样本不足(7<8)→昨日水平,,,0.9234,7
AR(1),回退记录,2025-01-01 τ=0,样本不足(0<8)→昨日水平,,,0.5000,0
AR(1),回退记录,2025-01-01 τ=6,样本不足(0<8)→昨日水平,,,0.5000,0
AR(1),回退记录,2025-01-01 τ=12,样本不足(0<8)→昨日水平,,,0.5000,0
AR(1),回退记录,2025-01-01 τ=18,样本不足(0<8)→昨日水平,,,0.5000,0
AR(1),回退记录,2025-01-02 τ=0,样本不足(1<8)→昨日水平,,,0.9265,1
AR(1),回退记录,2025-01-02 τ=6,样本不足(1<8)→昨日水平,,,0.9265,1
AR(1),回退记录,2025-01-02 τ=12,样本不足(1<8)→昨日水平,,,0.9265,1
AR(1),回退记录,2025-01-02 τ=18,样本不足(1<8)→昨日水平,,,0.9265,1
AR(1),回退记录,2025-01-03 τ=0,样本不足(2<8)→昨日水平,,,0.9266,2
AR(1),回退记录,2025-01-03 τ=6,样本不足(2<8)→昨日水平,,,0.9266,2
AR(1),回退记录,2025-01-03 τ=12,样本不足(2<8)→昨日水平,,,0.9266,2
AR(1),回退记录,2025-01-03 τ=18,样本不足(2<8)→昨日水平,,,0.9266,2
AR(1),回退记录,2025-01-04 τ=0,样本不足(3<8)→昨日水平,,,0.7386,3
AR(1),回退记录,2025-01-04 τ=6,样本不足(3<8)→昨日水平,,,0.7386,3
AR(1),回退记录,2025-01-04 τ=12,样本不足(3<8)→昨日水平,,,0.7386,3
AR(1),回退记录,2025-01-04 τ=18,样本不足(3<8)→昨日水平,,,0.7386,3
AR(1),回退记录,2025-01-05 τ=0,样本不足(4<8)→昨日水平,,,0.7303,4
AR(1),回退记录,2025-01-05 τ=6,样本不足(4<8)→昨日水平,,,0.7303,4
AR(1),回退记录,2025-01-05 τ=12,样本不足(4<8)→昨日水平,,,0.7303,4
AR(1),回退记录,2025-01-05 τ=18,样本不足(4<8)→昨日水平,,,0.7303,4
AR(1),回退记录,2025-01-06 τ=0,样本不足(5<8)→昨日水平,,,0.9252,5
AR(1),回退记录,2025-01-06 τ=6,样本不足(5<8)→昨日水平,,,0.9252,5
AR(1),回退记录,2025-01-06 τ=12,样本不足(5<8)→昨日水平,,,0.9252,5
AR(1),回退记录,2025-01-06 τ=18,样本不足(5<8)→昨日水平,,,0.9252,5
AR(1),回退记录,2025-01-07 τ=0,样本不足(6<8)→昨日水平,,,0.9290,6
AR(1),回退记录,2025-01-07 τ=6,样本不足(6<8)→昨日水平,,,0.9290,6
AR(1),回退记录,2025-01-07 τ=12,样本不足(6<8)→昨日水平,,,0.9290,6
AR(1),回退记录,2025-01-07 τ=18,样本不足(6<8)→昨日水平,,,0.9290,6
AR(1),回退记录,2025-01-08 τ=0,样本不足(7<8)→昨日水平,,,0.9234,7
AR(1),回退记录,2025-01-08 τ=6,样本不足(7<8)→昨日水平,,,0.9234,7
AR(1),回退记录,2025-01-08 τ=12,样本不足(7<8)→昨日水平,,,0.9234,7
AR(1),回退记录,2025-01-08 τ=18,样本不足(7<8)→昨日水平,,,0.9234,7
净负荷回归,回退记录,2025-01-01 τ=0,样本不足(0<8)→昨日水平,,,0.5000,0
净负荷回归,回退记录,2025-01-02 τ=0,样本不足(1<8)→昨日水平,,,0.9265,1
净负荷回归,回退记录,2025-01-03 τ=0,样本不足(2<8)→昨日水平,,,0.9266,2
净负荷回归,回退记录,2025-01-04 τ=0,样本不足(3<8)→昨日水平,,,0.7386,3
净负荷回归,回退记录,2025-01-05 τ=0,样本不足(4<8)→昨日水平,,,0.7303,4
净负荷回归,回退记录,2025-01-06 τ=0,样本不足(5<8)→昨日水平,,,0.9252,5
净负荷回归,回退记录,2025-01-07 τ=0,样本不足(6<8)→昨日水平,,,0.9290,6
净负荷回归,回退记录,2025-01-08 τ=0,样本不足(7<8)→昨日水平,,,0.9234,7
净负荷回归,回退记录,2025-01-01 τ=0,样本不足(0<8)→昨日水平,,,0.5000,0
净负荷回归,回退记录,2025-01-01 τ=6,样本不足(0<8)→昨日水平,,,0.5000,0
净负荷回归,回退记录,2025-01-01 τ=12,样本不足(0<8)→昨日水平,,,0.5000,0
净负荷回归,回退记录,2025-01-01 τ=18,样本不足(0<8)→昨日水平,,,0.5000,0
净负荷回归,回退记录,2025-01-02 τ=0,样本不足(1<8)→昨日水平,,,0.9265,1
净负荷回归,回退记录,2025-01-02 τ=6,样本不足(1<8)→昨日水平,,,0.9265,1
净负荷回归,回退记录,2025-01-02 τ=12,样本不足(1<8)→昨日水平,,,0.9265,1
净负荷回归,回退记录,2025-01-02 τ=18,样本不足(1<8)→昨日水平,,,0.9265,1
净负荷回归,回退记录,2025-01-03 τ=0,样本不足(2<8)→昨日水平,,,0.9266,2
净负荷回归,回退记录,2025-01-03 τ=6,样本不足(2<8)→昨日水平,,,0.9266,2
净负荷回归,回退记录,2025-01-03 τ=12,样本不足(2<8)→昨日水平,,,0.9266,2
净负荷回归,回退记录,2025-01-03 τ=18,样本不足(2<8)→昨日水平,,,0.9266,2
净负荷回归,回退记录,2025-01-04 τ=0,样本不足(3<8)→昨日水平,,,0.7386,3
净负荷回归,回退记录,2025-01-04 τ=6,样本不足(3<8)→昨日水平,,,0.7386,3
净负荷回归,回退记录,2025-01-04 τ=12,样本不足(3<8)→昨日水平,,,0.7386,3
净负荷回归,回退记录,2025-01-04 τ=18,样本不足(3<8)→昨日水平,,,0.7386,3
净负荷回归,回退记录,2025-01-05 τ=0,样本不足(4<8)→昨日水平,,,0.7303,4
净负荷回归,回退记录,2025-01-05 τ=6,样本不足(4<8)→昨日水平,,,0.7303,4
净负荷回归,回退记录,2025-01-05 τ=12,样本不足(4<8)→昨日水平,,,0.7303,4
净负荷回归,回退记录,2025-01-05 τ=18,样本不足(4<8)→昨日水平,,,0.7303,4
净负荷回归,回退记录,2025-01-06 τ=0,样本不足(5<8)→昨日水平,,,0.9252,5
净负荷回归,回退记录,2025-01-06 τ=6,样本不足(5<8)→昨日水平,,,0.9252,5
净负荷回归,回退记录,2025-01-06 τ=12,样本不足(5<8)→昨日水平,,,0.9252,5
净负荷回归,回退记录,2025-01-06 τ=18,样本不足(5<8)→昨日水平,,,0.9252,5
净负荷回归,回退记录,2025-01-07 τ=0,样本不足(6<8)→昨日水平,,,0.9290,6
净负荷回归,回退记录,2025-01-07 τ=6,样本不足(6<8)→昨日水平,,,0.9290,6
净负荷回归,回退记录,2025-01-07 τ=12,样本不足(6<8)→昨日水平,,,0.9290,6
净负荷回归,回退记录,2025-01-07 τ=18,样本不足(6<8)→昨日水平,,,0.9290,6
净负荷回归,回退记录,2025-01-08 τ=0,样本不足(7<8)→昨日水平,,,0.9234,7
净负荷回归,回退记录,2025-01-08 τ=6,样本不足(7<8)→昨日水平,,,0.9234,7
净负荷回归,回退记录,2025-01-08 τ=12,样本不足(7<8)→昨日水平,,,0.9234,7
净负荷回归,回退记录,2025-01-08 τ=18,样本不足(7<8)→昨日水平,,,0.9234,7
AR-X,回退记录,2025-01-01 τ=0,样本不足(0<12)→昨日水平,,,0.5000,0
AR-X,回退记录,2025-01-02 τ=0,样本不足(1<12)→昨日水平,,,0.9265,1
AR-X,回退记录,2025-01-03 τ=0,样本不足(2<12)→昨日水平,,,0.9266,2
AR-X,回退记录,2025-01-04 τ=0,样本不足(3<12)→昨日水平,,,0.7386,3
AR-X,回退记录,2025-01-05 τ=0,样本不足(4<12)→昨日水平,,,0.7303,4
AR-X,回退记录,2025-01-06 τ=0,样本不足(5<12)→昨日水平,,,0.9252,5
AR-X,回退记录,2025-01-07 τ=0,样本不足(6<12)→昨日水平,,,0.9290,6
AR-X,回退记录,2025-01-08 τ=0,样本不足(7<12)→昨日水平,,,0.9234,7
AR-X,回退记录,2025-01-09 τ=0,样本不足(8<12)→昨日水平,,,0.9174,8
AR-X,回退记录,2025-01-10 τ=0,样本不足(9<12)→昨日水平,,,0.9206,9
AR-X,回退记录,2025-01-11 τ=0,样本不足(10<12)→昨日水平,,,0.7293,10
AR-X,回退记录,2025-01-12 τ=0,样本不足(11<12)→昨日水平,,,0.7342,11
AR-X,回退记录,2025-01-01 τ=0,样本不足(0<12)→昨日水平,,,0.5000,0
AR-X,回退记录,2025-01-01 τ=6,样本不足(0<12)→昨日水平,,,0.5000,0
AR-X,回退记录,2025-01-01 τ=12,样本不足(0<12)→昨日水平,,,0.5000,0
AR-X,回退记录,2025-01-01 τ=18,样本不足(0<12)→昨日水平,,,0.5000,0
AR-X,回退记录,2025-01-02 τ=0,样本不足(1<12)→昨日水平,,,0.9265,1
AR-X,回退记录,2025-01-02 τ=6,样本不足(1<12)→昨日水平,,,0.9265,1
AR-X,回退记录,2025-01-02 τ=12,样本不足(1<12)→昨日水平,,,0.9265,1
AR-X,回退记录,2025-01-02 τ=18,样本不足(1<12)→昨日水平,,,0.9265,1
AR-X,回退记录,2025-01-03 τ=0,样本不足(2<12)→昨日水平,,,0.9266,2
AR-X,回退记录,2025-01-03 τ=6,样本不足(2<12)→昨日水平,,,0.9266,2
AR-X,回退记录,2025-01-03 τ=12,样本不足(2<12)→昨日水平,,,0.9266,2
AR-X,回退记录,2025-01-03 τ=18,样本不足(2<12)→昨日水平,,,0.9266,2
AR-X,回退记录,2025-01-04 τ=0,样本不足(3<12)→昨日水平,,,0.7386,3
AR-X,回退记录,2025-01-04 τ=6,样本不足(3<12)→昨日水平,,,0.7386,3
AR-X,回退记录,2025-01-04 τ=12,样本不足(3<12)→昨日水平,,,0.7386,3
AR-X,回退记录,2025-01-04 τ=18,样本不足(3<12)→昨日水平,,,0.7386,3
AR-X,回退记录,2025-01-05 τ=0,样本不足(4<12)→昨日水平,,,0.7303,4
AR-X,回退记录,2025-01-05 τ=6,样本不足(4<12)→昨日水平,,,0.7303,4
AR-X,回退记录,2025-01-05 τ=12,样本不足(4<12)→昨日水平,,,0.7303,4
AR-X,回退记录,2025-01-05 τ=18,样本不足(4<12)→昨日水平,,,0.7303,4
AR-X,回退记录,2025-01-06 τ=0,样本不足(5<12)→昨日水平,,,0.9252,5
AR-X,回退记录,2025-01-06 τ=6,样本不足(5<12)→昨日水平,,,0.9252,5
AR-X,回退记录,2025-01-06 τ=12,样本不足(5<12)→昨日水平,,,0.9252,5
AR-X,回退记录,2025-01-06 τ=18,样本不足(5<12)→昨日水平,,,0.9252,5
AR-X,回退记录,2025-01-07 τ=0,样本不足(6<12)→昨日水平,,,0.9290,6
AR-X,回退记录,2025-01-07 τ=6,样本不足(6<12)→昨日水平,,,0.9290,6
AR-X,回退记录,2025-01-07 τ=12,样本不足(6<12)→昨日水平,,,0.9290,6
AR-X,回退记录,2025-01-07 τ=18,样本不足(6<12)→昨日水平,,,0.9290,6
AR-X,回退记录,2025-01-08 τ=0,样本不足(7<12)→昨日水平,,,0.9234,7
AR-X,回退记录,2025-01-08 τ=6,样本不足(7<12)→昨日水平,,,0.9234,7
AR-X,回退记录,2025-01-08 τ=12,样本不足(7<12)→昨日水平,,,0.9234,7
AR-X,回退记录,2025-01-08 τ=18,样本不足(7<12)→昨日水平,,,0.9234,7
AR-X,回退记录,2025-01-09 τ=0,样本不足(8<12)→昨日水平,,,0.9174,8
AR-X,回退记录,2025-01-09 τ=6,样本不足(8<12)→昨日水平,,,0.9174,8
AR-X,回退记录,2025-01-09 τ=12,样本不足(8<12)→昨日水平,,,0.9174,8
AR-X,回退记录,2025-01-09 τ=18,样本不足(8<12)→昨日水平,,,0.9174,8
AR-X,回退记录,2025-01-10 τ=0,样本不足(9<12)→昨日水平,,,0.9206,9
AR-X,回退记录,2025-01-10 τ=6,样本不足(9<12)→昨日水平,,,0.9206,9
AR-X,回退记录,2025-01-10 τ=12,样本不足(9<12)→昨日水平,,,0.9206,9
AR-X,回退记录,2025-01-10 τ=18,样本不足(9<12)→昨日水平,,,0.9206,9
AR-X,回退记录,2025-01-11 τ=0,样本不足(10<12)→昨日水平,,,0.7293,10
AR-X,回退记录,2025-01-11 τ=6,样本不足(10<12)→昨日水平,,,0.7293,10
AR-X,回退记录,2025-01-11 τ=12,样本不足(10<12)→昨日水平,,,0.7293,10
AR-X,回退记录,2025-01-11 τ=18,样本不足(10<12)→昨日水平,,,0.7293,10
AR-X,回退记录,2025-01-12 τ=0,样本不足(11<12)→昨日水平,,,0.7342,11
AR-X,回退记录,2025-01-12 τ=6,样本不足(11<12)→昨日水平,,,0.7342,11
AR-X,回退记录,2025-01-12 τ=12,样本不足(11<12)→昨日水平,,,0.7342,11
AR-X,回退记录,2025-01-12 τ=18,样本不足(11<12)→昨日水平,,,0.7342,11
